OBJItemCode,所属电站,NHQ曲线编码,X,Y,Z
0001,乌东德,91100501,298.6974,20.04904443,90
0001,乌东德,91100501,307.7406,21.00470981,90
0001,乌东德,91100501,316.97,21.96037519,90
0001,乌东德,91100501,405.0611,31.03919633,90
0001,乌东德,91100501,415.2467,31.99486171,90
0001,乌东德,91100501,437.5338,34.02565065,90
0001,乌东德,91100501,448.4308,34.98131603,90
0001,乌东德,91100501,586.0276,47.04659149,90
0001,乌东德,91100501,597.5863,48.00225687,90
0001,乌东德,91100501,206.6488,10.97022329,95.00641849
0001,乌东德,91100501,215.7589,12.04534685,95.00641849
0001,乌东德,91100501,291.6552,21.00470981,95.00641849
0001,乌东德,91100501,299.4374,21.96037519,95.00641849
0001,乌东德,91100501,309.0986,23.03549875,95.00641849
0001,乌东德,91100501,317.7417,23.99116413,95.00641849
0001,乌东德,91100501,336.1758,26.02195307,95.00641849
0001,乌东德,91100501,345.0149,26.97761845,95.00641849
0001,乌东德,91100501,400.2989,32.95052709,95.00641849
0001,乌东德,91100501,411.7577,34.02565065,95.00641849
0001,乌东德,91100501,421.838,34.98131603,95.00641849
0001,乌东德,91100501,432.7545,36.05643959,95.00641849
0001,乌东德,91100501,472.8406,39.99855929,95.00641849
0001,乌东德,91100501,482.7443,40.95422467,95.00641849
0001,乌东德,91100501,493.862,42.02934823,95.00641849
0001,乌东德,91100501,503.617,42.98501361,95.00641849
0001,乌东德,91100501,515.113,43.94067899,95.00641849
0001,乌东德,91100501,550.6546,47.04659149,95.00641849
0001,乌东德,91100501,560.4772,48.00225687,95.00641849
0001,乌东德,91100501,601.4106,51.94437657,95.00641849
0001,乌东德,91100501,617.0736,53.01950013,95.00641849
0001,乌东德,91100501,646.7095,55.05028907,95.00641849
0001,乌东德,91100501,660.8514,56.00595445,95.00641849
0001,乌东德,91100501,690.4051,58.03674339,95.00641849
0001,乌东德,91100501,702.8427,58.99240877,95.00641849
0001,乌东德,91100501,192.7648,10.01455791,100.012837
0001,乌东德,91100501,197.4439,10.97022329,100.012837
0001,乌东德,91100501,204.6864,12.04534685,100.012837
0001,乌东德,91100501,212.7842,13.00101223,100.012837
0001,乌东德,91100501,220.6841,13.95667761,100.012837
0001,乌东德,91100501,229.439,15.03180117,100.012837
0001,乌东德,91100501,302.6621,23.99116413,100.012837
0001,乌东德,91100501,311.3051,24.94682951,100.012837
0001,乌东德,91100501,339.0177,28.05274201,100.012837
0001,乌东德,91100501,347.2538,29.00840739,100.012837
0001,乌东德,91100501,409.6142,36.05643959,100.012837
0001,乌东德,91100501,419.5179,37.01210497,100.012837
0001,乌东德,91100501,439.6803,39.04289391,100.012837
0001,乌东德,91100501,448.6361,39.99855929,100.012837
0001,乌东德,91100501,505.4071,45.97146793,100.012837
0001,乌东德,91100501,516.9484,47.04659149,100.012837
0001,乌东德,91100501,526.6523,48.00225687,100.012837
0001,乌东德,91100501,611.547,56.00595445,100.012837
0001,乌东德,91100501,625.5124,56.96161983,100.012837
0001,乌东德,91100501,638.9495,58.03674339,100.012837
0001,乌东德,91100501,702.0038,63.05398665,100.012837
0001,乌东德,91100501,716.4572,64.00965203,100.012837
0001,乌东德,91100501,186.3669,10.01455791,105.0192555
0001,乌东德,91100501,191.046,10.97022329,105.0192555
0001,乌东德,91100501,196.1386,12.04534685,105.0192555
0001,乌东德,91100501,200.4187,13.00101223,105.0192555
0001,乌东德,91100501,208.1286,13.95667761,105.0192555
0001,乌东德,91100501,305.6514,26.02195307,105.0192555
0001,乌东德,91100501,313.8337,26.97761845,105.0192555
0001,乌东德,91100501,339.4924,29.96407277,105.0192555
0001,乌东德,91100501,374.4608,34.02565065,105.0192555
0001,乌东德,91100501,382.1888,34.98131603,105.0192555
0001,乌东德,91100501,407.5592,37.96777035,105.0192555
0001,乌东德,91100501,417.9272,39.04289391,105.0192555
0001,乌东德,91100501,455.4027,42.98501361,105.0192555
0001,乌东德,91100501,463.8055,43.94067899,105.0192555
0001,乌东德,91100501,508.9864,48.95792225,105.0192555
0001,乌东德,91100501,519.712,50.03304581,105.0192555
0001,乌东德,91100501,569.029,55.05028907,105.0192555
0001,乌东德,91100501,577.8005,56.00595445,105.0192555
0001,乌东德,91100501,607.3315,58.99240877,105.0192555
0001,乌东德,91100501,619.6718,59.94807415,105.0192555
0001,乌东德,91100501,670.1888,64.00965203,105.0192555
0001,乌东德,91100501,680.3608,64.96531741,105.0192555
0001,乌东德,91100501,702.8237,66.99610635,105.0192555
0001,乌东德,91100501,717.3572,67.95177173,105.0192555
0001,乌东德,91100501,747.7811,69.98256067,105.0192555
0001,乌东德,91100501,761.6477,71.05768423,105.0192555
0001,乌东德,91100501,798.4872,74.04413855,105.0192555
0001,乌东德,91100501,175.29,9.058892527,110.0256739
0001,乌东德,91100501,179.969,10.01455791,110.0256739
0001,乌东德,91100501,184.572,10.97022329,110.0256739
0001,乌东德,91100501,189.8351,12.04534685,110.0256739
0001,乌东德,91100501,194.675,13.00101223,110.0256739
0001,乌东德,91100501,207.527,15.03180117,110.0256739
0001,乌东德,91100501,214.9731,15.98746655,110.0256739
0001,乌东德,91100501,300.6362,26.97761845,110.0256739
0001,乌东德,91100501,309.9286,28.05274201,110.0256739
0001,乌东德,91100501,318.1188,29.00840739,110.0256739
0001,乌东德,91100501,325.8468,29.96407277,110.0256739
0001,乌东德,91100501,366.4496,34.98131603,110.0256739
0001,乌东德,91100501,375.2886,36.05643959,110.0256739
0001,乌东德,91100501,390.7836,37.96777035,110.0256739
0001,乌东德,91100501,399.0448,39.04289391,110.0256739
0001,乌东德,91100501,407.2816,39.99855929,110.0256739
0001,乌东德,91100501,415.6521,40.95422467,110.0256739
0001,乌东德,91100501,495.1938,50.03304581,110.0256739
0001,乌东德,91100501,503.4132,50.98871119,110.0256739
0001,乌东德,91100501,511.9911,51.94437657,110.0256739
0001,乌东德,91100501,521.8039,53.01950013,110.0256739
0001,乌东德,91100501,530.5753,53.97516551,110.0256739
0001,乌东德,91100501,605.6783,61.97886309,110.0256739
0001,乌东德,91100501,618.9948,63.05398665,110.0256739
0001,乌东德,91100501,629.1667,64.00965203,110.0256739
0001,乌东德,91100501,671.2692,67.95177173,110.0256739
0001,乌东德,91100501,683.2842,69.02689529,110.0256739
0001,乌东德,91100501,693.5443,69.98256067,110.0256739
0001,乌东德,91100501,705.4357,71.05768423,110.0256739
0001,乌东德,91100501,717.8225,72.01334961,110.0256739
0001,乌东德,91100501,782.9368,77.03059287,110.0256739
0001,乌东德,91100501,168.8921,9.058892527,115.0320924
0001,乌东德,91100501,173.5642,10.01455791,115.0320924
0001,乌东德,91100501,178.1362,10.97022329,115.0320924
0001,乌东德,91100501,183.5812,12.04534685,115.0320924
0001,乌东德,91100501,188.4774,13.00101223,115.0320924
0001,乌东德,91100501,194.0446,13.95667761,115.0320924
0001,乌东德,91100501,200.3894,15.03180117,115.0320924
0001,乌东德,91100501,207.4342,15.98746655,115.0320924
0001,乌东德,91100501,288.722,26.97761845,115.0320924
0001,乌东德,91100501,297.0999,28.05274201,115.0320924
0001,乌东德,91100501,304.7971,29.00840739,115.0320924
0001,乌东德,91100501,312.654,29.96407277,115.0320924
0001,乌东德,91100501,321.0593,31.03919633,115.0320924
0001,乌东德,91100501,328.4026,31.99486171,115.0320924
0001,乌东德,91100501,406.4164,42.02934823,115.0320924
0001,乌东德,91100501,414.9828,42.98501361,115.0320924
0001,乌东德,91100501,459.1188,48.00225687,115.0320924
0001,乌东德,91100501,466.714,48.95792225,115.0320924
0001,乌东德,91100501,507.4412,53.97516551,115.0320924
0001,乌东德,91100501,517.0914,55.05028907,115.0320924
0001,乌东德,91100501,560.8024,59.94807415,115.0320924
0001,乌东德,91100501,569.8771,61.02319771,115.0320924
0001,乌东德,91100501,604.1721,64.96531741,115.0320924
0001,乌东德,91100501,616.1871,66.04044097,115.0320924
0001,乌东德,91100501,637.1302,67.95177173,115.0320924
0001,乌东德,91100501,647.7145,69.02689529,115.0320924
0001,乌东德,91100501,708.5791,74.99980393,115.0320924
0001,乌东德,91100501,720.9659,75.95546931,115.0320924
0001,乌东德,91100501,734.4294,77.03059287,115.0320924
0001,乌东德,91100501,745.4904,77.98625825,115.0320924
0001,乌东德,91100501,157.2302,7.983768972,120.0385109
0001,乌东德,91100501,162.4942,9.058892527,120.0385109
0001,乌东德,91100501,167.0423,10.01455791,120.0385109
0001,乌东德,91100501,171.8823,10.97022329,120.0385109
0001,乌东德,91100501,177.4335,12.04534685,120.0385109
0001,乌东德,91100501,183.0007,13.00101223,120.0385109
0001,乌东德,91100501,200.5041,15.98746655,120.0385109
0001,乌东德,91100501,207.5489,16.94313193,120.0385109
0001,乌东德,91100501,266.3328,24.94682951,120.0385109
0001,乌东德,91100501,273.6596,26.02195307,120.0385109
0001,乌东德,91100501,300.5976,29.96407277,120.0385109
0001,乌东德,91100501,308.9489,31.03919633,120.0385109
0001,乌东德,91100501,316.1001,31.99486171,120.0385109
0001,乌东德,91100501,406.5154,43.94067899,120.0385109
0001,乌东德,91100501,415.2155,45.01580255,120.0385109
0001,乌东德,91100501,422.8106,45.97146793,120.0385109
0001,乌东德,91100501,455.1466,50.03304581,120.0385109
0001,乌东德,91100501,462.8798,50.98871119,120.0385109
0001,乌东德,91100501,495.3343,55.05028907,120.0385109
0001,乌东德,91100501,502.9301,56.00595445,120.0385109
0001,乌东德,91100501,511.0941,56.96161983,120.0385109
0001,乌东德,91100501,579.4316,64.96531741,120.0385109
0001,乌东德,91100501,588.2947,66.04044097,120.0385109
0001,乌东德,91100501,595.5605,66.99610635,120.0385109
0001,乌东德,91100501,603.5836,67.95177173,120.0385109
0001,乌东德,91100501,613.9473,69.02689529,120.0385109
0001,乌东德,91100501,700.642,77.98625825,120.0385109
0001,乌东德,91100501,711.2615,78.94192363,120.0385109
0001,乌东德,91100501,723.246,80.01704719,120.0385109
0001,乌东德,91100501,789.1636,85.98995583,120.0385109
0001,乌东德,91100501,150.8323,7.983768972,125.0449294
0001,乌东德,91100501,156.0188,9.058892527,125.0449294
0001,乌东德,91100501,160.7884,10.01455791,125.0449294
0001,乌东德,91100501,165.6937,10.97022329,125.0449294
0001,乌东德,91100501,171.9569,12.04534685,125.0449294
0001,乌东德,91100501,200.6188,16.94313193,125.0449294
0001,乌东德,91100501,208.5442,18.01825549,125.0449294
0001,乌东德,91100501,223.1024,20.04904443,125.0449294
0001,乌东德,91100501,229.6151,21.00470981,125.0449294
0001,乌东德,91100501,236.0529,21.96037519,125.0449294
0001,乌东德,91100501,303.9096,31.99486171,125.0449294
0001,乌东德,91100501,311.044,32.95052709,125.0449294
0001,乌东德,91100501,318.9709,34.02565065,125.0449294
0001,乌东德,91100501,325.9668,34.98131603,125.0449294
0001,乌东德,91100501,407.0965,45.97146793,125.0449294
0001,乌东德,91100501,415.7964,47.04659149,125.0449294
0001,乌东德,91100501,423.312,48.00225687,125.0449294
0001,乌东德,91100501,430.5896,48.95792225,125.0449294
0001,乌东德,91100501,507.8571,58.99240877,125.0449294
0001,乌东德,91100501,525.0953,61.02319771,125.0449294
0001,乌东德,91100501,557.7443,64.96531741,125.0449294
0001,乌东德,91100501,565.9185,66.04044097,125.0449294
0001,乌东德,91100501,605.153,71.05768423,125.0449294
0001,乌东德,91100501,614.3652,72.01334961,125.0449294
0001,乌东德,91100501,661.6736,77.03059287,125.0449294
0001,乌东德,91100501,695.7651,80.97271257,125.0449294
0001,乌东德,91100501,706.772,82.04783613,125.0449294
0001,乌东德,91100501,717.6904,83.00350151,125.0449294
0001,乌东德,91100501,727.9638,83.95916689,125.0449294
0001,乌东德,91100501,739.1965,85.03429045,125.0449294
0001,乌东德,91100501,780.4387,88.97641015,125.0449294
0001,乌东德,91100501,791.7762,90.0515337,125.0449294
0001,乌东德,91100501,800,91.00719909,125.0449294
0001,乌东德,91100501,144.4344,7.983768972,130.0513479
0001,乌东德,91100501,149.6946,9.058892527,130.0513479
0001,乌东德,91100501,154.6499,10.01455791,130.0513479
0001,乌东德,91100501,160.2171,10.97022329,130.0513479
0001,乌东德,91100501,195.1286,16.94313193,130.0513479
0001,乌东德,91100501,201.7287,18.01825549,130.0513479
0001,乌东德,91100501,208.2365,18.97392087,130.0513479
0001,乌东德,91100501,262.7064,26.97761845,130.0513479
0001,乌东德,91100501,269.4423,28.05274201,130.0513479
0001,乌东德,91100501,300.149,32.95052709,130.0513479
0001,乌东德,91100501,307.9806,34.02565065,130.0513479
0001,乌东德,91100501,351.2142,39.99855929,130.0513479
0001,乌东德,91100501,357.8773,40.95422467,130.0513479
0001,乌东德,91100501,400.3889,47.04659149,130.0513479
0001,乌东德,91100501,407.6964,48.00225687,130.0513479
0001,乌东德,91100501,445.6057,53.01950013,130.0513479
0001,乌东德,91100501,504.166,61.02319771,130.0513479
0001,乌东德,91100501,512.2647,61.97886309,130.0513479
0001,乌东德,91100501,520.8364,63.05398665,130.0513479
0001,乌东德,91100501,528.1022,64.00965203,130.0513479
0001,乌东德,91100501,605.3267,74.04413855,130.0513479
0001,乌东德,91100501,613.6424,74.99980393,130.0513479
0001,乌东德,91100501,621.8972,75.95546931,130.0513479
0001,乌东德,91100501,700.3886,85.03429045,130.0513479
0001,乌东德,91100501,710.4646,85.98995583,130.0513479
0001,乌东德,91100501,719.9385,86.94562121,130.0513479
0001,乌东德,91100501,731.09,88.02074477,130.0513479
0001,乌东德,91100501,782.8657,93.03798803,130.0513479
0001,乌东德,91100501,791.6628,93.99365341,130.0513479
0001,乌东德,91100501,800,94.94931879,130.0513479
0001,乌东德,91100501,133.3574,7.028103589,135.0577664
0001,乌东德,91100501,137.9957,7.983768972,135.0577664
0001,乌东德,91100501,143.606,9.058892527,135.0577664
0001,乌东德,91100501,149.1732,10.01455791,135.0577664
0001,乌东德,91100501,172.1809,13.95667761,135.0577664
0001,乌东德,91100501,178.558,15.03180117,135.0577664
0001,乌东德,91100501,202.228,18.97392087,135.0577664
0001,乌东德,91100501,209.5493,20.04904443,135.0577664
0001,乌东德,91100501,222.2671,21.96037519,135.0577664
0001,乌东德,91100501,229.003,23.03549875,135.0577664
0001,乌东德,91100501,253.8284,26.97761845,135.0577664
0001,乌东德,91100501,260.8852,28.05274201,135.0577664
0001,乌东德,91100501,280.0097,31.03919633,135.0577664
0001,乌东德,91100501,285.8306,31.99486171,135.0577664
0001,乌东德,91100501,304.6201,34.98131603,135.0577664
0001,乌东德,91100501,312.1445,36.05643959,135.0577664
0001,乌东德,91100501,381.1538,45.97146793,135.0577664
0001,乌东德,91100501,388.0477,47.04659149,135.0577664
0001,乌东德,91100501,400.3431,48.95792225,135.0577664
0001,乌东德,91100501,408.1375,50.03304581,135.0577664
0001,乌东德,91100501,472.7631,58.99240877,135.0577664
0001,乌东德,91100501,500.8543,63.05398665,135.0577664
0001,乌东德,91100501,508.2493,64.00965203,135.0577664
0001,乌东德,91100501,569.5224,72.01334961,135.0577664
0001,乌东德,91100501,576.1942,72.96901499,135.0577664
0001,乌东德,91100501,605.6197,77.03059287,135.0577664
0001,乌东德,91100501,613.8613,77.98625825,135.0577664
0001,乌东德,91100501,674.2214,85.03429045,135.0577664
0001,乌东德,91100501,681.5781,85.98995583,135.0577664
0001,乌东德,91100501,706.1547,88.97641015,135.0577664
0001,乌东德,91100501,717.3063,90.0515337,135.0577664
0001,乌东德,91100501,736.682,91.96286447,135.0577664
0001,乌东德,91100501,746.5787,93.03798803,135.0577664
0001,乌东德,91100501,127.0744,7.028103589,139.9358152
0001,乌东德,91100501,132.0067,7.983768972,139.9358152
0001,乌东德,91100501,138.2698,9.058892527,139.9358152
0001,乌东德,91100501,155.7444,12.04534685,139.9358152
0001,乌东德,91100501,161.4129,13.00101223,139.9358152
0001,乌东德,91100501,184.878,16.94313193,139.9358152
0001,乌东德,91100501,191.6494,18.01825549,139.9358152
0001,乌东德,91100501,204.6269,20.04904443,139.9358152
0001,乌东德,91100501,210.8996,21.00470981,139.9358152
0001,乌东德,91100501,216.8405,21.96037519,139.9358152
0001,乌东德,91100501,223.389,23.03549875,139.9358152
0001,乌东德,91100501,303.1007,36.05643959,139.9358152
0001,乌东德,91100501,309.7891,37.01210497,139.9358152
0001,乌东德,91100501,336.9972,40.95422467,139.9358152
0001,乌东德,91100501,343.8911,42.02934823,139.9358152
0001,乌东德,91100501,401.5151,50.98871119,139.9358152
0001,乌东德,91100501,408.3093,51.94437657,139.9358152
0001,乌东德,91100501,415.7205,53.01950013,139.9358152
0001,乌东德,91100501,506.15,66.04044097,139.9358152
0001,乌东德,91100501,513.545,66.99610635,139.9358152
0001,乌东德,91100501,528.8743,69.02689529,139.9358152
0001,乌东德,91100501,535.5461,69.98256067,139.9358152
0001,乌东德,91100501,606.9174,80.01704719,139.9358152
0001,乌东德,91100501,615.159,80.97271257,139.9358152
0001,乌东德,91100501,640.7455,83.95916689,139.9358152
0001,乌东德,91100501,649.0218,85.03429045,139.9358152
0001,乌东德,91100501,687.5924,90.0515337,139.9358152
0001,乌东德,91100501,702.6944,91.96286447,139.9358152
0001,乌东德,91100501,712.8256,93.03798803,139.9358152
0001,乌东德,91100501,749.5591,96.98010773,139.9358152
0001,乌东德,91100501,759.0151,98.05523128,139.9358152
0001,乌东德,91100501,115.4617,5.952980034,144.9422336
0001,乌东德,91100501,120.9628,7.028103589,144.9422336
0001,乌东德,91100501,126.53,7.983768972,144.9422336
0001,乌东德,91100501,138.4652,10.01455791,144.9422336
0001,乌东德,91100501,156.3819,13.00101223,144.9422336
0001,乌东德,91100501,162.4009,13.95667761,144.9422336
0001,乌东德,91100501,169.1413,15.03180117,144.9422336
0001,乌东德,91100501,174.9227,15.98746655,144.9422336
0001,乌东德,91100501,205.2298,21.00470981,144.9422336
0001,乌东德,91100501,283.2914,34.02565065,144.9422336
0001,乌东德,91100501,288.7111,34.98131603,144.9422336
0001,乌东德,91100501,300.2627,37.01210497,144.9422336
0001,乌东德,91100501,306.5109,37.96777035,144.9422336
0001,乌东德,91100501,352.2971,45.01580255,144.9422336
0001,乌东德,91100501,358.1867,45.97146793,144.9422336
0001,乌东德,91100501,401.7883,53.01950013,144.9422336
0001,乌东德,91100501,408.2815,53.97516551,144.9422336
0001,乌东德,91100501,462.6839,61.97886309,144.9422336
0001,乌东德,91100501,470.0668,63.05398665,144.9422336
0001,乌东德,91100501,490.0409,66.04044097,144.9422336
0001,乌东德,91100501,496.0686,66.99610635,144.9422336
0001,乌东德,91100501,502.2732,67.95177173,144.9422336
0001,乌东德,91100501,509.6266,69.02689529,144.9422336
0001,乌东德,91100501,564.4306,77.03059287,144.9422336
0001,乌东德,91100501,571.1024,77.98625825,144.9422336
0001,乌东德,91100501,607.5259,83.00350151,144.9422336
0001,乌东德,91100501,614.8819,83.95916689,144.9422336
0001,乌东德,91100501,623.0889,85.03429045,144.9422336
0001,乌东德,91100501,708.1068,96.02444235,144.9422336
0001,乌东德,91100501,716.5941,96.98010773,144.9422336
0001,乌东德,91100501,769.4206,102.9530164,144.9422336
0001,乌东德,91100501,778.3015,104.0281399,144.9422336
0001,乌东德,91100501,109.223,5.952980034,149.9486521
0001,乌东德,91100501,115.5174,7.028103589,149.9486521
0001,乌东德,91100501,121.1859,7.983768972,149.9486521
0001,乌东德,91100501,127.8858,9.058892527,149.9486521
0001,乌东德,91100501,133.7065,10.01455791,149.9486521
0001,乌东德,91100501,139.4879,10.97022329,149.9486521
0001,乌东德,91100501,205.8861,21.96037519,149.9486521
0001,乌东德,91100501,223.6184,24.94682951,149.9486521
0001,乌东德,91100501,229.7155,26.02195307,149.9486521
0001,乌东德,91100501,269.0939,32.95052709,149.9486521
0001,乌东德,91100501,275.3139,34.02565065,149.9486521
0001,乌东德,91100501,297.8678,37.96777035,149.9486521
0001,乌东德,91100501,304.2988,39.04289391,149.9486521
0001,乌东德,91100501,310.2776,39.99855929,149.9486521
0001,乌东德,91100501,384.5554,51.94437657,149.9486521
0001,乌东德,91100501,390.6716,53.01950013,149.9486521
0001,乌东德,91100501,402.6852,55.05028907,149.9486521
0001,乌东德,91100501,409.2477,56.00595445,149.9486521
0001,乌东德,91100501,443.2948,61.02319771,149.9486521
0001,乌东德,91100501,449.3226,61.97886309,149.9486521
0001,乌东德,91100501,481.0853,66.99610635,149.9486521
0001,乌东德,91100501,487.3492,67.95177173,149.9486521
0001,乌东德,91100501,493.9493,69.02689529,149.9486521
0001,乌东德,91100501,499.7518,69.98256067,149.9486521
0001,乌东德,91100501,507.0632,71.05768423,149.9486521
0001,乌东德,91100501,513.5897,72.01334961,149.9486521
0001,乌东德,91100501,540.5513,75.95546931,149.9486521
0001,乌东德,91100501,575.0773,80.97271257,149.9486521
0001,乌东德,91100501,581.9313,82.04783613,149.9486521
0001,乌东德,91100501,587.7745,83.00350151,149.9486521
0001,乌东德,91100501,600.2292,85.03429045,149.9486521
0001,乌东德,91100501,607.2279,85.98995583,149.9486521
0001,乌东德,91100501,688.0254,96.98010773,149.9486521
0001,乌东德,91100501,704.1008,99.01089667,149.9486521
0001,乌东德,91100501,712.4532,99.96656205,149.9486521
0001,乌东德,91100501,721.3539,101.0416856,149.9486521
0001,乌东德,91100501,729.4636,101.997351,149.9486521
0001,乌东德,91100501,755.0439,104.9838053,149.9486521
0001,乌东德,91100501,764.5626,106.0589289,149.9486521
0001,乌东德,91100501,772.9102,107.0145942,149.9486521
0001,乌东德,91100501,104.6301,5.952980034,154.9550706
0001,乌东德,91100501,110.9012,7.028103589,154.9550706
0001,乌东德,91100501,123.0081,9.058892527,154.9550706
0001,乌东德,91100501,201.1189,21.96037519,154.9550706
0001,乌东德,91100501,207.3389,23.03549875,154.9550706
0001,乌东德,91100501,258.9389,31.99486171,154.9550706
0001,乌东德,91100501,264.1907,32.95052709,154.9550706
0001,乌东德,91100501,303.3274,39.99855929,154.9550706
0001,乌东德,91100501,309.3062,40.95422467,154.9550706
0001,乌东德,91100501,340.2871,45.97146793,154.9550706
0001,乌东德,91100501,346.4033,47.04659149,154.9550706
0001,乌东德,91100501,385.851,53.97516551,154.9550706
0001,乌东德,91100501,392.2197,55.05028907,154.9550706
0001,乌东德,91100501,397.4525,56.00595445,154.9550706
0001,乌东德,91100501,403.1975,56.96161983,154.9550706
0001,乌东德,91100501,410.2443,58.03674339,154.9550706
0001,乌东德,91100501,442.8977,63.05398665,154.9550706
0001,乌东德,91100501,448.7002,64.00965203,154.9550706
0001,乌东德,91100501,466.8988,66.99610635,154.9550706
0001,乌东德,91100501,503.9261,72.96901499,154.9550706
0001,乌东德,91100501,511.3336,74.04413855,154.9550706
0001,乌东德,91100501,531.8719,77.03059287,154.9550706
0001,乌东德,91100501,551.9787,80.01704719,154.9550706
0001,乌东德,91100501,557.8219,80.97271257,154.9550706
0001,乌东德,91100501,601.0968,88.02074477,154.9550706
0001,乌东德,91100501,608.0955,88.97641015,154.9550706
0001,乌东德,91100501,673.7762,98.05523128,154.9550706
0001,乌东德,91100501,679.9908,99.01089667,154.9550706
0001,乌东德,91100501,686.2388,99.96656205,154.9550706
0001,乌东德,91100501,693.5436,101.0416856,154.9550706
0001,乌东德,91100501,708.5089,102.9530164,154.9550706
0001,乌东德,91100501,735.752,106.0589289,154.9550706
0001,乌东德,91100501,743.8914,107.0145942,154.9550706
0001,乌东德,91100501,102.4148,5.952980034,159.9614891
0001,乌东德,91100501,108.686,7.028103589,159.9614891
0001,乌东德,91100501,178.4786,18.97392087,159.9614891
0001,乌东德,91100501,184.9922,20.04904443,159.9614891
0001,乌东德,91100501,202.9466,23.03549875,159.9614891
0001,乌东德,91100501,208.4755,23.99116413,159.9614891
0001,乌东德,91100501,220.01,26.02195307,159.9614891
0001,乌东德,91100501,225.2618,26.97761845,159.9614891
0001,乌东德,91100501,275.2361,36.05643959,159.9614891
0001,乌东德,91100501,280.5804,37.01210497,159.9614891
0001,乌东德,91100501,291.8405,39.04289391,159.9614891
0001,乌东德,91100501,296.9323,39.99855929,159.9614891
0001,乌东德,91100501,302.2504,40.95422467,159.9614891
0001,乌东德,91100501,308.6191,42.02934823,159.9614891
0001,乌东德,91100501,343.8041,48.00225687,159.9614891
0001,乌东德,91100501,349.0079,48.95792225,159.9614891
0001,乌东德,91100501,387.4507,56.00595445,159.9614891
0001,乌东德,91100501,404.4092,58.99240877,159.9614891
0001,乌东德,91100501,410.3287,59.94807415,159.9614891
0001,乌东德,91100501,466.637,69.02689529,159.9614891
0001,乌东德,91100501,472.6857,69.98256067,159.9614891
0001,乌东德,91100501,479.3275,71.05768423,159.9614891
0001,乌东德,91100501,484.6898,72.01334961,159.9614891
0001,乌东德,91100501,501.7674,74.99980393,159.9614891
0001,乌东德,91100501,508.3178,75.95546931,159.9614891
0001,乌东德,91100501,522.0261,77.98625825,159.9614891
0001,乌东德,91100501,527.8693,78.94192363,159.9614891
0001,乌东德,91100501,601.9644,91.00719909,159.9614891
0001,乌东德,91100501,608.9631,91.96286447,159.9614891
0001,乌东德,91100501,630.4118,94.94931879,159.9614891
0001,乌东德,91100501,637.5411,96.02444235,159.9614891
0001,乌东德,91100501,644.0342,96.98010773,159.9614891
0001,乌东德,91100501,678.0341,101.997351,159.9614891
0001,乌东德,91100501,706.7332,106.0589289,159.9614891
0001,乌东德,91100501,714.8726,107.0145942,159.9614891
0001,乌东德,91100501,100.1996,5.952980034,164.9679076
0001,乌东德,91100501,106.4707,7.028103589,164.9679076
0001,乌东德,91100501,153.106,15.03180117,164.9679076
0001,乌东德,91100501,158.608,15.98746655,164.9679076
0001,乌东德,91100501,204.5531,23.99116413,164.9679076
0001,乌东德,91100501,209.8973,24.94682951,164.9679076
0001,乌东德,91100501,232.5593,29.00840739,164.9679076
0001,乌东德,91100501,237.6511,29.96407277,164.9679076
0001,乌东德,91100501,280.3411,37.96777035,164.9679076
0001,乌东德,91100501,302.2205,42.02934823,164.9679076
0001,乌东德,91100501,307.5125,42.98501361,164.9679076
0001,乌东德,91100501,379.4781,56.00595445,164.9679076
0001,乌东德,91100501,400.9174,59.94807415,164.9679076
0001,乌东德,91100501,407.7223,61.02319771,164.9679076
0001,乌东德,91100501,426.5316,64.00965203,164.9679076
0001,乌东德,91100501,431.8938,64.96531741,164.9679076
0001,乌东德,91100501,466.2294,71.05768423,164.9679076
0001,乌东德,91100501,471.8345,72.01334961,164.9679076
0001,乌东德,91100501,489.0582,74.99980393,164.9679076
0001,乌东德,91100501,494.2261,75.95546931,164.9679076
0001,乌东德,91100501,505.8983,77.98625825,164.9679076
0001,乌东德,91100501,585.7469,91.00719909,164.9679076
0001,乌东德,91100501,591.3438,91.96286447,164.9679076
0001,乌东德,91100501,597.0761,93.03798803,164.9679076
0001,乌东德,91100501,602.726,93.99365341,164.9679076
0001,乌东德,91100501,609.1224,94.94931879,164.9679076
0001,乌东德,91100501,689.921,107.0145942,164.9679076
0001,乌东德,91100501,100,5.952980034,169.9743261
0001,乌东德,91100501,104.678,7.028103589,169.9743261
0001,乌东德,91100501,110.1839,7.983768972,169.9743261
0001,乌东德,91100501,184.9354,21.00470981,169.9743261
0001,乌东德,91100501,190.1451,21.96037519,169.9743261
0001,乌东德,91100501,201.1931,23.99116413,169.9743261
0001,乌东德,91100501,206.3067,24.94682951,169.9743261
0001,乌东德,91100501,291.8613,40.95422467,169.9743261
0001,乌东德,91100501,302.6086,42.98501361,169.9743261
0001,乌东德,91100501,307.8117,43.94067899,169.9743261
0001,乌东德,91100501,368.1263,55.05028907,169.9743261
0001,乌东德,91100501,373.1233,56.00595445,169.9743261
0001,乌东德,91100501,404.8848,61.97886309,169.9743261
0001,乌东德,91100501,411.1906,63.05398665,169.9743261
0001,乌东德,91100501,439.6519,67.95177173,169.9743261
0001,乌东德,91100501,445.4658,69.02689529,169.9743261
0001,乌东德,91100501,472.5548,74.04413855,169.9743261
0001,乌东德,91100501,505.2925,80.01704719,169.9743261
0001,乌东德,91100501,511.115,80.97271257,169.9743261
0001,乌东德,91100501,523.6328,83.00350151,169.9743261
0001,乌东德,91100501,529.6824,83.95916689,169.9743261
0001,乌东德,91100501,555.3677,88.02074477,169.9743261
0001,乌东德,91100501,560.4631,88.97641015,169.9743261
0001,乌东德,91100501,603.9377,96.98010773,169.9743261
0001,乌东德,91100501,611.1338,98.05523128,169.9743261
0001,乌东德,91100501,643.9969,102.9530164,169.9743261
0001,乌东德,91100501,651.39,104.0281399,169.9743261
0001,乌东德,91100501,658.007,104.9838053,169.9743261
0001,乌东德,91100501,665.8826,106.0589289,169.9743261
0001,乌东德,91100501,673.4083,107.0145942,169.9743261
0001,乌东德,91100501,103.5972,7.028103589,174.9807445
0001,乌东德,91100501,109.103,7.983768972,174.9807445
0001,乌东德,91100501,137.9739,13.00101223,174.9807445
0001,乌东德,91100501,143.1835,13.95667761,174.9807445
0001,乌东德,91100501,203.0375,24.94682951,174.9807445
0001,乌东德,91100501,208.7903,26.02195307,174.9807445
0001,乌东德,91100501,229.8045,29.96407277,174.9807445
0001,乌东德,91100501,235.4437,31.03919633,174.9807445
0001,乌东德,91100501,282.4608,39.99855929,174.9807445
0001,乌东德,91100501,287.5409,40.95422467,174.9807445
0001,乌东德,91100501,303.3883,43.94067899,174.9807445
0001,乌东德,91100501,382.5728,58.99240877,174.9807445
0001,乌东德,91100501,392.8298,61.02319771,174.9807445
0001,乌东德,91100501,403.3302,63.05398665,174.9807445
0001,乌东德,91100501,408.5985,64.00965203,174.9807445
0001,乌东德,91100501,469.1419,74.99980393,174.9807445
0001,乌东德,91100501,473.993,75.95546931,174.9807445
0001,乌东德,91100501,506.1339,82.04783613,174.9807445
0001,乌东德,91100501,512.1835,83.00350151,174.9807445
0001,乌东德,91100501,524.4869,85.03429045,174.9807445
0001,乌东德,91100501,529.5823,85.98995583,174.9807445
0001,乌东德,91100501,583.1117,96.02444235,174.9807445
0001,乌东德,91100501,588.4746,96.98010773,174.9807445
0001,乌东德,91100501,594.3358,98.05523128,174.9807445
0001,乌东德,91100501,599.1842,99.01089667,174.9807445
0001,乌东德,91100501,605.4659,99.96656205,174.9807445
0001,乌东德,91100501,612.8591,101.0416856,174.9807445
0001,乌东德,91100501,626.1926,102.9530164,174.9807445
0001,乌东德,91100501,634.0435,104.0281399,174.9807445
0001,乌东德,91100501,641.2661,104.9838053,174.9807445
0001,乌东德,91100501,649.7324,106.0589289,174.9807445
0001,乌东德,91100501,102.3671,7.028103589,179.987163
0001,乌东德,91100501,107.5692,7.983768972,179.987163
0001,乌东德,91100501,118.6693,10.01455791,179.987163
0001,乌东德,91100501,206.2926,26.02195307,179.987163
0001,乌东德,91100501,291.3139,42.02934823,179.987163
0001,乌东德,91100501,296.2349,42.98501361,179.987163
0001,乌东德,91100501,306.6066,45.01580255,179.987163
0001,乌东德,91100501,341.7669,51.94437657,179.987163
0001,乌东德,91100501,402.6365,64.00965203,179.987163
0001,乌东德,91100501,407.9048,64.96531741,179.987163
0001,乌东德,91100501,424.1837,67.95177173,179.987163
0001,乌东德,91100501,429.6412,69.02689529,179.987163
0001,乌东德,91100501,460.0564,74.99980393,179.987163
0001,乌东德,91100501,465.0511,75.95546931,179.987163
0001,乌东德,91100501,486.1936,80.01704719,179.987163
0001,乌东德,91100501,490.9156,80.97271257,179.987163
0001,乌东德,91100501,501.0787,83.00350151,179.987163
0001,乌东德,91100501,506.4416,83.95916689,179.987163
0001,乌东德,91100501,540.4548,90.0515337,179.987163
0001,乌东德,91100501,545.3032,91.00719909,179.987163
0001,乌东德,91100501,570.9267,96.02444235,179.987163
0001,乌东德,91100501,576.1345,96.98010773,179.987163
0001,乌东德,91100501,587.022,99.01089667,179.987163
0001,乌东德,91100501,591.6478,99.96656205,179.987163
0001,乌东德,91100501,602.2291,101.997351,179.987163
0001,乌东德,91100501,609.2076,102.9530164,179.987163
0001,乌东德,91100501,617.5902,104.0281399,179.987163
0001,乌东德,91100501,625.1158,104.9838053,179.987163
0001,乌东德,91100501,101.2645,7.028103589,184.9935815
0001,乌东德,91100501,106.4666,7.983768972,184.9935815
0001,乌东德,91100501,193.4542,23.99116413,184.9935815
0001,乌东德,91100501,204.0757,26.02195307,184.9935815
0001,乌东德,91100501,209.0063,26.97761845,184.9935815
0001,乌东德,91100501,281.0334,40.95422467,184.9935815
0001,乌东德,91100501,286.4506,42.02934823,184.9935815
0001,乌东德,91100501,401.7099,64.96531741,184.9935815
0001,乌东德,91100501,407.3289,66.04044097,184.9935815
0001,乌东德,91100501,443.4768,72.96901499,184.9935815
0001,乌东德,91100501,448.7891,74.04413855,184.9935815
0001,乌东德,91100501,483.11,80.97271257,184.9935815
0001,乌东德,91100501,503.8289,85.03429045,184.9935815
0001,乌东德,91100501,509.0367,85.98995583,184.9935815
0001,乌东德,91100501,546.8519,93.03798803,184.9935815
0001,乌东德,91100501,551.4777,93.99365341,184.9935815
0001,乌东德,91100501,566.0472,96.98010773,184.9935815
0001,乌东德,91100501,601.44,104.0281399,184.9935815
0001,乌东德,91100501,608.9656,104.9838053,184.9935815
0001,乌东德,91100501,100.3881,7.028103589,188.9730424
0001,乌东德,91100501,105.5901,7.983768972,188.9730424
0001,乌东德,91100501,121.7366,10.97022329,188.9730424
0001,乌东德,91100501,127.4083,12.04534685,188.9730424
0001,乌东德,91100501,201.1157,26.02195307,188.9730424
0001,乌东德,91100501,206.0463,26.97761845,188.9730424
0001,乌东德,91100501,216.4649,29.00840739,188.9730424
0001,乌东德,91100501,221.2802,29.96407277,188.9730424
0001,乌东德,91100501,402.6371,66.04044097,188.9730424
0001,乌东德,91100501,407.6317,66.99610635,188.9730424
0001,乌东德,91100501,412.4132,67.95177173,188.9730424
0001,乌东德,91100501,417.7545,69.02689529,188.9730424
0001,乌东德,91100501,422.56,69.98256067,188.9730424
0001,乌东德,91100501,503.3066,85.98995583,188.9730424
0001,乌东德,91100501,508.4131,86.94562121,188.9730424
0001,乌东德,91100501,513.675,88.02074477,188.9730424
0001,乌东德,91100501,518.4014,88.97641015,188.9730424
0001,乌东德,91100502,183.1438282,6,83
0001,乌东德,91100502,191.8304969,7,83
0001,乌东德,91100502,227.818124,11,83
0001,乌东德,91100502,237.7457453,12,83
0001,乌东德,91100502,377.9733959,26,83
0001,乌东德,91100502,390.3829225,27,83
0001,乌东德,91100502,401.5514965,28,83
0001,乌东德,91100502,413.9610231,29,83
0001,乌东德,91100502,425.129597,30,83
0001,乌东德,91100502,437.5391236,31,83
0001,乌东德,91100502,448.7076976,32,83
0001,乌东德,91100502,461.1172242,33,83
0001,乌东德,91100502,484.6953247,35,83
0001,乌东德,91100502,497.1048513,36,83
0001,乌东德,91100502,535.5743838,39,83
0001,乌东德,91100502,547.9839104,40,83
0001,乌东德,91100502,565.3572477,41,83
0001,乌东德,91100502,588.9353482,42,83
0001,乌东德,91100502,613.7544014,43,83
0001,乌东德,91100502,169.493349,5,85
0001,乌东德,91100502,178.1800176,6,85
0001,乌东德,91100502,231.540982,12,85
0001,乌东德,91100502,240.2276506,13,85
0001,乌东德,91100502,250.1552719,14,85
0001,乌东德,91100502,328.3352895,22,85
0001,乌东德,91100502,356.8772007,25,85
0001,乌东德,91100502,368.0457746,26,85
0001,乌东德,91100502,436.298171,32,85
0001,乌东德,91100502,459.8762715,34,85
0001,乌东德,91100502,472.2857981,35,85
0001,乌东德,91100502,483.4543721,36,85
0001,乌东德,91100502,529.3696205,40,85
0001,乌东德,91100502,543.0200998,41,85
0001,乌东德,91100502,557.9115317,42,85
0001,乌东德,91100502,591.4172535,44,85
0001,乌东德,91100502,611.2724961,45,85
0001,乌东德,91100502,636.0915493,46,85
0001,乌东德,91100502,662.1515552,47,85
0001,乌东德,91100502,165.770491,6,90
0001,乌东德,91100502,174.4571596,7,90
0001,乌东德,91100502,199.2762128,10,90
0001,乌东德,91100502,226.5771714,13,90
0001,乌东德,91100502,235.26384,14,90
0001,乌东德,91100502,253.8781299,16,90
0001,乌东德,91100502,272.4924198,18,90
0001,乌东德,91100502,282.4200411,19,90
0001,乌东德,91100502,301.034331,21,90
0001,乌东德,91100502,337.0219581,25,90
0001,乌东德,91100502,397.8286385,31,90
0001,乌东德,91100502,418.9248337,33,90
0001,乌东德,91100502,430.0934077,34,90
0001,乌东德,91100502,442.5029343,35,90
0001,乌东德,91100502,452.4305556,36,90
0001,乌东德,91100502,463.5991295,37,90
0001,乌东德,91100502,484.6953247,39,90
0001,乌东德,91100502,495.8638987,40,90
0001,乌东德,91100502,505.79152,41,90
0001,乌东德,91100502,516.9600939,42,90
0001,乌东德,91100502,540.5381944,44,90
0001,乌东德,91100502,580.2486796,47,90
0001,乌东德,91100502,593.8991588,48,90
0001,乌东德,91100502,608.7905908,49,90
0001,乌东德,91100502,626.163928,50,90
0001,乌东德,91100502,646.0191706,51,90
0001,乌东德,91100502,665.8744131,52,90
0001,乌东德,91100502,685.7296557,53,90
0001,乌东德,91100502,148.3971538,5,95
0001,乌东德,91100502,157.0838224,6,95
0001,乌东德,91100502,173.216207,8,95
0001,乌东德,91100502,180.6619229,9,95
0001,乌东德,91100502,196.7943075,11,95
0001,乌东德,91100502,258.8419405,18,95
0001,乌东德,91100502,267.5286092,19,95
0001,乌东德,91100502,286.1428991,21,95
0001,乌东德,91100502,294.8295677,22,95
0001,乌东德,91100502,365.5638693,30,95
0001,乌东德,91100502,386.6600646,32,95
0001,乌东德,91100502,396.5876858,33,95
0001,乌东德,91100502,437.5391236,37,95
0001,乌东德,91100502,447.4667449,38,95
0001,乌东德,91100502,468.5629401,40,95
0001,乌东德,91100502,478.4905614,41,95
0001,乌东德,91100502,519.4419992,45,95
0001,乌东德,91100502,529.3696205,46,95
0001,乌东德,91100502,540.5381944,47,95
0001,乌东德,91100502,564.116295,49,95
0001,乌东德,91100502,575.2848689,50,95
0001,乌东德,91100502,587.6943955,51,95
0001,乌东德,91100502,613.7544014,53,95
0001,乌东德,91100502,628.6458333,54,95
0001,乌东德,91100502,644.7782179,55,95
0001,乌东德,91100502,678.2839397,57,95
0001,乌东德,91100502,714.2715669,59,95
0001,乌东德,91100502,138.4695325,5,100
0001,乌东德,91100502,147.1562011,6,100
0001,乌东德,91100502,154.6019171,7,100
0001,乌东德,91100502,163.2885857,8,100
0001,乌东德,91100502,170.7343016,9,100
0001,乌东德,91100502,179.4209703,10,100
0001,乌东德,91100502,186.8666862,11,100
0001,乌东德,91100502,195.5533549,12,100
0001,乌东德,91100502,211.6857394,14,100
0001,乌东德,91100502,236.5047926,17,100
0001,乌东德,91100502,255.1190826,19,100
0001,乌东德,91100502,263.8057512,20,100
0001,乌东德,91100502,340.7448161,29,100
0001,乌东德,91100502,349.4314847,30,100
0001,乌东德,91100502,368.0457746,32,100
0001,乌东德,91100502,376.7324433,33,100
0001,乌东德,91100502,386.6600646,34,100
0001,乌东德,91100502,395.3467332,35,100
0001,乌东德,91100502,405.2743545,36,100
0001,乌东德,91100502,463.5991295,42,100
0001,乌东德,91100502,473.5267508,43,100
0001,乌东德,91100502,511.9962833,47,100
0001,乌东德,91100502,521.9239045,48,100
0001,乌东德,91100502,552.947721,51,100
0001,乌东德,91100502,586.4534429,54,100
0001,乌东德,91100502,597.6220168,55,100
0001,乌东德,91100502,610.0315434,56,100
0001,乌东德,91100502,636.0915493,58,100
0001,乌东德,91100502,693.1753717,62,100
0001,乌东德,91100502,710.5487089,63,100
0001,乌东德,91100502,747.7772887,65,100
0001,乌东德,91100502,129.7828638,5,105
0001,乌东德,91100502,145.9152484,7,105
0001,乌东德,91100502,169.493349,10,105
0001,乌东德,91100502,178.1800176,11,105
0001,乌东德,91100502,185.6257336,12,105
0001,乌东德,91100502,194.3124022,13,105
0001,乌东德,91100502,201.7581182,14,105
0001,乌东德,91100502,217.8905027,16,105
0001,乌东德,91100502,226.5771714,17,105
0001,乌东德,91100502,251.3962246,20,105
0001,乌东德,91100502,260.0828932,21,105
0001,乌东德,91100502,293.588615,25,105
0001,乌东德,91100502,302.2752836,26,105
0001,乌东德,91100502,318.4076682,28,105
0001,乌东德,91100502,327.0943369,29,105
0001,乌东德,91100502,360.6000587,33,105
0001,乌东德,91100502,369.2867273,34,105
0001,乌东德,91100502,396.5876858,37,105
0001,乌东德,91100502,405.2743545,38,105
0001,乌东德,91100502,415.2019757,39,105
0001,乌东德,91100502,423.8886444,40,105
0001,乌东德,91100502,433.8162656,41,105
0001,乌东德,91100502,442.5029343,42,105
0001,乌东德,91100502,452.4305556,43,105
0001,乌东德,91100502,461.1172242,44,105
0001,乌东德,91100502,471.0448455,45,105
0001,乌东德,91100502,479.7315141,46,105
0001,乌东德,91100502,507.0324726,49,105
0001,乌东德,91100502,515.7191412,50,105
0001,乌东德,91100502,534.3334311,52,105
0001,乌东德,91100502,543.0200998,53,105
0001,乌东德,91100502,552.947721,54,105
0001,乌东德,91100502,574.0439163,56,105
0001,乌东德,91100502,631.1277387,61,105
0001,乌东德,91100502,669.5972711,64,105
0001,乌东德,91100502,682.0067977,65,105
0001,乌东德,91100502,696.8982297,66,105
0001,乌东德,91100502,711.7896616,67,105
0001,乌东德,91100502,742.8134781,69,105
0001,乌东德,91100502,760.1868153,70,105
0001,乌东德,91100502,121.0961952,5,110
0001,乌东德,91100502,137.2285798,7,110
0001,乌东德,91100502,160.8066804,10,110
0001,乌东德,91100502,169.493349,11,110
0001,乌东德,91100502,185.6257336,13,110
0001,乌东德,91100502,209.2038341,16,110
0001,乌东德,91100502,216.6495501,17,110
0001,乌东德,91100502,225.3362187,18,110
0001,乌东德,91100502,232.7819347,19,110
0001,乌东德,91100502,241.4686033,20,110
0001,乌东德,91100502,248.9143192,21,110
0001,乌东德,91100502,265.0467038,23,110
0001,乌东德,91100502,273.7333725,24,110
0001,乌东德,91100502,289.865757,26,110
0001,乌东德,91100502,314.6848103,29,110
0001,乌东德,91100502,330.8171948,31,110
0001,乌东德,91100502,339.5038635,32,110
0001,乌东德,91100502,355.636248,34,110
0001,乌东德,91100502,380.4553013,37,110
0001,乌东德,91100502,387.9010172,38,110
0001,乌东德,91100502,396.5876858,39,110
0001,乌东德,91100502,441.2619816,44,110
0001,乌东德,91100502,449.9486502,45,110
0001,乌东德,91100502,546.7429577,56,110
0001,乌东德,91100502,575.2848689,59,110
0001,乌东德,91100502,585.2124902,60,110
0001,乌东德,91100502,606.3086854,62,110
0001,乌东德,91100502,639.8144073,65,110
0001,乌东德,91100502,650.9829812,66,110
0001,乌东德,91100502,663.3925078,67,110
0001,乌东德,91100502,674.5610818,68,110
0001,乌东德,91100502,686.9706084,69,110
0001,乌东德,91100502,700.6210876,70,110
0001,乌东德,91100502,714.2715669,71,110
0001,乌东德,91100502,729.1629988,72,110
0001,乌东德,91100502,742.8134781,73,110
0001,乌东德,91100502,757.70491,74,110
0001,乌东德,91100502,773.8372946,75,110
0001,乌东德,91100502,789.9696792,76,110
0001,乌东德,91100502,117.3733372,5,115
0001,乌东德,91100502,133.5057218,7,115
0001,乌东德,91100502,140.9514378,8,115
0001,乌东德,91100502,224.095266,19,115
0001,乌东德,91100502,231.540982,20,115
0001,乌东德,91100502,247.6733666,22,115
0001,乌东德,91100502,255.1190826,23,115
0001,乌东德,91100502,286.1428991,27,115
0001,乌东德,91100502,293.588615,28,115
0001,乌东德,91100502,302.2752836,29,115
0001,乌东德,91100502,309.7209996,30,115
0001,乌东德,91100502,325.8533842,32,115
0001,乌东德,91100502,333.2991002,33,115
0001,乌东德,91100502,349.4314847,35,115
0001,乌东德,91100502,356.8772007,36,115
0001,乌东德,91100502,373.0095853,38,115
0001,乌东德,91100502,380.4553013,39,115
0001,乌东德,91100502,396.5876858,41,115
0001,乌东德,91100502,405.2743545,42,115
0001,乌东德,91100502,447.4667449,47,115
0001,乌东德,91100502,456.1534135,48,115
0001,乌东德,91100502,480.9724667,51,115
0001,乌东德,91100502,489.6591354,52,115
0001,乌东德,91100502,514.4781886,55,115
0001,乌东德,91100502,523.1648572,56,115
0001,乌东德,91100502,567.839153,61,115
0001,乌东德,91100502,586.4534429,63,115
0001,乌东德,91100502,596.3810642,64,115
0001,乌东德,91100502,637.332502,68,115
0001,乌东德,91100502,658.4286972,70,115
0001,乌东德,91100502,669.5972711,71,115
0001,乌东德,91100502,693.1753717,73,115
0001,乌东德,91100502,719.2353775,75,115
0001,乌东德,91100502,731.6449041,76,115
0001,乌东德,91100502,757.70491,78,115
0001,乌东德,91100502,786.2468212,80,115
0001,乌东德,91100502,113.6504793,5,120
0001,乌东德,91100502,135.9876272,8,120
0001,乌东德,91100502,179.4209703,14,120
0001,乌东德,91100502,186.8666862,15,120
0001,乌东德,91100502,230.3000293,21,120
0001,乌东德,91100502,261.3238459,25,120
0001,乌东德,91100502,276.2152778,27,120
0001,乌东德,91100502,389.1419699,42,120
0001,乌东德,91100502,405.2743545,44,120
0001,乌东德,91100502,413.9610231,45,120
0001,乌东德,91100502,430.0934077,47,120
0001,乌东德,91100502,438.7800763,48,120
0001,乌东德,91100502,454.9124609,50,120
0001,乌东德,91100502,478.4905614,53,120
0001,乌东德,91100502,502.068662,56,120
0001,乌东德,91100502,509.5143779,57,120
0001,乌东德,91100502,518.2010466,58,120
0001,乌东德,91100502,534.3334311,60,120
0001,乌东德,91100502,543.0200998,61,120
0001,乌东德,91100502,596.3810642,67,120
0001,乌东德,91100502,606.3086854,68,120
0001,乌东德,91100502,677.0429871,75,120
0001,乌东德,91100502,722.9582355,79,120
0001,乌东德,91100502,734.1268095,80,120
0001,乌东德,91100502,746.5363361,81,120
0001,乌东德,91100502,772.5963419,83,120
0001,乌东德,91100502,785.0058685,84,120
0001,乌东德,91100502,799.8973005,85,120
0001,乌东德,91100502,814.7887324,86,120
0001,乌东德,91100502,138.4695325,9,125
0001,乌东德,91100502,145.9152484,10,125
0001,乌东德,91100502,159.5657277,12,125
0001,乌东德,91100502,180.6619229,15,125
0001,乌东德,91100502,209.2038341,19,125
0001,乌东德,91100502,216.6495501,20,125
0001,乌东德,91100502,230.3000293,22,125
0001,乌东德,91100502,251.3962246,25,125
0001,乌东德,91100502,258.8419405,26,125
0001,乌东德,91100502,332.0581475,36,125
0001,乌东德,91100502,339.5038635,37,125
0001,乌东德,91100502,360.6000587,40,125
0001,乌东德,91100502,397.8286385,45,125
0001,乌东德,91100502,421.406739,48,125
0001,乌东德,91100502,428.852455,49,125
0001,乌东德,91100502,444.9848396,51,125
0001,乌东德,91100502,452.4305556,52,125
0001,乌东德,91100502,461.1172242,53,125
0001,乌东德,91100502,468.5629401,54,125
0001,乌东德,91100502,507.0324726,59,125
0001,乌东德,91100502,514.4781886,60,125
0001,乌东德,91100502,538.0562891,63,125
0001,乌东德,91100502,562.8753423,66,125
0001,乌东德,91100502,579.0077269,68,125
0001,乌东德,91100502,606.3086854,71,125
0001,乌东德,91100502,614.9953541,72,125
0001,乌东德,91100502,643.5372653,75,125
0001,乌东德,91100502,653.4648865,76,125
0001,乌东德,91100502,704.3439456,81,125
0001,乌东德,91100502,750.2591941,85,125
0001,乌东德,91100502,801.1382531,89,125
0001,乌东德,91100502,829.6801643,91,125
0001,乌东德,91100502,847.0535016,92,125
0001,乌东德,91100502,106.2047633,5,130
0001,乌东德,91100502,113.6504793,6,130
0001,乌东德,91100502,127.3009585,8,130
0001,乌东德,91100502,162.047633,13,130
0001,乌东德,91100502,175.6981123,15,130
0001,乌东德,91100502,181.9028756,16,130
0001,乌东德,91100502,195.5533549,18,130
0001,乌东德,91100502,230.3000293,23,130
0001,乌东德,91100502,243.9505086,25,130
0001,乌东德,91100502,278.6971831,30,130
0001,乌东德,91100502,292.3476624,32,130
0001,乌东德,91100502,299.7933783,33,130
0001,乌东德,91100502,313.4438576,35,130
0001,乌东德,91100502,320.8895736,36,130
0001,乌东德,91100502,341.9857688,39,130
0001,乌东德,91100502,370.52768,43,130
0001,乌东德,91100502,384.1781592,45,130
0001,乌东德,91100502,391.6238752,46,130
0001,乌东德,91100502,422.6476917,50,130
0001,乌东德,91100502,473.5267508,57,130
0001,乌东德,91100502,480.9724667,58,130
0001,乌东德,91100502,549.2248631,67,130
0001,乌东德,91100502,565.3572477,69,130
0001,乌东德,91100502,590.1763009,72,130
0001,乌东德,91100502,597.6220168,73,130
0001,乌东德,91100502,606.3086854,74,130
0001,乌东德,91100502,624.9229754,76,130
0001,乌东德,91100502,633.609644,77,130
0001,乌东德,91100502,670.8382238,81,130
0001,乌东德,91100502,731.6449041,87,130
0001,乌东德,91100502,777.5601526,91,130
0001,乌东德,91100502,816.0296851,94,130
0001,乌东德,91100502,830.921117,95,130
0001,乌东德,91100502,848.2944542,96,130
0001,乌东德,91100502,103.722858,5,135
0001,乌东德,91100502,109.9276213,6,135
0001,乌东德,91100502,123.5781005,8,135
0001,乌东德,91100502,143.4333431,11,135
0001,乌东德,91100502,157.0838224,13,135
0001,乌东德,91100502,176.9390649,16,135
0001,乌东德,91100502,183.1438282,17,135
0001,乌东德,91100502,209.2038341,21,135
0001,乌东德,91100502,222.8543134,23,135
0001,乌东德,91100502,242.7095559,26,135
0001,乌东德,91100502,256.3600352,28,135
0001,乌东德,91100502,276.2152778,31,135
0001,乌东德,91100502,289.865757,33,135
0001,乌东德,91100502,379.2143486,46,135
0001,乌东德,91100502,407.7562598,50,135
0001,乌东德,91100502,415.2019757,51,135
0001,乌东德,91100502,443.7438869,55,135
0001,乌东德,91100502,451.1896029,56,135
0001,乌东德,91100502,464.8400822,58,135
0001,乌东德,91100502,472.2857981,59,135
0001,乌东德,91100502,493.3819933,62,135
0001,乌东德,91100502,500.8277093,63,135
0001,乌东德,91100502,521.9239045,66,135
0001,乌东德,91100502,529.3696205,67,135
0001,乌东德,91100502,582.7305849,74,135
0001,乌东德,91100502,591.4172535,75,135
0001,乌东德,91100502,616.2363067,78,135
0001,乌东德,91100502,632.3686913,80,135
0001,乌东德,91100502,641.0553599,81,135
0001,乌东德,91100502,685.7296557,86,135
0001,乌东德,91100502,695.657277,87,135
0001,乌东德,91100502,704.3439456,88,135
0001,乌东德,91100502,714.2715669,89,135
0001,乌东德,91100502,735.3677621,91,135
0001,乌东德,91100502,746.5363361,92,135
0001,乌东德,91100502,767.6325313,94,135
0001,乌东德,91100502,778.8011052,95,135
0001,乌东德,91100502,802.3792058,97,135
0001,乌东德,91100502,829.6801643,99,135
0001,乌东德,91100502,874.3544601,101,135
0001,乌东德,91100502,101.2409527,5,140
0001,乌东德,91100502,107.445716,6,140
0001,乌东德,91100502,127.3009585,9,140
0001,乌东德,91100502,133.5057218,10,140
0001,乌东德,91100502,159.5657277,14,140
0001,乌东德,91100502,165.770491,15,140
0001,乌东德,91100502,222.8543134,24,140
0001,乌东德,91100502,229.0590767,25,140
0001,乌东德,91100502,248.9143192,28,140
0001,乌东德,91100502,255.1190826,29,140
0001,乌东德,91100502,274.9743251,32,140
0001,乌东德,91100502,281.1790884,33,140
0001,乌东德,91100502,301.034331,36,140
0001,乌东德,91100502,327.0943369,40,140
0001,乌东德,91100502,359.359106,45,140
0001,乌东德,91100502,373.0095853,47,140
0001,乌东德,91100502,380.4553013,48,140
0001,乌东德,91100502,394.1057805,50,140
0001,乌东德,91100502,401.5514965,51,140
0001,乌东德,91100502,415.2019757,53,140
0001,乌东德,91100502,436.298171,56,140
0001,乌东德,91100502,449.9486502,58,140
0001,乌东德,91100502,457.3943662,59,140
0001,乌东德,91100502,471.0448455,61,140
0001,乌东德,91100502,519.4419992,68,140
0001,乌东德,91100502,533.0924785,70,140
0001,乌东德,91100502,540.5381944,71,140
0001,乌东德,91100502,616.2363067,81,140
0001,乌东德,91100502,623.6820227,82,140
0001,乌东德,91100502,648.5010759,85,140
0001,乌东德,91100502,657.1877445,86,140
0001,乌东德,91100502,710.5487089,92,140
0001,乌东德,91100502,720.4763302,93,140
0001,乌东德,91100502,729.1629988,94,140
0001,乌东德,91100502,739.0906201,95,140
0001,乌东德,91100502,770.1144366,98,140
0001,乌东德,91100502,803.6201585,101,140
0001,乌东德,91100502,816.0296851,102,140
0001,乌东德,91100502,844.5715962,104,140
0001,乌东德,91100502,868.1496968,105,140
0001,乌东德,91100502,111.1685739,7,145
0001,乌东德,91100502,117.3733372,8,145
0001,乌东德,91100502,255.1190826,30,145
0001,乌东德,91100502,261.3238459,31,145
0001,乌东德,91100502,343.2267214,44,145
0001,乌东德,91100502,361.8410113,47,145
0001,乌东德,91100502,394.1057805,52,145
0001,乌东德,91100502,441.2619816,59,145
0001,乌东德,91100502,448.7076976,60,145
0001,乌东德,91100502,454.9124609,61,145
0001,乌东德,91100502,468.5629401,63,145
0001,乌东德,91100502,488.4181827,66,145
0001,乌东德,91100502,502.068662,68,145
0001,乌东德,91100502,521.9239045,71,145
0001,乌东德,91100502,529.3696205,72,145
0001,乌东德,91100502,543.0200998,74,145
0001,乌东德,91100502,550.4658157,75,145
0001,乌东德,91100502,564.116295,77,145
0001,乌东德,91100502,571.562011,78,145
0001,乌东德,91100502,624.9229754,85,145
0001,乌东德,91100502,632.3686913,86,145
0001,乌东德,91100502,655.9467919,89,145
0001,乌东德,91100502,680.7658451,92,145
0001,乌东德,91100502,734.1268095,98,145
0001,乌东德,91100502,762.6687207,101,145
0001,乌东德,91100502,793.6925372,104,145
0001,乌东德,91100502,803.6201585,105,145
0001,乌东德,91100502,127.3009585,10,150
0001,乌东德,91100502,133.5057218,11,150
0001,乌东德,91100502,194.3124022,21,150
0001,乌东德,91100502,205.4809761,23,150
0001,乌东德,91100502,211.6857394,24,150
0001,乌东德,91100502,247.6733666,30,150
0001,乌东德,91100502,253.8781299,31,150
0001,乌东德,91100502,277.4562304,35,150
0001,乌东德,91100502,283.6609937,36,150
0001,乌东德,91100502,421.406739,58,150
0001,乌东德,91100502,427.6115023,59,150
0001,乌东德,91100502,441.2619816,61,150
0001,乌东德,91100502,447.4667449,62,150
0001,乌东德,91100502,473.5267508,66,150
0001,乌东德,91100502,479.7315141,67,150
0001,乌东德,91100502,499.5867567,70,150
0001,乌东德,91100502,525.6467625,74,150
0001,乌东德,91100502,539.2972418,76,150
0001,乌东德,91100502,545.5020051,77,150
0001,乌东德,91100502,559.1524844,79,150
0001,乌东德,91100502,566.5982003,80,150
0001,乌东德,91100502,580.2486796,82,150
0001,乌东德,91100502,587.6943955,83,150
0001,乌东德,91100502,601.3448748,85,150
0001,乌东德,91100502,608.7905908,86,150
0001,乌东德,91100502,662.1515552,93,150
0001,乌东德,91100502,678.2839397,95,150
0001,乌东德,91100502,703.102993,98,150
0001,乌东德,91100502,719.2353775,100,150
0001,乌东德,91100502,737.8496674,102,150
0001,乌东德,91100502,746.5363361,103,150
0001,乌东德,91100502,765.150626,105,150
0001,乌东德,91100502,118.6142899,9,155
0001,乌东德,91100502,124.8190532,10,155
0001,乌东德,91100502,167.0114437,17,155
0001,乌东德,91100502,173.216207,18,155
0001,乌东德,91100502,195.5533549,22,155
0001,乌东德,91100502,224.095266,27,155
0001,乌东德,91100502,241.4686033,30,155
0001,乌东德,91100502,299.7933783,40,155
0001,乌东德,91100502,323.3714789,44,155
0001,乌东德,91100502,329.5762422,45,155
0001,乌东德,91100502,353.1543427,49,155
0001,乌东德,91100502,359.359106,50,155
0001,乌东德,91100502,441.2619816,63,155
0001,乌东德,91100502,447.4667449,64,155
0001,乌东德,91100502,535.5743838,78,155
0001,乌东德,91100502,549.2248631,80,155
0001,乌东德,91100502,555.4296264,81,155
0001,乌东德,91100502,575.2848689,84,155
0001,乌东德,91100502,588.9353482,86,155
0001,乌东德,91100502,596.3810642,87,155
0001,乌东德,91100502,610.0315434,89,155
0001,乌东德,91100502,617.4772594,90,155
0001,乌东德,91100502,631.1277387,92,155
0001,乌东德,91100502,638.5734546,93,155
0001,乌东德,91100502,699.380135,101,155
0001,乌东德,91100502,708.0668036,102,155
0001,乌东德,91100502,724.1991882,104,155
0001,乌东德,91100502,732.8858568,105,155
0001,乌东德,91100502,145.9152484,14,160
0001,乌东德,91100502,152.1200117,15,160
0001,乌东德,91100502,169.493349,18,160
0001,乌东德,91100502,175.6981123,19,160
0001,乌东德,91100502,186.8666862,21,160
0001,乌东德,91100502,202.9990708,24,160
0001,乌东德,91100502,214.1676448,26,160
0001,乌东德,91100502,332.0581475,47,160
0001,乌东德,91100502,349.4314847,50,160
0001,乌东德,91100502,355.636248,51,160
0001,乌东德,91100502,379.2143486,55,160
0001,乌东德,91100502,385.4191119,56,160
0001,乌东德,91100502,495.8638987,74,160
0001,乌东德,91100502,502.068662,75,160
0001,乌东德,91100502,590.1763009,89,160
0001,乌东德,91100502,603.8267801,91,160
0001,乌东德,91100502,610.0315434,92,160
0001,乌东德,91100502,623.6820227,94,160
0001,乌东德,91100502,631.1277387,95,160
0001,乌东德,91100502,659.6696498,99,160
0001,乌东德,91100502,667.1153658,100,160
0001,乌东德,91100502,124.8190532,11,165
0001,乌东德,91100502,135.9876272,13,165
0001,乌东德,91100502,142.1923905,14,165
0001,乌东德,91100502,171.9752543,19,165
0001,乌东德,91100502,178.1800176,20,165
0001,乌东德,91100502,183.1438282,21,165
0001,乌东德,91100502,194.3124022,23,165
0001,乌东德,91100502,210.4447868,26,165
0001,乌东德,91100502,221.6133607,28,165
0001,乌东德,91100502,237.7457453,31,165
0001,乌东德,91100502,258.8419405,35,165
0001,乌东德,91100502,270.0105145,37,165
0001,乌东德,91100502,297.311473,42,165
0001,乌东德,91100502,308.4800469,44,165
0001,乌东德,91100502,324.6124315,47,165
0001,乌东德,91100502,346.9495794,51,165
0001,乌东德,91100502,375.4914906,56,165
0001,乌东德,91100502,399.0695912,60,165
0001,乌东德,91100502,405.2743545,61,165
0001,乌东德,91100502,428.852455,65,165
0001,乌东德,91100502,435.0572183,66,165
0001,乌东德,91100502,464.8400822,71,165
0001,乌东德,91100502,471.0448455,72,165
0001,乌东德,91100502,488.4181827,75,165
0001,乌东德,91100502,516.9600939,80,165
0001,乌东德,91100502,523.1648572,81,165
0001,乌东德,91100502,605.0677328,94,165
0001,乌东德,91100502,611.2724961,95,165
0001,乌东德,91100502,624.9229754,97,165
0001,乌东德,91100502,631.1277387,98,165
0001,乌东德,91100502,644.7782179,100,165
0001,乌东德,91100502,679.5248924,105,165
0001,乌东德,91100502,122.3371479,11,170
0001,乌东德,91100502,133.5057218,13,170
0001,乌东德,91100502,168.2523963,19,170
0001,乌东德,91100502,174.4571596,20,170
0001,乌东德,91100502,190.5895442,23,170
0001,乌东德,91100502,234.0228873,31,170
0001,乌东德,91100502,250.1552719,34,170
0001,乌东德,91100502,303.5162363,44,170
0001,乌东德,91100502,308.4800469,45,170
0001,乌东德,91100502,319.6486209,47,170
0001,乌东德,91100502,324.6124315,48,170
0001,乌东德,91100502,340.7448161,51,170
0001,乌东德,91100502,361.8410113,55,170
0001,乌东德,91100502,373.0095853,57,170
0001,乌东德,91100502,435.0572183,68,170
0001,乌东德,91100502,446.2257923,70,170
0001,乌东德,91100502,463.5991295,73,170
0001,乌东德,91100502,474.7677034,75,170
0001,乌东德,91100502,492.1410407,78,170
0001,乌东德,91100502,503.3096146,80,170
0001,乌东德,91100502,509.5143779,81,170
0001,乌东德,91100502,526.8877152,84,170
0001,乌东德,91100502,533.0924785,85,170
0001,乌东德,91100502,550.4658157,88,170
0001,乌东德,91100502,556.670579,89,170
0001,乌东德,91100502,617.4772594,99,170
0001,乌东德,91100502,631.1277387,101,170
0001,乌东德,91100502,637.332502,102,170
0001,乌东德,91100502,657.1877445,105,170
0001,乌东德,91100502,119.8552426,11,175
0001,乌东德,91100502,131.0238165,13,175
0001,乌东德,91100502,170.7343016,20,175
0001,乌东德,91100502,186.8666862,23,175
0001,乌东德,91100502,198.0352602,25,175
0001,乌东德,91100502,214.1676448,28,175
0001,乌东德,91100502,225.3362187,30,175
0001,乌东德,91100502,230.3000293,31,175
0001,乌东德,91100502,241.4686033,33,175
0001,乌东德,91100502,257.6009879,36,175
0001,乌东德,91100502,262.5647985,37,175
0001,乌东德,91100502,293.588615,43,175
0001,乌东德,91100502,298.5524257,44,175
0001,乌东德,91100502,329.5762422,50,175
0001,乌东德,91100502,334.5400528,51,175
0001,乌东德,91100502,360.6000587,56,175
0001,乌东德,91100502,365.5638693,57,175
0001,乌东德,91100502,381.6962539,60,175
0001,乌东德,91100502,425.129597,68,175
0001,乌东德,91100502,452.4305556,73,175
0001,乌东德,91100502,463.5991295,75,175
0001,乌东德,91100502,479.7315141,78,175
0001,乌东德,91100502,490.900088,80,175
0001,乌东德,91100502,519.4419992,85,175
0001,乌东德,91100502,530.6105732,87,175
0001,乌东德,91100502,559.1524844,92,175
0001,乌东德,91100502,565.3572477,93,175
0001,乌东德,91100502,576.5258216,95,175
0001,乌东德,91100502,582.7305849,96,175
0001,乌东德,91100502,606.3086854,100,175
0001,乌东德,91100502,612.5134487,101,175
0001,乌东德,91100502,122.3371479,12,180
0001,乌东德,91100502,128.5419112,13,180
0001,乌东德,91100502,150.8790591,17,180
0001,乌东德,91100502,167.0114437,20,180
0001,乌东德,91100502,178.1800176,22,180
0001,乌东德,91100502,205.4809761,27,180
0001,乌东德,91100502,226.5771714,31,180
0001,乌东德,91100502,247.6733666,35,180
0001,乌东德,91100502,252.6371772,36,180
0001,乌东德,91100502,278.6971831,41,180
0001,乌东德,91100502,283.6609937,42,180
0001,乌东德,91100502,354.3952954,56,180
0001,乌东德,91100502,359.359106,57,180
0001,乌东德,91100502,375.4914906,60,180
0001,乌东德,91100502,380.4553013,61,180
0001,乌东德,91100502,396.5876858,64,180
0001,乌东德,91100502,401.5514965,65,180
0001,乌东德,91100502,422.6476917,69,180
0001,乌东德,91100502,427.6115023,70,180
0001,乌东德,91100502,443.7438869,73,180
0001,乌东德,91100502,464.8400822,77,180
0001,乌东德,91100502,495.8638987,83,180
0001,乌东德,91100502,511.9962833,86,180
0001,乌东德,91100502,539.2972418,91,180
0001,乌东德,91100502,555.4296264,94,180
0001,乌东德,91100502,572.8029636,97,180
0001,乌东德,91100502,613.7544014,104,180
0001,乌东德,91100502,124.8190532,13,185
0001,乌东德,91100502,131.0238165,14,185
0001,乌东德,91100502,148.3971538,17,185
0001,乌东德,91100502,164.5295383,20,185
0001,乌东德,91100502,175.6981123,22,185
0001,乌东德,91100502,180.6619229,23,185
0001,乌东德,91100502,191.8304969,25,185
0001,乌东德,91100502,196.7943075,26,185
0001,乌东德,91100502,212.9266921,29,185
0001,乌东德,91100502,217.8905027,30,185
0001,乌东德,91100502,253.8781299,37,185
0001,乌东德,91100502,258.8419405,38,185
0001,乌东德,91100502,369.2867273,60,185
0001,乌东德,91100502,374.2505379,61,185
0001,乌东德,91100502,390.3829225,64,185
0001,乌东德,91100502,395.3467332,65,185
0001,乌东德,91100502,431.3343603,72,185
0001,乌东德,91100502,436.298171,73,185
0001,乌东德,91100502,467.3219875,79,185
0001,乌东德,91100502,472.2857981,80,185
0001,乌东德,91100502,538.0562891,93,185
0001,乌东德,91100502,543.0200998,94,185
0001,乌东德,91100502,554.1886737,96,185
0001,乌东德,91100502,559.1524844,97,185
0001,乌东德,91100502,570.3210583,99,185
0001,乌东德,91100502,586.4534429,102,185
0001,乌东德,91100502,597.6220168,104,185
0001,乌东德,91100502,603.8267801,105,185
0001,乌东德,91100502,127.3009585,14,190
0001,乌东德,91100502,133.5057218,15,190
0001,乌东德,91100502,144.6742958,17,190
0001,乌东德,91100502,171.9752543,22,190
0001,乌东德,91100502,183.1438282,24,190
0001,乌东德,91100502,204.2400235,28,190
0001,乌东德,91100502,209.2038341,29,190
0001,乌东德,91100502,245.1914613,36,190
0001,乌东德,91100502,250.1552719,37,190
0001,乌东德,91100502,313.4438576,50,190
0001,乌东德,91100502,318.4076682,51,190
0001,乌东德,91100502,337.0219581,55,190
0001,乌东德,91100502,363.081964,60,190
0001,乌东德,91100502,368.0457746,61,190
0001,乌东德,91100502,404.0334018,68,190
0001,乌东德,91100502,408.9972124,69,190
0001,乌东德,91100502,569.0801056,101,190
0001,乌东德,91100502,585.2124902,104,190
0001,乌东德,91100502,591.4172535,105,190
0001,乌东德,91100502,129.7828638,15,195
0001,乌东德,91100502,140.9514378,17,195
0001,乌东德,91100502,145.9152484,18,195
0001,乌东德,91100502,157.0838224,20,195
0001,乌东德,91100502,184.3847809,25,195
0001,乌东德,91100502,205.4809761,29,195
0001,乌东德,91100502,251.3962246,38,195
0001,乌东德,91100502,256.3600352,39,195
0001,乌东德,91100502,284.9019464,45,195
0001,乌东德,91100502,289.865757,46,195
0001,乌东德,91100502,318.4076682,52,195
0001,乌东德,91100502,323.3714789,53,195
0001,乌东德,91100502,371.7686326,63,195
0001,乌东德,91100502,376.7324433,64,195
0001,乌东德,91100502,464.8400822,82,195
0001,乌东德,91100502,469.8038928,83,195
0001,乌东德,91100502,580.2486796,105,195
0001,乌东德,91100502,147.1562011,19,200
0001,乌东德,91100502,158.324775,21,200
0001,乌东德,91100502,207.9628815,30,200
0001,乌东德,91100502,212.9266921,31,200
0001,乌东德,91100502,246.4324139,38,200
0001,乌东德,91100502,251.3962246,39,200
0001,乌东德,91100502,279.9381358,45,200
0001,乌东德,91100502,303.5162363,50,200
0001,乌东德,91100502,322.1305262,54,200
0001,乌东德,91100502,327.0943369,55,200
0001,乌东德,91100502,360.6000587,62,200
0001,乌东德,91100502,365.5638693,63,200
0001,乌东德,91100502,394.1057805,69,200
0001,乌东德,91100502,399.0695912,70,200
0001,乌东德,91100502,422.6476917,75,200
0001,乌东德,91100502,427.6115023,76,200
0001,乌东德,91100502,456.1534135,82,200
0001,乌东德,91100502,461.1172242,83,200
0001,乌东德,91100502,514.4781886,94,200
0001,乌东德,91100502,519.4419992,95,200
0002,白鹤滩,81100500,203.9374,28,165
0002,白鹤滩,81100500,209.4926,29,165
0002,白鹤滩,81100500,214.825,30,165
0002,白鹤滩,81100500,220.5391,31,165
0002,白鹤滩,81100500,225.9664,32,165
0002,白鹤滩,81100500,231.6667,33,165
0002,白鹤滩,81100500,237.0819,34,165
0002,白鹤滩,81100500,248.1975,36,165
0002,白鹤滩,81100500,254.0665,37,165
0002,白鹤滩,81100500,259.7162,38,165
0002,白鹤滩,81100500,265.6631,39,165
0002,白鹤滩,81100500,271.3128,40,165
0002,白鹤滩,81100500,277.2472,41,165
0002,白鹤滩,81100500,282.8815,42,165
0002,白鹤滩,81100500,288.7868,43,165
0002,白鹤滩,81100500,294.0941,44,165
0002,白鹤滩,81100500,299.6547,45,165
0002,白鹤滩,81100500,305.555,46,165
0002,白鹤滩,81100500,311.8056,47,165
0002,白鹤滩,81100500,317.7437,48,165
0002,白鹤滩,81100500,323.9943,49,165
0002,白鹤滩,81100500,329.9323,50,165
0002,白鹤滩,81100500,336.1829,51,165
0002,白鹤滩,81100500,342.0634,52,165
0002,白鹤滩,81100500,347.981,53,165
0002,白鹤滩,81100500,360.3328,55,165
0002,白鹤滩,81100500,366.4325,56,165
0002,白鹤滩,81100500,372.8533,57,165
0002,白鹤滩,81100500,378.953,58,165
0002,白鹤滩,81100500,385.3738,59,165
0002,白鹤滩,81100500,391.5258,60,165
0002,白鹤滩,81100500,410.44665,63,165
0002,白鹤滩,81100500,423.8628,65,165
0002,白鹤滩,81100500,430.321,66,165
0002,白鹤滩,81100500,437.1502,67,165
0002,白鹤滩,81100500,443.4535,68,165
0002,白鹤滩,81100500,449.9286,69,165
0002,白鹤滩,81100500,457.5186,70,165
0002,白鹤滩,81100500,465.5258,71,165
0002,白鹤滩,81100500,473.1326,72,165
0002,白鹤滩,81100500,481.1393,73,165
0002,白鹤滩,81100500,488.7456,74,165
0002,白鹤滩,81100500,496.3216,75,165
0002,白鹤滩,81100500,512.8898,77,165
0002,白鹤滩,81100500,521.4324,78,165
0002,白鹤滩,81100500,530.4246,79,165
0002,白鹤滩,81100500,538.9407,80,165
0002,白鹤滩,81100500,547.5457,81,165
0002,白鹤滩,81100500,204.6955,29,170
0002,白鹤滩,81100500,209.9729,30,170
0002,白鹤滩,81100500,215.5281,31,170
0002,白鹤滩,81100500,220.8055,32,170
0002,白鹤滩,81100500,226.3606,33,170
0002,白鹤滩,81100500,231.638,34,170
0002,白鹤滩,81100500,242.4706,36,170
0002,白鹤滩,81100500,247.3736,37,170
0002,白鹤滩,81100500,252.3962,38,170
0002,白鹤滩,81100500,258.0313,39,170
0002,白鹤滩,81100500,263.3837,40,170
0002,白鹤滩,81100500,269.0179,41,170
0002,白鹤滩,81100500,274.3703,42,170
0002,白鹤滩,81100500,280.0045,43,170
0002,白鹤滩,81100500,285.3569,44,170
0002,白鹤滩,81100500,290.9911,45,170
0002,白鹤滩,81100500,296.3435,46,170
0002,白鹤滩,81100500,302.1378,47,170
0002,白鹤滩,81100500,307.9026,48,170
0002,白鹤滩,81100500,313.9902,49,170
0002,白鹤滩,81100500,319.7735,50,170
0002,白鹤滩,81100500,325.8611,51,170
0002,白鹤滩,81100500,331.6443,52,170
0002,白鹤滩,81100500,337.5835,53,170
0002,白鹤滩,81100500,343.1255,54,170
0002,白鹤滩,81100500,348.959,55,170
0002,白鹤滩,81100500,355.0099,56,170
0002,白鹤滩,81100500,361.5032,57,170
0002,白鹤滩,81100500,367.307,58,170
0002,白鹤滩,81100500,373.3734,59,170
0002,白鹤滩,81100500,379.1508,60,170
0002,白鹤滩,81100500,385.2323,61,170
0002,白鹤滩,81100500,391.021,62,170
0002,白鹤滩,81100500,397.06575,63,170
0002,白鹤滩,81100500,409.7713,65,170
0002,白鹤滩,81100500,416.0991,66,170
0002,白鹤滩,81100500,422.7629,67,170
0002,白鹤滩,81100500,429.0408,68,170
0002,白鹤滩,81100500,435.2313,69,170
0002,白鹤滩,81100500,441.1122,70,170
0002,白鹤滩,81100500,447.3027,71,170
0002,白鹤滩,81100500,454.1177,72,170
0002,白鹤滩,81100500,462.1243,73,170
0002,白鹤滩,81100500,469.0999,74,170
0002,白鹤滩,81100500,476.3226,75,170
0002,白鹤滩,81100500,491.1442,77,170
0002,白鹤滩,81100500,497.8976,78,170
0002,白鹤滩,81100500,506.2271,79,170
0002,白鹤滩,81100500,523.1691,81,170
0002,白鹤滩,81100500,531.6657,82,170
0002,白鹤滩,81100500,539.8702,83,170
0002,白鹤滩,81100500,547.4114,84,170
0002,白鹤滩,81100500,556.1155,85,170
0002,白鹤滩,81100500,564.6792,86,170
0002,白鹤滩,81100500,200,29,175
0002,白鹤滩,81100500,205.1759,30,175
0002,白鹤滩,81100500,210.731,31,175
0002,白鹤滩,81100500,216.0085,32,175
0002,白鹤滩,81100500,221.5636,33,175
0002,白鹤滩,81100500,226.841,34,175
0002,白鹤滩,81100500,231.47,35,175
0002,白鹤滩,81100500,236.3863,36,175
0002,白鹤滩,81100500,246.008,38,175
0002,白鹤滩,81100500,251.0778,39,175
0002,白鹤滩,81100500,256.4396,40,175
0002,白鹤滩,81100500,262.0837,41,175
0002,白鹤滩,81100500,267.3362,42,175
0002,白鹤滩,81100500,272.8058,43,175
0002,白鹤滩,81100500,278.002,44,175
0002,白鹤滩,81100500,283.4815,45,175
0002,白鹤滩,81100500,288.7715,46,175
0002,白鹤滩,81100500,294.3346,47,175
0002,白鹤滩,81100500,299.4057,48,175
0002,白鹤滩,81100500,305.2674,49,175
0002,白鹤滩,81100500,310.9008,50,175
0002,白鹤滩,81100500,316.8307,51,175
0002,白鹤滩,81100500,322.4641,52,175
0002,白鹤滩,81100500,328.3941,53,175
0002,白鹤滩,81100500,334.0275,54,175
0002,白鹤滩,81100500,339.6055,55,175
0002,白鹤滩,81100500,344.8148,56,175
0002,白鹤滩,81100500,350.3372,57,175
0002,白鹤滩,81100500,356.2266,58,175
0002,白鹤滩,81100500,367.8959,60,175
0002,白鹤滩,81100500,373.9614,61,175
0002,白鹤滩,81100500,379.7236,62,175
0002,白鹤滩,81100500,385.29835,63,175
0002,白鹤滩,81100500,396.5874,65,175
0002,白鹤滩,81100500,402.2678,66,175
0002,白鹤滩,81100500,408.6304,67,175
0002,白鹤滩,81100500,414.7158,68,175
0002,白鹤滩,81100500,421.1214,69,175
0002,白鹤滩,81100500,427.2068,70,175
0002,白鹤滩,81100500,439.0312,72,175
0002,白鹤滩,81100500,445.0571,73,175
0002,白鹤滩,81100500,450.9926,74,175
0002,白鹤滩,81100500,458.29485,75,175
0002,白鹤滩,81100500,473.1424,77,175
0002,白鹤滩,81100500,480.2159,78,175
0002,白鹤滩,81100500,487.2329,79,175
0002,白鹤滩,81100500,493.8991,80,175
0002,白鹤滩,81100500,501.0984,81,175
0002,白鹤滩,81100500,509.064,82,175
0002,白鹤滩,81100500,517.4489,83,175
0002,白鹤滩,81100500,525.4144,84,175
0002,白鹤滩,81100500,532.6177,85,175
0002,白鹤滩,81100500,539.2244,86,175
0002,白鹤滩,81100500,546.1788,87,175
0002,白鹤滩,81100500,553.9783,88,175
0002,白鹤滩,81100500,563.9108,89,175
0002,白鹤滩,81100500,573.3093,90,175
0002,白鹤滩,81100500,582.3816,91,175
0002,白鹤滩,81100500,200.41635,30,180
0002,白鹤滩,81100500,205.9715,31,180
0002,白鹤滩,81100500,211.24845,32,180
0002,白鹤滩,81100500,216.14875,33,180
0002,白鹤滩,81100500,220.83625,34,180
0002,白鹤滩,81100500,230.4941,36,180
0002,白鹤滩,81100500,240.21155,38,180
0002,白鹤滩,81100500,245.19485,39,180
0002,白鹤滩,81100500,249.92495,40,180
0002,白鹤滩,81100500,255.47465,41,180
0002,白鹤滩,81100500,260.75525,42,180
0002,白鹤滩,81100500,266.31365,43,180
0002,白鹤滩,81100500,271.43915,44,180
0002,白鹤滩,81100500,276.75855,45,180
0002,白鹤滩,81100500,281.81205,46,180
0002,白鹤滩,81100500,287.1315,47,180
0002,白鹤滩,81100500,292.185,48,180
0002,白鹤滩,81100500,297.50445,49,180
0002,白鹤滩,81100500,302.8515,50,180
0002,白鹤滩,81100500,308.7814,51,180
0002,白鹤滩,81100500,314.1116,52,180
0002,白鹤滩,81100500,319.60525,53,180
0002,白鹤滩,81100500,324.83215,54,180
0002,白鹤滩,81100500,330.33425,55,180
0002,白鹤滩,81100500,335.5854,56,180
0002,白鹤滩,81100500,341.21965,57,180
0002,白鹤滩,81100500,346.43215,58,180
0002,白鹤滩,81100500,351.8918,59,180
0002,白鹤滩,81100500,357.4909,60,180
0002,白鹤滩,81100500,363.38465,61,180
0002,白鹤滩,81100500,368.9837,62,180
0002,白鹤滩,81100500,374.524525,63,180
0002,白鹤滩,81100500,385.72315,65,180
0002,白鹤滩,81100500,391.21615,66,180
0002,白鹤滩,81100500,396.85975,67,180
0002,白鹤滩,81100500,402.31905,68,180
0002,白鹤滩,81100500,408.52385,69,180
0002,白鹤滩,81100500,414.4184,70,180
0002,白鹤滩,81100500,420.62325,71,180
0002,白鹤滩,81100500,426.459,72,180
0002,白鹤滩,81100500,432.37705,73,180
0002,白鹤滩,81100500,437.99925,74,180
0002,白鹤滩,81100500,443.77365,75,180
0002,白鹤滩,81100500,456.7813,77,180
0002,白鹤滩,81100500,463.7628,78,180
0002,白鹤滩,81100500,471.1008,79,180
0002,白鹤滩,81100500,477.57115,80,180
0002,白鹤滩,81100500,484.3821,81,180
0002,白鹤滩,81100500,490.87925,82,180
0002,白鹤滩,81100500,497.7009,83,180
0002,白鹤滩,81100500,504.7285,84,180
0002,白鹤滩,81100500,512.4636,85,180
0002,白鹤滩,81100500,519.5602,86,180
0002,白鹤滩,81100500,533.6443,88,180
0002,白鹤滩,81100500,540.91155,89,180
0002,白鹤滩,81100500,547.32365,90,180
0002,白鹤滩,81100500,555.5368,91,180
0002,白鹤滩,81100500,564.25285,92,180
0002,白鹤滩,81100500,573.42765,93,180
0002,白鹤滩,81100500,582.14365,94,180
0002,白鹤滩,81100500,591.3151,95,180
0002,白鹤滩,81100500,598.879,96,180
0002,白鹤滩,81100500,201.0555,31,185
0002,白鹤滩,81100500,205.7903,32,185
0002,白鹤滩,81100500,210.7742,33,185
0002,白鹤滩,81100500,215.5089,34,185
0002,白鹤滩,81100500,225.2276,36,185
0002,白鹤滩,81100500,234.9463,38,185
0002,白鹤滩,81100500,239.8966,39,185
0002,白鹤滩,81100500,244.417,40,185
0002,白鹤滩,81100500,249.1754,41,185
0002,白鹤滩,81100500,254.1501,42,185
0002,白鹤滩,81100500,259.4933,43,185
0002,白鹤滩,81100500,264.5694,44,185
0002,白鹤滩,81100500,269.9126,45,185
0002,白鹤滩,81100500,274.9887,46,185
0002,白鹤滩,81100500,280.2792,47,185
0002,白鹤滩,81100500,285.2676,48,185
0002,白鹤滩,81100500,290.5186,49,185
0002,白鹤滩,81100500,295.507,50,185
0002,白鹤滩,81100500,300.7941,51,185
0002,白鹤滩,81100500,311.687,53,185
0002,白鹤滩,81100500,316.9938,54,185
0002,白鹤滩,81100500,322.2607,55,185
0002,白鹤滩,81100500,327.2523,56,185
0002,白鹤滩,81100500,332.5208,57,185
0002,白鹤滩,81100500,337.6407,58,185
0002,白鹤滩,81100500,342.9337,59,185
0002,白鹤滩,81100500,347.8515,60,185
0002,白鹤滩,81100500,353.3983,61,185
0002,白鹤滩,81100500,358.9173,62,185
0002,白鹤滩,81100500,364.5815,63,185
0002,白鹤滩,81100500,375.7,65,185
0002,白鹤滩,81100500,380.8771,66,185
0002,白鹤滩,81100500,386.3267,67,185
0002,白鹤滩,81100500,391.5038,68,185
0002,白鹤滩,81100500,396.9828,69,185
0002,白鹤滩,81100500,402.3523,70,185
0002,白鹤滩,81100500,408.3974,71,185
0002,白鹤滩,81100500,414.1403,72,185
0002,白鹤滩,81100500,420.1773,73,185
0002,白鹤滩,81100500,425.7354,74,185
0002,白鹤滩,81100500,431.45185,75,185
0002,白鹤滩,81100500,443.0807,77,185
0002,白鹤滩,81100500,448.3762,78,185
0002,白鹤滩,81100500,454.9114,79,185
0002,白鹤滩,81100500,461.3688,80,185
0002,白鹤滩,81100500,468.3387,81,185
0002,白鹤滩,81100500,474.9704,82,185
0002,白鹤滩,81100500,481.9511,83,185
0002,白鹤滩,81100500,488.2956,84,185
0002,白鹤滩,81100500,494.6936,85,185
0002,白鹤滩,81100500,500.891,86,185
0002,白鹤滩,81100500,508.2771,87,185
0002,白鹤滩,81100500,515.294,88,185
0002,白鹤滩,81100500,522.0991,89,185
0002,白鹤滩,81100500,528.5108,90,185
0002,白鹤滩,81100500,535.255,91,185
0002,白鹤滩,81100500,541.662,92,185
0002,白鹤滩,81100500,548.4062,93,185
0002,白鹤滩,81100500,556.1506,94,185
0002,白鹤滩,81100500,564.3674,95,185
0002,白鹤滩,81100500,572.4164,96,185
0002,白鹤滩,81100500,580.8891,97,185
0002,白鹤滩,81100500,588.7331,98,185
0002,白鹤滩,81100500,596.2853,99,185
0002,白鹤滩,81100500,605.5707,100,185
0002,白鹤滩,81100500,201.3724,32,190
0002,白鹤滩,81100500,206.3373,33,190
0002,白鹤滩,81100500,210.8578,34,190
0002,白鹤滩,81100500,220.1461,36,190
0002,白鹤滩,81100500,229.4773,38,190
0002,白鹤滩,81100500,234.2625,39,190
0002,白鹤滩,81100500,238.8085,40,190
0002,白鹤滩,81100500,243.4983,41,190
0002,白鹤滩,81100500,247.9223,42,190
0002,白鹤滩,81100500,252.9223,43,190
0002,白鹤滩,81100500,263.153,45,190
0002,白鹤滩,81100500,268.0786,46,190
0002,白鹤滩,81100500,273.3127,47,190
0002,白鹤滩,81100500,278.3107,48,190
0002,白鹤滩,81100500,283.5489,49,190
0002,白鹤滩,81100500,288.3833,50,190
0002,白鹤滩,81100500,293.4722,51,190
0002,白鹤滩,81100500,298.3066,52,190
0002,白鹤滩,81100500,303.5959,53,190
0002,白鹤滩,81100500,308.7158,54,190
0002,白鹤滩,81100500,314.0853,55,190
0002,白鹤滩,81100500,319.0031,56,190
0002,白鹤滩,81100500,324.1797,57,190
0002,白鹤滩,81100500,329.0976,58,190
0002,白鹤滩,81100500,334.2742,59,190
0002,白鹤滩,81100500,339.2208,60,190
0002,白鹤滩,81100500,344.4762,61,190
0002,白鹤滩,81100500,349.3557,62,190
0002,白鹤滩,81100500,354.8293,63,190
0002,白鹤滩,81100500,365.9497,65,190
0002,白鹤滩,81100500,371.3141,66,190
0002,白鹤滩,81100500,381.608,68,190
0002,白鹤滩,81100500,386.8112,69,190
0002,白鹤滩,81100500,391.7963,70,190
0002,白鹤滩,81100500,397.0451,71,190
0002,白鹤滩,81100500,402.3224,72,190
0002,白鹤滩,81100500,408.323,73,190
0002,白鹤滩,81100500,413.7718,74,190
0002,白鹤滩,81100500,419.4652,75,190
0002,白鹤滩,81100500,430.9288,77,190
0002,白鹤滩,81100500,436.3227,78,190
0002,白鹤滩,81100500,442.0004,79,190
0002,白鹤滩,81100500,447.3943,80,190
0002,白鹤滩,81100500,453.7207,81,190
0002,白鹤滩,81100500,459.7988,82,190
0002,白鹤滩,81100500,466.303,83,190
0002,白鹤滩,81100500,472.5118,84,190
0002,白鹤滩,81100500,479.0473,85,190
0002,白鹤滩,81100500,485.2417,86,190
0002,白鹤滩,81100500,491.6612,87,190
0002,白鹤滩,81100500,497.3334,88,190
0002,白鹤滩,81100500,503.811,89,190
0002,白鹤滩,81100500,510.3564,90,190
0002,白鹤滩,81100500,517.3091,91,190
0002,白鹤滩,81100500,523.8378,92,190
0002,白鹤滩,81100500,530.619,93,190
0002,白鹤滩,81100500,537.1036,94,190
0002,白鹤滩,81100500,543.9464,95,190
0002,白鹤滩,81100500,550.074,96,190
0002,白鹤滩,81100500,558.0788,97,190
0002,白鹤滩,81100500,565.6832,98,190
0002,白鹤滩,81100500,573.4555,99,190
0002,白鹤滩,81100500,580.7277,100,190
0002,白鹤滩,81100500,588.5059,101,190
0002,白鹤滩,81100500,595.8953,102,190
0002,白鹤滩,81100500,604.1242,103,190
0002,白鹤滩,81100500,612.8593,104,190
0002,白鹤滩,81100500,200,32,195
0002,白鹤滩,81100500,201.0968,33,195
0002,白鹤滩,81100500,205.6427,34,195
0002,白鹤滩,81100500,210.1153,35,195
0002,白鹤滩,81100500,214.7971,36,195
0002,白鹤滩,81100500,223.9658,38,195
0002,白鹤滩,81100500,228.7347,39,195
0002,白鹤滩,81100500,233.2651,40,195
0002,白鹤滩,81100500,238.034,41,195
0002,白鹤滩,81100500,242.5204,42,195
0002,白鹤滩,81100500,247.1238,43,195
0002,白鹤滩,81100500,251.6696,44,195
0002,白鹤滩,81100500,256.8034,45,195
0002,白鹤滩,81100500,261.6806,46,195
0002,白鹤滩,81100500,266.8145,47,195
0002,白鹤滩,81100500,271.6916,48,195
0002,白鹤滩,81100500,276.8242,49,195
0002,白鹤滩,81100500,281.6871,50,195
0002,白鹤滩,81100500,286.7005,51,195
0002,白鹤滩,81100500,291.391,52,195
0002,白鹤滩,81100500,296.3284,53,195
0002,白鹤滩,81100500,301.0923,54,195
0002,白鹤滩,81100500,306.233,55,195
0002,白鹤滩,81100500,311.1125,56,195
0002,白鹤滩,81100500,316.2552,57,195
0002,白鹤滩,81100500,321.1508,58,195
0002,白鹤滩,81100500,326.3042,59,195
0002,白鹤滩,81100500,331.1998,60,195
0002,白鹤滩,81100500,336.3531,61,195
0002,白鹤滩,81100500,341.2488,62,195
0002,白鹤滩,81100500,346.22835,63,195
0002,白鹤滩,81100500,356.5482,65,195
0002,白鹤滩,81100500,361.6216,66,195
0002,白鹤滩,81100500,366.9619,67,195
0002,白鹤滩,81100500,372.0353,68,195
0002,白鹤滩,81100500,377.3756,69,195
0002,白鹤滩,81100500,382.3393,70,195
0002,白鹤滩,81100500,387.3784,71,195
0002,白鹤滩,81100500,392.1656,72,195
0002,白鹤滩,81100500,397.2047,73,195
0002,白鹤滩,81100500,402.3104,74,195
0002,白鹤滩,81100500,407.84375,75,195
0002,白鹤滩,81100500,419.0597,77,195
0002,白鹤滩,81100500,424.4867,78,195
0002,白鹤滩,81100500,430.1993,79,195
0002,白鹤滩,81100500,435.6264,80,195
0002,白鹤滩,81100500,441.339,81,195
0002,白鹤滩,81100500,446.4606,82,195
0002,白鹤滩,81100500,452.1765,83,195
0002,白鹤滩,81100500,458.275,84,195
0002,白鹤滩,81100500,464.6944,85,195
0002,白鹤滩,81100500,470.513,86,195
0002,白鹤滩,81100500,476.4948,87,195
0002,白鹤滩,81100500,482.2847,88,195
0002,白鹤滩,81100500,488.4926,89,195
0002,白鹤滩,81100500,494.3011,90,195
0002,白鹤滩,81100500,500.4729,91,195
0002,白鹤滩,81100500,507.1148,92,195
0002,白鹤滩,81100500,519.8798,94,195
0002,白鹤滩,81100500,526.4899,95,195
0002,白鹤滩,81100500,532.7807,96,195
0002,白鹤滩,81100500,539.251,97,195
0002,白鹤滩,81100500,545.3896,98,195
0002,白鹤滩,81100500,552.2713,99,195
0002,白鹤滩,81100500,559.6732,100,195
0002,白鹤滩,81100500,567.2947,101,195
0002,白鹤滩,81100500,574.5632,102,195
0002,白鹤滩,81100500,582.2797,103,195
0002,白鹤滩,81100500,589.6104,104,195
0002,白鹤滩,81100500,597.1389,105,195
0002,白鹤滩,81100500,604.8723,106,195
0002,白鹤滩,81100500,613.5638,107,195
0002,白鹤滩,81100500,621.901,108,195
0002,白鹤滩,81100500,632.061,109,195
0002,白鹤滩,81100500,200,33,200
0002,白鹤滩,81100500,201.333,34,200
0002,白鹤滩,81100500,205.8635,35,200
0002,白鹤滩,81100500,210.5612,36,200
0002,白鹤滩,81100500,215.1647,37,200
0002,白鹤滩,81100500,219.5488,38,200
0002,白鹤滩,81100500,224.2019,39,200
0002,白鹤滩,81100500,228.6223,40,200
0002,白鹤滩,81100500,233.2754,41,200
0002,白鹤滩,81100500,237.6105,42,200
0002,白鹤滩,81100500,242.1498,43,200
0002,白鹤滩,81100500,246.4622,44,200
0002,白鹤滩,81100500,251.1294,45,200
0002,白鹤滩,81100500,255.9281,46,200
0002,白鹤滩,81100500,260.9961,47,200
0002,白鹤滩,81100500,265.8107,48,200
0002,白鹤滩,81100500,270.8787,49,200
0002,白鹤滩,81100500,275.6257,50,200
0002,白鹤滩,81100500,280.5199,51,200
0002,白鹤滩,81100500,285.1694,52,200
0002,白鹤滩,81100500,290.0637,53,200
0002,白鹤滩,81100500,294.7132,54,200
0002,白鹤滩,81100500,299.6075,55,200
0002,白鹤滩,81100500,304.451,56,200
0002,白鹤滩,81100500,309.399,57,200
0002,白鹤滩,81100500,314.0995,58,200
0002,白鹤滩,81100500,319.0475,59,200
0002,白鹤滩,81100500,323.7481,60,200
0002,白鹤滩,81100500,328.696,61,200
0002,白鹤滩,81100500,333.3966,62,200
0002,白鹤滩,81100500,338.2209,63,200
0002,白鹤滩,81100500,347.9932,65,200
0002,白鹤滩,81100500,352.8274,66,200
0002,白鹤滩,81100500,358.007,67,200
0002,白鹤滩,81100500,362.9276,68,200
0002,白鹤滩,81100500,368.1071,69,200
0002,白鹤滩,81100500,372.9663,70,200
0002,白鹤滩,81100500,377.9702,71,200
0002,白鹤滩,81100500,382.7239,72,200
0002,白鹤滩,81100500,387.7278,73,200
0002,白鹤滩,81100500,392.4815,74,200
0002,白鹤滩,81100500,397.51885,75,200
0002,白鹤滩,81100500,408.2689,77,200
0002,白鹤滩,81100500,413.523,78,200
0002,白鹤滩,81100500,418.878,79,200
0002,白鹤滩,81100500,423.9653,80,200
0002,白鹤滩,81100500,429.4216,81,200
0002,白鹤滩,81100500,434.6674,82,200
0002,白鹤滩,81100500,440.1893,83,200
0002,白鹤滩,81100500,445.1287,84,200
0002,白鹤滩,81100500,450.203,85,200
0002,白鹤滩,81100500,456.1004,86,200
0002,白鹤滩,81100500,462.2769,87,200
0002,白鹤滩,81100500,468.1122,88,200
0002,白鹤滩,81100500,474.405,89,200
0002,白鹤滩,81100500,480.248,90,200
0002,白鹤滩,81100500,486.1501,91,200
0002,白鹤滩,81100500,491.7572,92,200
0002,白鹤滩,81100500,497.7337,93,200
0002,白鹤滩,81100500,503.6281,94,200
0002,白鹤滩,81100500,510.1787,95,200
0002,白鹤滩,81100500,516.4084,96,200
0002,白鹤滩,81100500,523.1248,97,200
0002,白鹤滩,81100500,529.2307,98,200
0002,白鹤滩,81100500,535.5553,99,200
0002,白鹤滩,81100500,541.5637,100,200
0002,白鹤滩,81100500,547.8882,101,200
0002,白鹤滩,81100500,554.7542,102,200
0002,白鹤滩,81100500,562.4265,103,200
0002,白鹤滩,81100500,569.3269,104,200
0002,白鹤滩,81100500,576.5794,105,200
0002,白鹤滩,81100500,583.5638,106,200
0002,白鹤滩,81100500,590.86,107,200
0002,白鹤滩,81100500,597.6703,108,200
0002,白鹤滩,81100500,605.9201,109,200
0002,白鹤滩,81100500,614.252,110,200
0002,白鹤滩,81100500,623.0289,111,200
0002,白鹤滩,81100500,631.3732,112,200
0002,白鹤滩,81100500,640.1144,113,200
0002,白鹤滩,81100500,200,34,205
0002,白鹤滩,81100500,201.4752,35,205
0002,白鹤滩,81100500,206.0719,36,205
0002,白鹤滩,81100500,215.0354,38,205
0002,白鹤滩,81100500,219.6149,39,205
0002,白鹤滩,81100500,223.9072,40,205
0002,白鹤滩,81100500,228.4253,41,205
0002,白鹤滩,81100500,232.7176,42,205
0002,白鹤滩,81100500,237.2357,43,205
0002,白鹤滩,81100500,241.5393,44,205
0002,白鹤滩,81100500,246.1168,45,205
0002,白鹤滩,81100500,250.3248,46,205
0002,白鹤滩,81100500,255.2635,47,205
0002,白鹤滩,81100500,259.9552,48,205
0002,白鹤滩,81100500,264.8938,49,205
0002,白鹤滩,81100500,269.5855,50,205
0002,白鹤滩,81100500,274.4217,51,205
0002,白鹤滩,81100500,278.9752,52,205
0002,白鹤滩,81100500,283.7683,53,205
0002,白鹤滩,81100500,288.3218,54,205
0002,白鹤滩,81100500,293.1149,55,205
0002,白鹤滩,81100500,297.6684,56,205
0002,白鹤滩,81100500,302.5439,57,205
0002,白鹤滩,81100500,307.2498,58,205
0002,白鹤滩,81100500,312.2034,59,205
0002,白鹤滩,81100500,316.9093,60,205
0002,白鹤滩,81100500,321.8348,61,205
0002,白鹤滩,81100500,326.317,62,205
0002,白鹤滩,81100500,330.9951,63,205
0002,白鹤滩,81100500,340.6999,65,205
0002,白鹤滩,81100500,345.0742,66,205
0002,白鹤滩,81100500,349.6787,67,205
0002,白鹤滩,81100500,354.4516,68,205
0002,白鹤滩,81100500,359.5089,69,205
0002,白鹤滩,81100500,364.3134,70,205
0002,白鹤滩,81100500,369.3707,71,205
0002,白鹤滩,81100500,374.1373,72,205
0002,白鹤滩,81100500,379.0986,73,205
0002,白鹤滩,81100500,383.8119,74,205
0002,白鹤滩,81100500,398.0463,77,205
0002,白鹤滩,81100500,403.0031,78,205
0002,白鹤滩,81100500,408.525,79,205
0002,白鹤滩,81100500,413.7708,80,205
0002,白鹤滩,81100500,419.1033,81,205
0002,白鹤滩,81100500,423.8875,82,205
0002,白鹤滩,81100500,428.9835,83,205
0002,白鹤滩,81100500,433.8658,84,205
0002,白鹤滩,81100500,439.0051,85,205
0002,白鹤滩,81100500,443.8906,86,205
0002,白鹤滩,81100500,449.0592,87,205
0002,白鹤滩,81100500,454.6898,88,205
0002,白鹤滩,81100500,460.8461,89,205
0002,白鹤滩,81100500,466.6947,90,205
0002,白鹤滩,81100500,472.5997,91,205
0002,白鹤滩,81100500,478.0549,92,205
0002,白鹤滩,81100500,483.9068,93,205
0002,白鹤滩,81100500,489.4662,94,205
0002,白鹤滩,81100500,495.3614,95,205
0002,白鹤滩,81100500,500.8694,96,205
0002,白鹤滩,81100500,507.2662,97,205
0002,白鹤滩,81100500,513.3433,98,205
0002,白鹤滩,81100500,519.7017,99,205
0002,白鹤滩,81100500,525.7374,100,205
0002,白鹤滩,81100500,531.8675,101,205
0002,白鹤滩,81100500,537.6338,102,205
0002,白鹤滩,81100500,543.7036,103,205
0002,白鹤滩,81100500,549.4699,104,205
0002,白鹤滩,81100500,556.6875,105,205
0002,白鹤滩,81100500,563.7026,106,205
0002,白鹤滩,81100500,571.0716,107,205
0002,白鹤滩,81100500,577.575,108,205
0002,白鹤滩,81100500,584.5817,109,205
0002,白鹤滩,81100500,590.9774,110,205
0002,白鹤滩,81100500,597.7098,111,205
0002,白鹤滩,81100500,605.4001,112,205
0002,白鹤滩,81100500,614.2552,113,205
0002,白鹤滩,81100500,622.4951,114,205
0002,白鹤滩,81100500,631.3806,115,205
0002,白鹤滩,81100500,639.6867,116,205
0002,白鹤滩,81100500,652.6959,118,205
0002,白鹤滩,81100500,200,35,210
0002,白鹤滩,81100500,202.1678,36,210
0002,白鹤滩,81100500,206.77145,37,210
0002,白鹤滩,81100500,210.9435,38,210
0002,白鹤滩,81100500,215.3351,39,210
0002,白鹤滩,81100500,219.5635,40,210
0002,白鹤滩,81100500,224.0353,41,210
0002,白鹤滩,81100500,228.28355,42,210
0002,白鹤滩,81100500,232.7554,43,210
0002,白鹤滩,81100500,236.85525,44,210
0002,白鹤滩,81100500,241.1526,45,210
0002,白鹤滩,81100500,245.2351,46,210
0002,白鹤滩,81100500,249.5324,47,210
0002,白鹤滩,81100500,254.02945,48,210
0002,白鹤滩,81100500,258.8196,49,210
0002,白鹤滩,81100500,263.3703,50,210
0002,白鹤滩,81100500,268.16045,51,210
0002,白鹤滩,81100500,272.7111,52,210
0002,白鹤滩,81100500,277.5013,53,210
0002,白鹤滩,81100500,282.05195,54,210
0002,白鹤滩,81100500,286.87775,55,210
0002,白鹤滩,81100500,291.50965,56,210
0002,白鹤滩,81100500,296.38535,57,210
0002,白鹤滩,81100500,301.05265,58,210
0002,白鹤滩,81100500,306.0981,59,210
0002,白鹤滩,81100500,310.8913,60,210
0002,白鹤滩,81100500,315.77265,61,210
0002,白鹤滩,81100500,320.147,62,210
0002,白鹤滩,81100500,324.65805,63,210
0002,白鹤滩,81100500,333.8434,65,210
0002,白鹤滩,81100500,338.1412,66,210
0002,白鹤滩,81100500,342.59635,67,210
0002,白鹤滩,81100500,346.82875,68,210
0002,白鹤滩,81100500,351.4298,69,210
0002,白鹤滩,81100500,356.14305,70,210
0002,白鹤滩,81100500,361.10435,71,210
0002,白鹤滩,81100500,365.71995,72,210
0002,白鹤滩,81100500,370.53045,73,210
0002,白鹤滩,81100500,375.10035,74,210
0002,白鹤滩,81100500,379.826275,75,210
0002,白鹤滩,81100500,389.5242,77,210
0002,白鹤滩,81100500,394.1688,78,210
0002,白鹤滩,81100500,398.6991,79,210
0002,白鹤滩,81100500,403.47625,80,210
0002,白鹤滩,81100500,408.7206,81,210
0002,白鹤滩,81100500,413.70275,82,210
0002,白鹤滩,81100500,418.94715,83,210
0002,白鹤滩,81100500,423.86935,84,210
0002,白鹤滩,81100500,428.8678,85,210
0002,白鹤滩,81100500,433.6163,86,210
0002,白鹤滩,81100500,438.6427,87,210
0002,白鹤滩,81100500,443.57365,88,210
0002,白鹤滩,81100500,448.3794,89,210
0002,白鹤滩,81100500,453.6432,90,210
0002,白鹤滩,81100500,459.5886,91,210
0002,白鹤滩,81100500,465.1083,92,210
0002,白鹤滩,81100500,470.9514,93,210
0002,白鹤滩,81100500,476.55545,94,210
0002,白鹤滩,81100500,482.1806,95,210
0002,白鹤滩,81100500,487.44045,96,210
0002,白鹤滩,81100500,493.1106,97,210
0002,白鹤滩,81100500,498.312,98,210
0002,白鹤滩,81100500,504.30565,99,210
0002,白鹤滩,81100500,510.2193,100,210
0002,白鹤滩,81100500,516.4441,101,210
0002,白鹤滩,81100500,522.3577,102,210
0002,白鹤滩,81100500,528.35675,103,210
0002,白鹤滩,81100500,533.9994,104,210
0002,白鹤滩,81100500,539.86655,105,210
0002,白鹤滩,81100500,545.42515,106,210
0002,白鹤滩,81100500,551.5088,107,210
0002,白鹤滩,81100500,558.08025,108,210
0002,白鹤滩,81100500,564.99765,109,210
0002,白鹤滩,81100500,571.56915,110,210
0002,白鹤滩,81100500,578.4107,111,210
0002,白鹤滩,81100500,584.7991,112,210
0002,白鹤滩,81100500,591.5237,113,210
0002,白鹤滩,81100500,597.9519,114,210
0002,白鹤滩,81100500,605.97135,115,210
0002,白鹤滩,81100500,614.121,116,210
0002,白鹤滩,81100500,622.69965,117,210
0002,白鹤滩,81100500,630.75575,118,210
0002,白鹤滩,81100500,638.5722,119,210
0002,白鹤滩,81100500,645.9836,120,210
0002,白鹤滩,81100500,654.22305,121,210
0002,白鹤滩,81100500,662.6829,122,210
0002,白鹤滩,81100500,200,35,215
0002,白鹤滩,81100500,203.666,37,215
0002,白鹤滩,81100500,207.7469,38,215
0002,白鹤滩,81100500,212.0427,39,215
0002,白鹤滩,81100500,216.1236,40,215
0002,白鹤滩,81100500,220.4194,41,215
0002,白鹤滩,81100500,224.5004,42,215
0002,白鹤滩,81100500,228.7961,43,215
0002,白鹤滩,81100500,232.8771,44,215
0002,白鹤滩,81100500,237.075,45,215
0002,白鹤滩,81100500,240.9074,46,215
0002,白鹤滩,81100500,244.9416,47,215
0002,白鹤滩,81100500,248.7741,48,215
0002,白鹤滩,81100500,253.3934,49,215
0002,白鹤滩,81100500,262.899,51,215
0002,白鹤滩,81100500,267.53,52,215
0002,白鹤滩,81100500,272.4047,53,215
0002,白鹤滩,81100500,277.0356,54,215
0002,白鹤滩,81100500,281.9106,55,215
0002,白鹤滩,81100500,286.4498,56,215
0002,白鹤滩,81100500,291.1013,57,215
0002,白鹤滩,81100500,295.5202,58,215
0002,白鹤滩,81100500,300.1725,59,215
0002,白鹤滩,81100500,304.6076,60,215
0002,白鹤滩,81100500,309.0627,61,215
0002,白鹤滩,81100500,313.3056,62,215
0002,白鹤滩,81100500,317.70005,63,215
0002,白鹤滩,81100500,326.6017,65,215
0002,白鹤滩,81100500,330.8835,66,215
0002,白鹤滩,81100500,335.3927,67,215
0002,白鹤滩,81100500,339.6913,68,215
0002,白鹤滩,81100500,344.2162,69,215
0002,白鹤滩,81100500,348.5149,70,215
0002,白鹤滩,81100500,353.3401,71,215
0002,白鹤滩,81100500,358.0636,72,215
0002,白鹤滩,81100500,363.0356,73,215
0002,白鹤滩,81100500,367.759,74,215
0002,白鹤滩,81100500,372.3422,75,215
0002,白鹤滩,81100500,381.4557,77,215
0002,白鹤滩,81100500,385.7595,78,215
0002,白鹤滩,81100500,390.2898,79,215
0002,白鹤滩,81100500,394.5936,80,215
0002,白鹤滩,81100500,399.1817,81,215
0002,白鹤滩,81100500,404.0228,82,215
0002,白鹤滩,81100500,409.2543,83,215
0002,白鹤滩,81100500,414.2242,84,215
0002,白鹤滩,81100500,419.4371,85,215
0002,白鹤滩,81100500,424.0025,86,215
0002,白鹤滩,81100500,428.811,87,215
0002,白鹤滩,81100500,433.3951,88,215
0002,白鹤滩,81100500,438.2205,89,215
0002,白鹤滩,81100500,442.8046,90,215
0002,白鹤滩,81100500,447.6315,91,215
0002,白鹤滩,81100500,452.6789,92,215
0002,白鹤滩,81100500,458.4944,93,215
0002,白鹤滩,81100500,463.9439,94,215
0002,白鹤滩,81100500,469.419,95,215
0002,白鹤滩,81100500,474.6203,96,215
0002,白鹤滩,81100500,480.0954,97,215
0002,白鹤滩,81100500,485.3001,98,215
0002,白鹤滩,81100500,490.8889,99,215
0002,白鹤滩,81100500,496.1308,100,215
0002,白鹤滩,81100500,501.7492,101,215
0002,白鹤滩,81100500,507.5599,102,215
0002,白鹤滩,81100500,513.6765,103,215
0002,白鹤滩,81100500,519.4872,104,215
0002,白鹤滩,81100500,525.2014,105,215
0002,白鹤滩,81100500,530.5015,106,215
0002,白鹤滩,81100500,536.0804,107,215
0002,白鹤滩,81100500,541.4228,108,215
0002,白鹤滩,81100500,547.1478,109,215
0002,白鹤滩,81100500,552.8377,110,215
0002,白鹤滩,81100500,559.7,111,215
0002,白鹤滩,81100500,566.1019,112,215
0002,白鹤滩,81100500,572.8406,113,215
0002,白鹤滩,81100500,579.2424,114,215
0002,白鹤滩,81100500,585.9812,115,215
0002,白鹤滩,81100500,592.3821,116,215
0002,白鹤滩,81100500,599.1235,117,215
0002,白鹤滩,81100500,606.4194,118,215
0002,白鹤滩,81100500,614.3071,119,215
0002,白鹤滩,81100500,621.8005,120,215
0002,白鹤滩,81100500,629.6882,121,215
0002,白鹤滩,81100500,637.1564,122,215
0002,白鹤滩,81100500,644.8728,123,215
0002,白鹤滩,81100500,652.2584,124,215
0002,白鹤滩,81100500,660.7173,125,215
0002,白鹤滩,81100500,669.0283,126,215
0002,白鹤滩,81100500,200,36,220
0002,白鹤滩,81100500,201.8723,37,220
0002,白鹤滩,81100500,205.6616,38,220
0002,白鹤滩,81100500,209.6503,39,220
0002,白鹤滩,81100500,213.4397,40,220
0002,白鹤滩,81100500,217.4284,41,220
0002,白鹤滩,81100500,221.2177,42,220
0002,白鹤滩,81100500,225.2065,43,220
0002,白鹤滩,81100500,228.9958,44,220
0002,白鹤滩,81100500,232.9845,45,220
0002,白鹤滩,81100500,236.7738,46,220
0002,白鹤滩,81100500,240.7626,47,220
0002,白鹤滩,81100500,244.5945,48,220
0002,白鹤滩,81100500,248.6287,49,220
0002,白鹤滩,81100500,252.8868,50,220
0002,白鹤滩,81100500,257.4982,51,220
0002,白鹤滩,81100500,261.8791,52,220
0002,白鹤滩,81100500,266.4905,53,220
0002,白鹤滩,81100500,270.8713,54,220
0002,白鹤滩,81100500,275.4828,55,220
0002,白鹤滩,81100500,279.8636,56,220
0002,白鹤滩,81100500,284.4751,57,220
0002,白鹤滩,81100500,288.8559,58,220
0002,白鹤滩,81100500,293.4673,59,220
0002,白鹤滩,81100500,297.8482,60,220
0002,白鹤滩,81100500,302.4118,61,220
0002,白鹤滩,81100500,306.7104,62,220
0002,白鹤滩,81100500,311.1222,63,220
0002,白鹤滩,81100500,320.0602,65,220
0002,白鹤滩,81100500,324.3607,66,220
0002,白鹤滩,81100500,328.8875,67,220
0002,白鹤滩,81100500,333.188,68,220
0002,白鹤滩,81100500,337.7148,69,220
0002,白鹤滩,81100500,342.0153,70,220
0002,白鹤滩,81100500,346.5421,71,220
0002,白鹤滩,81100500,350.8528,72,220
0002,白鹤滩,81100500,355.5508,73,220
0002,白鹤滩,81100500,360.0138,74,220
0002,白鹤滩,81100500,364.59435,75,220
0002,白鹤滩,81100500,373.7309,77,220
0002,白鹤滩,81100500,378.0246,78,220
0002,白鹤滩,81100500,382.5443,79,220
0002,白鹤滩,81100500,386.838,80,220
0002,白鹤滩,81100500,391.3893,81,220
0002,白鹤滩,81100500,395.7436,82,220
0002,白鹤滩,81100500,400.1855,83,220
0002,白鹤滩,81100500,404.8417,84,220
0002,白鹤滩,81100500,409.743,85,220
0002,白鹤滩,81100500,414.3992,86,220
0002,白鹤滩,81100500,419.3004,87,220
0002,白鹤滩,81100500,423.9566,88,220
0002,白鹤滩,81100500,428.8579,89,220
0002,白鹤滩,81100500,433.514,90,220
0002,白鹤滩,81100500,438.288,91,220
0002,白鹤滩,81100500,442.619,92,220
0002,白鹤滩,81100500,447.1779,93,220
0002,白鹤滩,81100500,451.8497,94,220
0002,白鹤滩,81100500,457.4385,95,220
0002,白鹤滩,81100500,462.6685,96,220
0002,白鹤滩,81100500,468.0873,97,220
0002,白鹤滩,81100500,473.2352,98,220
0002,白鹤滩,81100500,478.6903,99,220
0002,白鹤滩,81100500,483.906,100,220
0002,白鹤滩,81100500,489.3963,101,220
0002,白鹤滩,81100500,494.5598,102,220
0002,白鹤滩,81100500,505.2295,104,220
0002,白鹤滩,81100500,511.0493,105,220
0002,白鹤滩,81100500,516.5782,106,220
0002,白鹤滩,81100500,522.3981,107,220
0002,白鹤滩,81100500,527.5615,108,220
0002,白鹤滩,81100500,532.7911,109,220
0002,白鹤滩,81100500,537.7258,110,220
0002,白鹤滩,81100500,542.9202,111,220
0002,白鹤滩,81100500,547.855,112,220
0002,白鹤滩,81100500,554.2747,113,220
0002,白鹤滩,81100500,561.1136,114,220
0002,白鹤滩,81100500,568.0361,115,220
0002,白鹤滩,81100500,574.1517,116,220
0002,白鹤滩,81100500,580.5891,117,220
0002,白鹤滩,81100500,586.7047,118,220
0002,白鹤滩,81100500,593.1421,119,220
0002,白鹤滩,81100500,599.2576,120,220
0002,白鹤滩,81100500,606.8022,121,220
0002,白鹤滩,81100500,614.1127,122,220
0002,白鹤滩,81100500,621.808,123,220
0002,白鹤滩,81100500,629.1187,124,220
0002,白鹤滩,81100500,636.814,125,220
0002,白鹤滩,81100500,644.0267,126,220
0002,白鹤滩,81100500,651.0894,127,220
0002,白鹤滩,81100500,659.1267,128,220
0002,白鹤滩,81100500,667.4427,129,220
0002,白鹤滩,81100500,675.3184,130,220
0002,白鹤滩,81100500,200.5734,37,225
0002,白鹤滩,81100500,204.3627,38,225
0002,白鹤滩,81100500,208.3515,39,225
0002,白鹤滩,81100500,212.1408,40,225
0002,白鹤滩,81100500,216.1295,41,225
0002,白鹤滩,81100500,219.9188,42,225
0002,白鹤滩,81100500,223.9076,43,225
0002,白鹤滩,81100500,227.5633,44,225
0002,白鹤滩,81100500,231.2943,45,225
0002,白鹤滩,81100500,234.8387,46,225
0002,白鹤滩,81100500,238.5696,47,225
0002,白鹤滩,81100500,242.114,48,225
0002,白鹤滩,81100500,245.8449,49,225
0002,白鹤滩,81100500,249.3893,50,225
0002,白鹤滩,81100500,253.8627,51,225
0002,白鹤滩,81100500,258.2505,52,225
0002,白鹤滩,81100500,262.7803,53,225
0002,白鹤滩,81100500,266.902,54,225
0002,白鹤滩,81100500,271.2406,55,225
0002,白鹤滩,81100500,275.3622,56,225
0002,白鹤滩,81100500,279.7008,57,225
0002,白鹤滩,81100500,283.8225,58,225
0002,白鹤滩,81100500,288.1611,59,225
0002,白鹤滩,81100500,292.2827,60,225
0002,白鹤滩,81100500,296.6213,61,225
0002,白鹤滩,81100500,300.7752,62,225
0002,白鹤滩,81100500,305.1301,63,225
0002,白鹤滩,81100500,313.9495,65,225
0002,白鹤滩,81100500,318.1907,66,225
0002,白鹤滩,81100500,322.6552,67,225
0002,白鹤滩,81100500,326.8815,68,225
0002,白鹤滩,81100500,331.3111,69,225
0002,白鹤滩,81100500,335.5191,70,225
0002,白鹤滩,81100500,339.9668,71,225
0002,白鹤滩,81100500,348.5942,73,225
0002,白鹤滩,81100500,352.8207,74,225
0002,白鹤滩,81100500,357.29215,75,225
0002,白鹤滩,81100500,366.3497,77,225
0002,白鹤滩,81100500,370.7065,78,225
0002,白鹤滩,81100500,375.2564,79,225
0002,白鹤滩,81100500,379.4591,80,225
0002,白鹤滩,81100500,383.883,81,225
0002,白鹤滩,81100500,388.0857,82,225
0002,白鹤滩,81100500,392.5096,83,225
0002,白鹤滩,81100500,396.7123,84,225
0002,白鹤滩,81100500,401.2589,85,225
0002,白鹤滩,81100500,405.915,86,225
0002,白鹤滩,81100500,410.8163,87,225
0002,白鹤滩,81100500,415.3326,88,225
0002,白鹤滩,81100500,419.8915,89,225
0002,白鹤滩,81100500,424.2906,90,225
0002,白鹤滩,81100500,429.054,91,225
0002,白鹤滩,81100500,433.3347,92,225
0002,白鹤滩,81100500,437.8336,93,225
0002,白鹤滩,81100500,442.1273,94,225
0002,白鹤滩,81100500,446.6469,95,225
0002,白鹤滩,81100500,451.1425,96,225
0002,白鹤滩,81100500,456.6328,97,225
0002,白鹤滩,81100500,461.8486,98,225
0002,白鹤滩,81100500,467.3389,99,225
0002,白鹤滩,81100500,472.4721,100,225
0002,白鹤滩,81100500,477.6461,101,225
0002,白鹤滩,81100500,482.5615,102,225
0002,白鹤滩,81100500,487.7355,103,225
0002,白鹤滩,81100500,492.6509,104,225
0002,白鹤滩,81100500,497.825,105,225
0002,白鹤滩,81100500,502.9083,106,225
0002,白鹤滩,81100500,508.3673,107,225
0002,白鹤滩,81100500,513.5508,108,225
0002,白鹤滩,81100500,519.0071,109,225
0002,白鹤滩,81100500,524.1906,110,225
0002,白鹤滩,81100500,529.6469,111,225
0002,白鹤滩,81100500,534.8201,112,225
0002,白鹤滩,81100500,540.1974,113,225
0002,白鹤滩,81100500,545.28,114,225
0002,白鹤滩,81100500,550.7789,115,225
0002,白鹤滩,81100500,557.0613,116,225
0002,白鹤滩,81100500,563.6642,117,225
0002,白鹤滩,81100500,569.9286,118,225
0002,白鹤滩,81100500,576.4895,119,225
0002,白鹤滩,81100500,582.4294,120,225
0002,白鹤滩,81100500,588.6821,121,225
0002,白鹤滩,81100500,594.622,122,225
0002,白鹤滩,81100500,601.0764,123,225
0002,白鹤滩,81100500,608.3671,124,225
0002,白鹤滩,81100500,615.8987,125,225
0002,白鹤滩,81100500,622.41,126,225
0002,白鹤滩,81100500,629.2639,127,225
0002,白鹤滩,81100500,635.7927,128,225
0002,白鹤滩,81100500,642.7867,129,225
0002,白鹤滩,81100500,649.3771,130,225
0002,白鹤滩,81100500,657.5275,131,225
0002,白鹤滩,81100500,665.4695,132,225
0002,白鹤滩,81100500,673.948,133,225
0002,白鹤滩,81100500,682.0009,134,225
0002,白鹤滩,81100500,690.3549,135,225
0002,白鹤滩,81100500,202.886,38,230
0002,白鹤滩,81100500,206.6141,39,230
0002,白鹤滩,81100500,210.1559,40,230
0002,白鹤滩,81100500,213.884,41,230
0002,白鹤滩,81100500,217.4258,42,230
0002,白鹤滩,81100500,221.1539,43,230
0002,白鹤滩,81100500,224.6957,44,230
0002,白鹤滩,81100500,228.4238,45,230
0002,白鹤滩,81100500,231.9656,46,230
0002,白鹤滩,81100500,235.6938,47,230
0002,白鹤滩,81100500,239.2355,48,230
0002,白鹤滩,81100500,242.9637,49,230
0002,白鹤滩,81100500,246.5054,50,230
0002,白鹤滩,81100500,250.2752,51,230
0002,白鹤滩,81100500,254.3398,52,230
0002,白鹤滩,81100500,258.4783,53,230
0002,白鹤滩,81100500,262.4099,54,230
0002,白鹤滩,81100500,266.5484,55,230
0002,白鹤滩,81100500,270.48,56,230
0002,白鹤滩,81100500,274.6185,57,230
0002,白鹤滩,81100500,278.5501,58,230
0002,白鹤滩,81100500,282.6886,59,230
0002,白鹤滩,81100500,286.6201,60,230
0002,白鹤滩,81100500,290.7586,61,230
0002,白鹤滩,81100500,294.6902,62,230
0002,白鹤滩,81100500,298.8922,63,230
0002,白鹤滩,81100500,307.8199,65,230
0002,白鹤滩,81100500,312.3093,66,230
0002,白鹤滩,81100500,317.0349,67,230
0002,白鹤滩,81100500,321.4807,68,230
0002,白鹤滩,81100500,325.6779,69,230
0002,白鹤滩,81100500,329.6652,70,230
0002,白鹤滩,81100500,333.8624,71,230
0002,白鹤滩,81100500,337.8497,72,230
0002,白鹤滩,81100500,342.0469,73,230
0002,白鹤滩,81100500,346.0343,74,230
0002,白鹤滩,81100500,350.29115,75,230
0002,白鹤滩,81100500,358.9719,77,230
0002,白鹤滩,81100500,363.183,78,230
0002,白鹤滩,81100500,367.6427,79,230
0002,白鹤滩,81100500,371.8794,80,230
0002,白鹤滩,81100500,376.3391,81,230
0002,白鹤滩,81100500,380.5758,82,230
0002,白鹤滩,81100500,385.0355,83,230
0002,白鹤滩,81100500,389.2526,84,230
0002,白鹤滩,81100500,393.6058,85,230
0002,白鹤滩,81100500,397.7413,86,230
0002,白鹤滩,81100500,402.2233,87,230
0002,白鹤滩,81100500,406.4455,88,230
0002,白鹤滩,81100500,410.8899,89,230
0002,白鹤滩,81100500,415.1561,90,230
0002,白鹤滩,81100500,419.6757,91,230
0002,白鹤滩,81100500,423.9694,92,230
0002,白鹤滩,81100500,428.489,93,230
0002,白鹤滩,81100500,432.7827,94,230
0002,白鹤滩,81100500,437.3023,95,230
0002,白鹤滩,81100500,441.596,96,230
0002,白鹤滩,81100500,446.1146,97,230
0002,白鹤滩,81100500,450.4554,98,230
0002,白鹤滩,81100500,455.7195,99,230
0002,白鹤滩,81100500,460.7205,100,230
0002,白鹤滩,81100500,465.9846,101,230
0002,白鹤滩,81100500,470.9863,102,230
0002,白鹤滩,81100500,476.2548,103,230
0002,白鹤滩,81100500,481.2599,104,230
0002,白鹤滩,81100500,486.2446,105,230
0002,白鹤滩,81100500,490.9119,106,230
0002,白鹤滩,81100500,495.8248,107,230
0002,白鹤滩,81100500,500.5464,108,230
0002,白鹤滩,81100500,506.0027,109,230
0002,白鹤滩,81100500,511.1679,110,230
0002,白鹤滩,81100500,516.518,111,230
0002,白鹤滩,81100500,521.6453,112,230
0002,白鹤滩,81100500,527.0535,113,230
0002,白鹤滩,81100500,532.1293,114,230
0002,白鹤滩,81100500,537.4302,115,230
0002,白鹤滩,81100500,542.4661,116,230
0002,白鹤滩,81100500,547.767,117,230
0002,白鹤滩,81100500,553.392,118,230
0002,白鹤滩,81100500,559.7296,119,230
0002,白鹤滩,81100500,565.663,120,230
0002,白鹤滩,81100500,571.9307,121,230
0002,白鹤滩,81100500,577.9041,122,230
0002,白鹤滩,81100500,584.192,123,230
0002,白鹤滩,81100500,589.9376,124,230
0002,白鹤滩,81100500,595.7186,125,230
0002,白鹤滩,81100500,601.4645,126,230
0002,白鹤滩,81100500,608.4586,127,230
0002,白鹤滩,81100500,615.0927,128,230
0002,白鹤滩,81100500,622.0245,129,230
0002,白鹤滩,81100500,628.6215,130,230
0002,白鹤滩,81100500,635.58,131,230
0002,白鹤滩,81100500,642.1954,132,230
0002,白鹤滩,81100500,649.159,133,230
0002,白鹤滩,81100500,656.8501,134,230
0002,白鹤滩,81100500,665.1108,135,230
0002,白鹤滩,81100500,672.9746,136,230
0002,白鹤滩,81100500,681.2527,137,230
0002,白鹤滩,81100500,688.8026,138,230
0002,白鹤滩,81100500,696.3858,139,230
0002,白鹤滩,81100500,200.30715,38,235
0002,白鹤滩,81100500,204.0344,39,235
0002,白鹤滩,81100500,207.5753,40,235
0002,白鹤滩,81100500,211.30255,41,235
0002,白鹤滩,81100500,214.84345,42,235
0002,白鹤滩,81100500,218.5707,43,235
0002,白鹤滩,81100500,222.1116,44,235
0002,白鹤滩,81100500,225.83885,45,235
0002,白鹤滩,81100500,229.37975,46,235
0002,白鹤滩,81100500,233.1704,47,235
0002,白鹤滩,81100500,236.83365,48,235
0002,白鹤滩,81100500,240.68965,49,235
0002,白鹤滩,81100500,244.35285,50,235
0002,白鹤滩,81100500,248.20885,51,235
0002,白鹤滩,81100500,252.0137,52,235
0002,白鹤滩,81100500,256.1615,53,235
0002,白鹤滩,81100500,260.1019,54,235
0002,白鹤滩,81100500,264.1841,55,235
0002,白鹤滩,81100500,267.9478,56,235
0002,白鹤滩,81100500,271.9095,57,235
0002,白鹤滩,81100500,275.6732,58,235
0002,白鹤滩,81100500,279.6349,59,235
0002,白鹤滩,81100500,283.3986,60,235
0002,白鹤滩,81100500,287.36035,61,235
0002,白鹤滩,81100500,291.12605,62,235
0002,白鹤滩,81100500,295.0088,63,235
0002,白鹤滩,81100500,303.1047,65,235
0002,白鹤滩,81100500,307.26065,66,235
0002,白鹤滩,81100500,311.6353,67,235
0002,白鹤滩,81100500,315.7913,68,235
0002,白鹤滩,81100500,320.1659,69,235
0002,白鹤滩,81100500,324.308,70,235
0002,白鹤滩,81100500,328.32585,71,235
0002,白鹤滩,81100500,332.1401,72,235
0002,白鹤滩,81100500,336.15515,73,235
0002,白鹤滩,81100500,339.96945,74,235
0002,白鹤滩,81100500,343.8841,75,235
0002,白鹤滩,81100500,352.0146,77,235
0002,白鹤滩,81100500,356.2513,78,235
0002,白鹤滩,81100500,360.711,79,235
0002,白鹤滩,81100500,364.8465,80,235
0002,白鹤滩,81100500,372.9303,82,235
0002,白鹤滩,81100500,377.16555,83,235
0002,白鹤滩,81100500,381.2271,84,235
0002,白鹤滩,81100500,385.5024,85,235
0002,白鹤滩,81100500,389.5623,86,235
0002,白鹤滩,81100500,393.57435,87,235
0002,白鹤滩,81100500,397.3793,88,235
0002,白鹤滩,81100500,401.5617,89,235
0002,白鹤滩,81100500,405.92885,90,235
0002,白鹤滩,81100500,410.53085,91,235
0002,白鹤滩,81100500,414.9028,92,235
0002,白鹤滩,81100500,419.5048,93,235
0002,白鹤滩,81100500,423.84265,94,235
0002,白鹤滩,81100500,428.25605,95,235
0002,白鹤滩,81100500,432.4488,96,235
0002,白鹤滩,81100500,436.89255,97,235
0002,白鹤滩,81100500,441.15965,98,235
0002,白鹤滩,81100500,445.52545,99,235
0002,白鹤滩,81100500,449.6729,100,235
0002,白鹤滩,81100500,454.87375,101,235
0002,白鹤滩,81100500,459.87875,102,235
0002,白鹤滩,81100500,465.0467,103,235
0002,白鹤滩,81100500,469.7139,104,235
0002,白鹤滩,81100500,474.6268,105,235
0002,白鹤滩,81100500,479.3537,106,235
0002,白鹤滩,81100500,484.4385,107,235
0002,白鹤滩,81100500,489.1087,108,235
0002,白鹤滩,81100500,493.91135,109,235
0002,白鹤滩,81100500,498.4739,110,235
0002,白鹤滩,81100500,503.64355,111,235
0002,白鹤滩,81100500,508.6835,112,235
0002,白鹤滩,81100500,513.9887,113,235
0002,白鹤滩,81100500,519.00475,114,235
0002,白鹤滩,81100500,524.25385,115,235
0002,白鹤滩,81100500,529.2432,116,235
0002,白鹤滩,81100500,534.49225,117,235
0002,白鹤滩,81100500,539.43395,118,235
0002,白鹤滩,81100500,544.63575,119,235
0002,白鹤滩,81100500,549.5774,120,235
0002,白鹤滩,81100500,555.777,121,235
0002,白鹤滩,81100500,561.697,122,235
0002,白鹤滩,81100500,567.478,123,235
0002,白鹤滩,81100500,572.9962,124,235
0002,白鹤滩,81100500,579.0243,125,235
0002,白鹤滩,81100500,584.7509,126,235
0002,白鹤滩,81100500,595.6901,128,235
0002,白鹤滩,81100500,601.62755,129,235
0002,白鹤滩,81100500,608.3423,130,235
0002,白鹤滩,81100500,615.4104,131,235
0002,白鹤滩,81100500,622.04215,132,235
0002,白鹤滩,81100500,628.96245,133,235
0002,白鹤滩,81100500,635.5127,134,235
0002,白鹤滩,81100500,642.3985,135,235
0002,白鹤滩,81100500,648.9227,136,235
0002,白鹤滩,81100500,656.5141,137,235
0002,白鹤滩,81100500,663.938,138,235
0002,白鹤滩,81100500,671.7526,139,235
0002,白鹤滩,81100500,679.1685,140,235
0002,白鹤滩,81100500,686.963,141,235
0002,白鹤滩,81100500,693.9719,142,235
0002,白鹤滩,81100500,201.44,39,240
0002,白鹤滩,81100500,204.9809,40,240
0002,白鹤滩,81100500,208.70815,41,240
0002,白鹤滩,81100500,212.2808,42,240
0002,白鹤滩,81100500,216.1368,43,240
0002,白鹤滩,81100500,219.80005,44,240
0002,白鹤滩,81100500,223.6612,45,240
0002,白鹤滩,81100500,227.35275,46,240
0002,白鹤滩,81100500,231.23865,47,240
0002,白鹤滩,81100500,234.9302,48,240
0002,白鹤滩,81100500,238.81605,49,240
0002,白鹤滩,81100500,242.50765,50,240
0002,白鹤滩,81100500,246.39355,51,240
0002,白鹤滩,81100500,250.08815,52,240
0002,白鹤滩,81100500,254.1154,53,240
0002,白鹤滩,81100500,257.94125,54,240
0002,白鹤滩,81100500,261.87685,55,240
0002,白鹤滩,81100500,265.4898,56,240
0002,白鹤滩,81100500,269.29635,57,240
0002,白鹤滩,81100500,272.92375,58,240
0002,白鹤滩,81100500,276.74215,59,240
0002,白鹤滩,81100500,280.36955,60,240
0002,白鹤滩,81100500,284.1879,61,240
0002,白鹤滩,81100500,287.8141,62,240
0002,白鹤滩,81100500,291.499275,63,240
0002,白鹤滩,81100500,298.96235,65,240
0002,白鹤滩,81100500,306.82535,67,240
0002,白鹤滩,81100500,310.6957,68,240
0002,白鹤滩,81100500,314.76975,69,240
0002,白鹤滩,81100500,318.64005,70,240
0002,白鹤滩,81100500,322.7141,71,240
0002,白鹤滩,81100500,326.49805,72,240
0002,白鹤滩,81100500,330.35465,73,240
0002,白鹤滩,81100500,334.01845,74,240
0002,白鹤滩,81100500,337.7787,75,240
0002,白鹤滩,81100500,345.39555,77,240
0002,白鹤滩,81100500,349.05935,78,240
0002,白鹤滩,81100500,353.2326,79,240
0002,白鹤滩,81100500,357.2941,80,240
0002,白鹤滩,81100500,361.5694,81,240
0002,白鹤滩,81100500,365.60825,82,240
0002,白鹤滩,81100500,369.6142,83,240
0002,白鹤滩,81100500,373.5094,84,240
0002,白鹤滩,81100500,377.6134,85,240
0002,白鹤滩,81100500,381.5122,86,240
0002,白鹤滩,81100500,385.6162,87,240
0002,白鹤滩,81100500,389.515,88,240
0002,白鹤滩,81100500,393.6182,89,240
0002,白鹤滩,81100500,397.5081,90,240
0002,白鹤滩,81100500,401.76655,91,240
0002,白鹤滩,81100500,406.05435,92,240
0002,白鹤滩,81100500,410.56785,93,240
0002,白鹤滩,81100500,414.8538,94,240
0002,白鹤滩,81100500,419.22215,95,240
0002,白鹤滩,81100500,423.36965,96,240
0002,白鹤滩,81100500,427.7354,97,240
0002,白鹤滩,81100500,431.8829,98,240
0002,白鹤滩,81100500,436.24915,99,240
0002,白鹤滩,81100500,440.3976,100,240
0002,白鹤滩,81100500,444.76435,101,240
0002,白鹤滩,81100500,448.9128,102,240
0002,白鹤滩,81100500,453.8188,103,240
0002,白鹤滩,81100500,458.64935,104,240
0002,白鹤滩,81100500,463.7088,105,240
0002,白鹤滩,81100500,468.2713,106,240
0002,白鹤滩,81100500,473.01425,107,240
0002,白鹤滩,81100500,477.50545,108,240
0002,白鹤滩,81100500,482.2096,109,240
0002,白鹤滩,81100500,486.6785,110,240
0002,白鹤滩,81100500,491.3827,111,240
0002,白鹤滩,81100500,495.8516,112,240
0002,白鹤滩,81100500,500.6205,113,240
0002,白鹤滩,81100500,505.60985,114,240
0002,白鹤滩,81100500,510.8618,115,240
0002,白鹤滩,81100500,515.8217,116,240
0002,白鹤滩,81100500,521.0235,117,240
0002,白鹤滩,81100500,525.96595,118,240
0002,白鹤滩,81100500,531.17365,119,240
0002,白鹤滩,81100500,536.12095,120,240
0002,白鹤滩,81100500,541.32865,121,240
0002,白鹤滩,81100500,546.27595,122,240
0002,白鹤滩,81100500,551.7174,123,240
0002,白鹤滩,81100500,557.444,124,240
0002,白鹤滩,81100500,563.4721,125,240
0002,白鹤滩,81100500,568.7513,126,240
0002,白鹤滩,81100500,574.38485,127,240
0002,白鹤滩,81100500,579.73425,128,240
0002,白鹤滩,81100500,585.36315,129,240
0002,白鹤滩,81100500,590.71065,130,240
0002,白鹤滩,81100500,596.33955,131,240
0002,白鹤滩,81100500,602.0874,132,240
0002,白鹤滩,81100500,609.0525,133,240
0002,白鹤滩,81100500,615.6146,134,240
0002,白鹤滩,81100500,622.0877,135,240
0002,白鹤滩,81100500,628.2372,136,240
0002,白鹤滩,81100500,634.84445,137,240
0002,白鹤滩,81100500,640.9756,138,240
0002,白鹤滩,81100500,647.4266,139,240
0002,白鹤滩,81100500,654.16845,140,240
0002,白鹤滩,81100500,661.7551,141,240
0002,白鹤滩,81100500,668.96075,142,240
0002,白鹤滩,81100500,676.32385,143,240
0002,白鹤滩,81100500,683.408,144,240
0002,白鹤滩,81100500,690.69145,145,240
0002,白鹤滩,81100500,697.61075,146,240
0002,白鹤滩,81100501,241.6781065,30,150
0002,白鹤滩,81100501,248.2627219,31,150
0002,白鹤滩,81100501,275.1076923,35,150
0002,白鹤滩,81100501,288.783432,37,150
0002,白鹤滩,81100501,295.3680473,38,150
0002,白鹤滩,81100501,302.4591716,39,150
0002,白鹤滩,81100501,324.2390533,42,150
0002,白鹤滩,81100501,338.9278107,44,150
0002,白鹤滩,81100501,353.616568,46,150
0002,白鹤滩,81100501,368.3053254,48,150
0002,白鹤滩,81100501,233.0674556,30,155.0140449
0002,白鹤滩,81100501,239.1455621,31,155.0140449
0002,白鹤滩,81100501,245.2236686,32,155.0140449
0002,白鹤滩,81100501,251.3017751,33,155.0140449
0002,白鹤滩,81100501,257.8863905,34,155.0140449
0002,白鹤滩,81100501,276.6272189,37,155.0140449
0002,白鹤滩,81100501,296.3810651,40,155.0140449
0002,白鹤滩,81100501,302.9656805,41,155.0140449
0002,白鹤滩,81100501,309.5502959,42,155.0140449
0002,白鹤滩,81100501,322.2130178,44,155.0140449
0002,白鹤滩,81100501,329.304142,45,155.0140449
0002,白鹤滩,81100501,356.1491124,49,155.0140449
0002,白鹤滩,81100501,362.7337278,50,155.0140449
0002,白鹤滩,81100501,368.8118343,51,155.0140449
0002,白鹤滩,81100501,381.4745562,53,155.0140449
0002,白鹤滩,81100501,400.2153846,56,155.0140449
0002,白鹤滩,81100501,413.8911243,58,155.0140449
0002,白鹤滩,81100501,421.4887574,59,155.0140449
0002,白鹤滩,81100501,436.6840237,61,155.0140449
0002,白鹤滩,81100501,446.3076923,62,155.0140449
0002,白鹤滩,81100501,455.4248521,63,155.0140449
0002,白鹤滩,81100501,464.5420118,64,155.0140449
0002,白鹤滩,81100501,473.6591716,65,155.0140449
0002,白鹤滩,81100501,484.8023669,66,155.0140449
0002,白鹤滩,81100501,495.9455621,67,155.0140449
0002,白鹤滩,81100501,225.9763314,30,160.0280899
0002,白鹤滩,81100501,231.547929,31,160.0280899
0002,白鹤滩,81100501,237.6260355,32,160.0280899
0002,白鹤滩,81100501,243.1976331,33,160.0280899
0002,白鹤滩,81100501,254.8473373,35,160.0280899
0002,白鹤滩,81100501,260.9254438,36,160.0280899
0002,白鹤滩,81100501,267.5100592,37,160.0280899
0002,白鹤滩,81100501,304.4852071,43,160.0280899
0002,白鹤滩,81100501,310.5633136,44,160.0280899
0002,白鹤滩,81100501,317.147929,45,160.0280899
0002,白鹤滩,81100501,323.7325444,46,160.0280899
0002,白鹤滩,81100501,336.3952663,48,160.0280899
0002,白鹤滩,81100501,342.9798817,49,160.0280899
0002,白鹤滩,81100501,349.564497,50,160.0280899
0002,白鹤滩,81100501,355.6426036,51,160.0280899
0002,白鹤滩,81100501,361.7207101,52,160.0280899
0002,白鹤滩,81100501,367.7988166,53,160.0280899
0002,白鹤滩,81100501,373.8769231,54,160.0280899
0002,白鹤滩,81100501,379.9550296,55,160.0280899
0002,白鹤滩,81100501,386.0331361,56,160.0280899
0002,白鹤滩,81100501,392.1112426,57,160.0280899
0002,白鹤滩,81100501,398.695858,58,160.0280899
0002,白鹤滩,81100501,417.4366864,61,160.0280899
0002,白鹤滩,81100501,424.5278107,62,160.0280899
0002,白鹤滩,81100501,432.1254438,63,160.0280899
0002,白鹤滩,81100501,447.3207101,65,160.0280899
0002,白鹤滩,81100501,455.9313609,66,160.0280899
0002,白鹤滩,81100501,464.5420118,67,160.0280899
0002,白鹤滩,81100501,474.1656805,68,160.0280899
0002,白鹤滩,81100501,484.295858,69,160.0280899
0002,白鹤滩,81100501,504.0497041,71,160.0280899
0002,白鹤滩,81100501,514.6863905,72,160.0280899
0002,白鹤滩,81100501,524.816568,73,160.0280899
0002,白鹤滩,81100501,534.9467456,74,160.0280899
0002,白鹤滩,81100501,219.391716,30,165.0421348
0002,白鹤滩,81100501,224.9633136,31,165.0421348
0002,白鹤滩,81100501,242.1846154,34,165.0421348
0002,白鹤滩,81100501,247.756213,35,165.0421348
0002,白鹤滩,81100501,264.9775148,38,165.0421348
0002,白鹤滩,81100501,270.5491124,39,165.0421348
0002,白鹤滩,81100501,282.1988166,41,165.0421348
0002,白鹤滩,81100501,325.252071,48,165.0421348
0002,白鹤滩,81100501,331.3301775,49,165.0421348
0002,白鹤滩,81100501,337.9147929,50,165.0421348
0002,白鹤滩,81100501,355.6426036,53,165.0421348
0002,白鹤滩,81100501,361.7207101,54,165.0421348
0002,白鹤滩,81100501,367.7988166,55,165.0421348
0002,白鹤滩,81100501,415.9171598,63,165.0421348
0002,白鹤滩,81100501,422.5017751,64,165.0421348
0002,白鹤滩,81100501,429.0863905,65,165.0421348
0002,白鹤滩,81100501,449.8532544,68,165.0421348
0002,白鹤滩,81100501,465.5550296,70,165.0421348
0002,白鹤滩,81100501,473.6591716,71,165.0421348
0002,白鹤滩,81100501,482.7763314,72,165.0421348
0002,白鹤滩,81100501,491.8934911,73,165.0421348
0002,白鹤滩,81100501,501.5171598,74,165.0421348
0002,白鹤滩,81100501,511.1408284,75,165.0421348
0002,白鹤滩,81100501,530.8946746,77,165.0421348
0002,白鹤滩,81100501,541.0248521,78,165.0421348
0002,白鹤滩,81100501,551.1550296,79,165.0421348
0002,白鹤滩,81100501,561.2852071,80,165.0421348
0002,白鹤滩,81100501,213.8201183,30,169.9578652
0002,白鹤滩,81100501,219.391716,31,169.9578652
0002,白鹤滩,81100501,224.4568047,32,169.9578652
0002,白鹤滩,81100501,230.0284024,33,169.9578652
0002,白鹤滩,81100501,235.0934911,34,169.9578652
0002,白鹤滩,81100501,240.6650888,35,169.9578652
0002,白鹤滩,81100501,245.7301775,36,169.9578652
0002,白鹤滩,81100501,251.3017751,37,169.9578652
0002,白鹤滩,81100501,262.9514793,39,169.9578652
0002,白鹤滩,81100501,285.7443787,43,169.9578652
0002,白鹤滩,81100501,291.3159763,44,169.9578652
0002,白鹤滩,81100501,297.3940828,45,169.9578652
0002,白鹤滩,81100501,303.4721893,46,169.9578652
0002,白鹤滩,81100501,315.1218935,48,169.9578652
0002,白鹤滩,81100501,321.2,49,169.9578652
0002,白鹤滩,81100501,327.2781065,50,169.9578652
0002,白鹤滩,81100501,338.9278107,52,169.9578652
0002,白鹤滩,81100501,345.0059172,53,169.9578652
0002,白鹤滩,81100501,350.5775148,54,169.9578652
0002,白鹤滩,81100501,356.6556213,55,169.9578652
0002,白鹤滩,81100501,362.7337278,56,169.9578652
0002,白鹤滩,81100501,368.3053254,57,169.9578652
0002,白鹤滩,81100501,374.383432,58,169.9578652
0002,白鹤滩,81100501,380.4615385,59,169.9578652
0002,白鹤滩,81100501,398.1893491,62,169.9578652
0002,白鹤滩,81100501,404.2674556,63,169.9578652
0002,白鹤滩,81100501,410.3455621,64,169.9578652
0002,白鹤滩,81100501,421.9952663,66,169.9578652
0002,白鹤滩,81100501,428.0733728,67,169.9578652
0002,白鹤滩,81100501,434.1514793,68,169.9578652
0002,白鹤滩,81100501,453.3988166,71,169.9578652
0002,白鹤滩,81100501,460.4899408,72,169.9578652
0002,白鹤滩,81100501,467.5810651,73,169.9578652
0002,白鹤滩,81100501,475.6852071,74,169.9578652
0002,白鹤滩,81100501,483.7893491,75,169.9578652
0002,白鹤滩,81100501,491.8934911,76,169.9578652
0002,白鹤滩,81100501,501.0106509,77,169.9578652
0002,白鹤滩,81100501,519.2449704,79,169.9578652
0002,白鹤滩,81100501,537.4792899,81,169.9578652
0002,白鹤滩,81100501,546.5964497,82,169.9578652
0002,白鹤滩,81100501,556.2201183,83,169.9578652
0002,白鹤滩,81100501,565.843787,84,169.9578652
0002,白鹤滩,81100501,208.7550296,30,174.9719101
0002,白鹤滩,81100501,213.8201183,31,174.9719101
0002,白鹤滩,81100501,224.4568047,33,174.9719101
0002,白鹤滩,81100501,229.5218935,34,174.9719101
0002,白鹤滩,81100501,235.0934911,35,174.9719101
0002,白鹤滩,81100501,240.1585799,36,174.9719101
0002,白鹤滩,81100501,245.7301775,37,174.9719101
0002,白鹤滩,81100501,250.7952663,38,174.9719101
0002,白鹤滩,81100501,261.4319527,40,174.9719101
0002,白鹤滩,81100501,266.4970414,41,174.9719101
0002,白鹤滩,81100501,272.0686391,42,174.9719101
0002,白鹤滩,81100501,283.7183432,44,174.9719101
0002,白鹤滩,81100501,306.5112426,48,174.9719101
0002,白鹤滩,81100501,312.0828402,49,174.9719101
0002,白鹤滩,81100501,346.0189349,55,174.9719101
0002,白鹤滩,81100501,357.6686391,57,174.9719101
0002,白鹤滩,81100501,363.7467456,58,174.9719101
0002,白鹤滩,81100501,369.3183432,59,174.9719101
0002,白鹤滩,81100501,375.3964497,60,174.9719101
0002,白鹤滩,81100501,380.9680473,61,174.9719101
0002,白鹤滩,81100501,409.3325444,66,174.9719101
0002,白鹤滩,81100501,414.904142,67,174.9719101
0002,白鹤滩,81100501,420.9822485,68,174.9719101
0002,白鹤滩,81100501,426.5538462,69,174.9719101
0002,白鹤滩,81100501,438.7100592,71,174.9719101
0002,白鹤滩,81100501,451.3727811,73,174.9719101
0002,白鹤滩,81100501,478.7242604,77,174.9719101
0002,白鹤滩,81100501,493.4130178,79,174.9719101
0002,白鹤滩,81100501,501.5171598,80,174.9719101
0002,白鹤滩,81100501,509.1147929,81,174.9719101
0002,白鹤滩,81100501,517.7254438,82,174.9719101
0002,白鹤滩,81100501,534.4402367,84,174.9719101
0002,白鹤滩,81100501,559.2591716,87,174.9719101
0002,白鹤滩,81100501,203.183432,30,179.9859551
0002,白鹤滩,81100501,208.2485207,31,179.9859551
0002,白鹤滩,81100501,229.0153846,35,179.9859551
0002,白鹤滩,81100501,234.0804734,36,179.9859551
0002,白鹤滩,81100501,244.7171598,38,179.9859551
0002,白鹤滩,81100501,249.7822485,39,179.9859551
0002,白鹤滩,81100501,260.4189349,41,179.9859551
0002,白鹤滩,81100501,271.0556213,43,179.9859551
0002,白鹤滩,81100501,276.6272189,44,179.9859551
0002,白鹤滩,81100501,282.1988166,45,179.9859551
0002,白鹤滩,81100501,292.835503,47,179.9859551
0002,白鹤滩,81100501,298.4071006,48,179.9859551
0002,白鹤滩,81100501,303.4721893,49,179.9859551
0002,白鹤滩,81100501,309.043787,50,179.9859551
0002,白鹤滩,81100501,314.1088757,51,179.9859551
0002,白鹤滩,81100501,319.6804734,52,179.9859551
0002,白鹤滩,81100501,364.7597633,60,179.9859551
0002,白鹤滩,81100501,370.3313609,61,179.9859551
0002,白鹤滩,81100501,375.3964497,62,179.9859551
0002,白鹤滩,81100501,380.9680473,63,179.9859551
0002,白鹤滩,81100501,386.539645,64,179.9859551
0002,白鹤滩,81100501,414.904142,69,179.9859551
0002,白鹤滩,81100501,437.6970414,73,179.9859551
0002,白鹤滩,81100501,444.2816568,74,179.9859551
0002,白鹤滩,81100501,456.9443787,76,179.9859551
0002,白鹤滩,81100501,463.0224852,77,179.9859551
0002,白鹤滩,81100501,481.7633136,80,179.9859551
0002,白鹤滩,81100501,488.8544379,81,179.9859551
0002,白鹤滩,81100501,495.9455621,82,179.9859551
0002,白鹤滩,81100501,502.5301775,83,179.9859551
0002,白鹤滩,81100501,510.1278107,84,179.9859551
0002,白鹤滩,81100501,517.7254438,85,179.9859551
0002,白鹤滩,81100501,533.4272189,87,179.9859551
0002,白鹤滩,81100501,549.1289941,89,179.9859551
0002,白鹤滩,81100501,557.2331361,90,179.9859551
0002,白鹤滩,81100501,198.1183432,30,185
0002,白鹤滩,81100501,203.183432,31,185
0002,白鹤滩,81100501,254.3408284,41,185
0002,白鹤滩,81100501,259.4059172,42,185
0002,白鹤滩,81100501,275.1076923,45,185
0002,白鹤滩,81100501,280.1727811,46,185
0002,白鹤滩,81100501,290.8094675,48,185
0002,白鹤滩,81100501,301.4461538,50,185
0002,白鹤滩,81100501,306.5112426,51,185
0002,白鹤滩,81100501,312.0828402,52,185
0002,白鹤滩,81100501,317.147929,53,185
0002,白鹤滩,81100501,322.7195266,54,185
0002,白鹤滩,81100501,327.7846154,55,185
0002,白鹤滩,81100501,333.356213,56,185
0002,白鹤滩,81100501,338.4213018,57,185
0002,白鹤滩,81100501,343.9928994,58,185
0002,白鹤滩,81100501,360.2011834,61,185
0002,白鹤滩,81100501,365.7727811,62,185
0002,白鹤滩,81100501,370.8378698,63,185
0002,白鹤滩,81100501,376.4094675,64,185
0002,白鹤滩,81100501,387.0461538,66,185
0002,白鹤滩,81100501,392.6177515,67,185
0002,白鹤滩,81100501,398.1893491,68,185
0002,白鹤滩,81100501,426.5538462,73,185
0002,白鹤滩,81100501,432.1254438,74,185
0002,白鹤滩,81100501,438.2035503,75,185
0002,白鹤滩,81100501,443.7751479,76,185
0002,白鹤滩,81100501,455.4248521,78,185
0002,白鹤滩,81100501,467.0745562,80,185
0002,白鹤滩,81100501,473.6591716,81,185
0002,白鹤滩,81100501,486.3218935,83,185
0002,白鹤滩,81100501,492.4,84,185
0002,白鹤滩,81100501,498.9846154,85,185
0002,白鹤滩,81100501,505.0627219,86,185
0002,白鹤滩,81100501,512.660355,87,185
0002,白鹤滩,81100501,541.0248521,91,185
0002,白鹤滩,81100501,548.6224852,92,185
0002,白鹤滩,81100501,556.2201183,93,185
0002,白鹤滩,81100501,563.8177515,94,185
0002,白鹤滩,81100501,573.947929,95,185
0002,白鹤滩,81100501,194.0662722,30,190.0140449
0002,白鹤滩,81100501,198.6248521,31,190.0140449
0002,白鹤滩,81100501,203.6899408,32,190.0140449
0002,白鹤滩,81100501,218.3786982,35,190.0140449
0002,白鹤滩,81100501,223.443787,36,190.0140449
0002,白鹤滩,81100501,238.1325444,39,190.0140449
0002,白鹤滩,81100501,243.1976331,40,190.0140449
0002,白鹤滩,81100501,299.4201183,51,190.0140449
0002,白鹤滩,81100501,320.1869822,55,190.0140449
0002,白鹤滩,81100501,325.252071,56,190.0140449
0002,白鹤滩,81100501,330.8236686,57,190.0140449
0002,白鹤滩,81100501,335.8887574,58,190.0140449
0002,白鹤滩,81100501,341.460355,59,190.0140449
0002,白鹤滩,81100501,346.5254438,60,190.0140449
0002,白鹤滩,81100501,367.2923077,64,190.0140449
0002,白鹤滩,81100501,372.3573964,65,190.0140449
0002,白鹤滩,81100501,377.9289941,66,190.0140449
0002,白鹤滩,81100501,382.9940828,67,190.0140449
0002,白鹤滩,81100501,388.5656805,68,190.0140449
0002,白鹤滩,81100501,393.6307692,69,190.0140449
0002,白鹤滩,81100501,399.2023669,70,190.0140449
0002,白鹤滩,81100501,404.2674556,71,190.0140449
0002,白鹤滩,81100501,409.8390533,72,190.0140449
0002,白鹤滩,81100501,415.4106509,73,190.0140449
0002,白鹤滩,81100501,437.1905325,77,190.0140449
0002,白鹤滩,81100501,442.7621302,78,190.0140449
0002,白鹤滩,81100501,459.983432,81,190.0140449
0002,白鹤滩,81100501,465.5550296,82,190.0140449
0002,白鹤滩,81100501,471.6331361,83,190.0140449
0002,白鹤滩,81100501,477.2047337,84,190.0140449
0002,白鹤滩,81100501,483.2828402,85,190.0140449
0002,白鹤滩,81100501,489.3609467,86,190.0140449
0002,白鹤滩,81100501,502.0236686,88,190.0140449
0002,白鹤滩,81100501,508.1017751,89,190.0140449
0002,白鹤滩,81100501,514.6863905,90,190.0140449
0002,白鹤滩,81100501,521.7775148,91,190.0140449
0002,白鹤滩,81100501,542.0378698,94,190.0140449
0002,白鹤滩,81100501,549.1289941,95,190.0140449
0002,白鹤滩,81100501,190.0142012,30,195.0280899
0002,白鹤滩,81100501,194.5727811,31,195.0280899
0002,白鹤滩,81100501,199.6378698,32,195.0280899
0002,白鹤滩,81100501,204.1964497,33,195.0280899
0002,白鹤滩,81100501,213.8201183,35,195.0280899
0002,白鹤滩,81100501,218.3786982,36,195.0280899
0002,白鹤滩,81100501,223.443787,37,195.0280899
0002,白鹤滩,81100501,228.0023669,38,195.0280899
0002,白鹤滩,81100501,233.0674556,39,195.0280899
0002,白鹤滩,81100501,242.6911243,41,195.0280899
0002,白鹤滩,81100501,247.756213,42,195.0280899
0002,白鹤滩,81100501,262.4449704,45,195.0280899
0002,白鹤滩,81100501,267.5100592,46,195.0280899
0002,白鹤滩,81100501,277.1337278,48,195.0280899
0002,白鹤滩,81100501,282.1988166,49,195.0280899
0002,白鹤滩,81100501,323.2260355,57,195.0280899
0002,白鹤滩,81100501,328.2911243,58,195.0280899
0002,白鹤滩,81100501,338.9278107,60,195.0280899
0002,白鹤滩,81100501,343.9928994,61,195.0280899
0002,白鹤滩,81100501,358.6816568,64,195.0280899
0002,白鹤滩,81100501,363.7467456,65,195.0280899
0002,白鹤滩,81100501,394.643787,71,195.0280899
0002,白鹤滩,81100501,399.7088757,72,195.0280899
0002,白鹤滩,81100501,410.3455621,74,195.0280899
0002,白鹤滩,81100501,415.4106509,75,195.0280899
0002,白鹤滩,81100501,426.0473373,77,195.0280899
0002,白鹤滩,81100501,431.112426,78,195.0280899
0002,白鹤滩,81100501,441.7491124,80,195.0280899
0002,白鹤滩,81100501,475.6852071,86,195.0280899
0002,白鹤滩,81100501,481.2568047,87,195.0280899
0002,白鹤滩,81100501,487.3349112,88,195.0280899
0002,白鹤滩,81100501,492.9065089,89,195.0280899
0002,白鹤滩,81100501,498.9846154,90,195.0280899
0002,白鹤滩,81100501,524.3100592,94,195.0280899
0002,白鹤滩,81100501,530.8946746,95,195.0280899
0002,白鹤滩,81100501,537.9857988,96,195.0280899
0002,白鹤滩,81100501,544.5704142,97,195.0280899
0002,白鹤滩,81100501,558.2461538,99,195.0280899
0002,白鹤滩,81100501,571.4153846,101,195.0280899
0002,白鹤滩,81100501,186.4686391,30,200.0421348
0002,白鹤滩,81100501,191.0272189,31,200.0421348
0002,白鹤滩,81100501,200.6508876,33,200.0421348
0002,白鹤滩,81100501,205.2094675,34,200.0421348
0002,白鹤滩,81100501,237.6260355,41,200.0421348
0002,白鹤滩,81100501,242.1846154,42,200.0421348
0002,白鹤滩,81100501,251.808284,44,200.0421348
0002,白鹤滩,81100501,256.3668639,45,200.0421348
0002,白鹤滩,81100501,265.9905325,47,200.0421348
0002,白鹤滩,81100501,270.5491124,48,200.0421348
0002,白鹤滩,81100501,275.6142012,49,200.0421348
0002,白鹤滩,81100501,280.1727811,50,200.0421348
0002,白鹤滩,81100501,285.7443787,51,200.0421348
0002,白鹤滩,81100501,330.8236686,60,200.0421348
0002,白鹤滩,81100501,335.8887574,61,200.0421348
0002,白鹤滩,81100501,350.5775148,64,200.0421348
0002,白鹤滩,81100501,355.6426036,65,200.0421348
0002,白鹤滩,81100501,365.2662722,67,200.0421348
0002,白鹤滩,81100501,370.3313609,68,200.0421348
0002,白鹤滩,81100501,390.0852071,72,200.0421348
0002,白鹤滩,81100501,395.1502959,73,200.0421348
0002,白鹤滩,81100501,409.8390533,76,200.0421348
0002,白鹤滩,81100501,414.904142,77,200.0421348
0002,白鹤滩,81100501,430.6059172,80,200.0421348
0002,白鹤滩,81100501,435.6710059,81,200.0421348
0002,白鹤滩,81100501,441.2426036,82,200.0421348
0002,白鹤滩,81100501,446.8142012,83,200.0421348
0002,白鹤滩,81100501,463.0224852,86,200.0421348
0002,白鹤滩,81100501,468.5940828,87,200.0421348
0002,白鹤滩,81100501,491.3869822,91,200.0421348
0002,白鹤滩,81100501,497.4650888,92,200.0421348
0002,白鹤滩,81100501,503.0366864,93,200.0421348
0002,白鹤滩,81100501,509.1147929,94,200.0421348
0002,白鹤滩,81100501,515.1928994,95,200.0421348
0002,白鹤滩,81100501,526.8426036,97,200.0421348
0002,白鹤滩,81100501,532.9207101,98,200.0421348
0002,白鹤滩,81100501,540.0118343,99,200.0421348
0002,白鹤滩,81100501,553.1810651,101,200.0421348
0002,白鹤滩,81100501,559.7656805,102,200.0421348
0002,白鹤滩,81100501,182.9230769,30,204.9578652
0002,白鹤滩,81100501,187.4816568,31,204.9578652
0002,白鹤滩,81100501,196.0923077,33,204.9578652
0002,白鹤滩,81100501,200.6508876,34,204.9578652
0002,白鹤滩,81100501,237.6260355,42,204.9578652
0002,白鹤滩,81100501,242.1846154,43,204.9578652
0002,白鹤滩,81100501,251.808284,45,204.9578652
0002,白鹤滩,81100501,256.3668639,46,204.9578652
0002,白鹤滩,81100501,284.2248521,52,204.9578652
0002,白鹤滩,81100501,288.783432,53,204.9578652
0002,白鹤滩,81100501,298.4071006,55,204.9578652
0002,白鹤滩,81100501,333.356213,62,204.9578652
0002,白鹤滩,81100501,338.4213018,63,204.9578652
0002,白鹤滩,81100501,342.9798817,64,204.9578652
0002,白鹤滩,81100501,348.0449704,65,204.9578652
0002,白鹤滩,81100501,357.6686391,67,204.9578652
0002,白鹤滩,81100501,362.7337278,68,204.9578652
0002,白鹤滩,81100501,367.2923077,69,204.9578652
0002,白鹤滩,81100501,372.3573964,70,204.9578652
0002,白鹤滩,81100501,376.9159763,71,204.9578652
0002,白鹤滩,81100501,391.0982249,74,204.9578652
0002,白鹤滩,81100501,396.1633136,75,204.9578652
0002,白鹤滩,81100501,400.7218935,76,204.9578652
0002,白鹤滩,81100501,405.7869822,77,204.9578652
0002,白鹤滩,81100501,420.4757396,80,204.9578652
0002,白鹤滩,81100501,425.5408284,81,204.9578652
0002,白鹤滩,81100501,446.3076923,85,204.9578652
0002,白鹤滩,81100501,462.5159763,88,204.9578652
0002,白鹤滩,81100501,468.087574,89,204.9578652
0002,白鹤滩,81100501,478.7242604,91,204.9578652
0002,白鹤滩,81100501,484.295858,92,204.9578652
0002,白鹤滩,81100501,489.3609467,93,204.9578652
0002,白鹤滩,81100501,494.9325444,94,204.9578652
0002,白鹤滩,81100501,501.0106509,95,204.9578652
0002,白鹤滩,81100501,506.5822485,96,204.9578652
0002,白鹤滩,81100501,512.660355,97,204.9578652
0002,白鹤滩,81100501,518.7384615,98,204.9578652
0002,白鹤滩,81100501,524.3100592,99,204.9578652
0002,白鹤滩,81100501,530.3881657,100,204.9578652
0002,白鹤滩,81100501,561.2852071,105,204.9578652
0002,白鹤滩,81100501,567.8698225,106,204.9578652
0002,白鹤滩,81100501,179.8840237,30,209.9719101
0002,白鹤滩,81100501,184.4426036,31,209.9719101
0002,白鹤滩,81100501,193.0532544,33,209.9719101
0002,白鹤滩,81100501,197.6118343,34,209.9719101
0002,白鹤滩,81100501,201.6639053,35,209.9719101
0002,白鹤滩,81100501,206.2224852,36,209.9719101
0002,白鹤滩,81100501,210.2745562,37,209.9719101
0002,白鹤滩,81100501,214.8331361,38,209.9719101
0002,白鹤滩,81100501,223.443787,40,209.9719101
0002,白鹤滩,81100501,228.0023669,41,209.9719101
0002,白鹤滩,81100501,274.0946746,51,209.9719101
0002,白鹤滩,81100501,278.6532544,52,209.9719101
0002,白鹤滩,81100501,292.835503,55,209.9719101
0002,白鹤滩,81100501,297.3940828,56,209.9719101
0002,白鹤滩,81100501,311.5763314,59,209.9719101
0002,白鹤滩,81100501,321.2,61,209.9719101
0002,白鹤滩,81100501,330.8236686,63,209.9719101
0002,白鹤滩,81100501,335.3822485,64,209.9719101
0002,白鹤滩,81100501,345.0059172,66,209.9719101
0002,白鹤滩,81100501,349.564497,67,209.9719101
0002,白鹤滩,81100501,354.6295858,68,209.9719101
0002,白鹤滩,81100501,359.1881657,69,209.9719101
0002,白鹤滩,81100501,364.2532544,70,209.9719101
0002,白鹤滩,81100501,368.8118343,71,209.9719101
0002,白鹤滩,81100501,382.9940828,74,209.9719101
0002,白鹤滩,81100501,387.5526627,75,209.9719101
0002,白鹤滩,81100501,401.7349112,78,209.9719101
0002,白鹤滩,81100501,406.2934911,79,209.9719101
0002,白鹤滩,81100501,411.3585799,80,209.9719101
0002,白鹤滩,81100501,426.0473373,83,209.9719101
0002,白鹤滩,81100501,431.112426,84,209.9719101
0002,白鹤滩,81100501,462.0094675,90,209.9719101
0002,白鹤滩,81100501,467.0745562,91,209.9719101
0002,白鹤滩,81100501,477.7112426,93,209.9719101
0002,白鹤滩,81100501,482.7763314,94,209.9719101
0002,白鹤滩,81100501,488.347929,95,209.9719101
0002,白鹤滩,81100501,493.4130178,96,209.9719101
0002,白鹤滩,81100501,504.0497041,98,209.9719101
0002,白鹤滩,81100501,509.1147929,99,209.9719101
0002,白鹤滩,81100501,514.6863905,100,209.9719101
0002,白鹤滩,81100501,520.764497,101,209.9719101
0002,白鹤滩,81100501,532.4142012,103,209.9719101
0002,白鹤滩,81100501,538.4923077,104,209.9719101
0002,白鹤滩,81100501,544.5704142,105,209.9719101
0002,白鹤滩,81100501,550.6485207,106,209.9719101
0002,白鹤滩,81100501,563.3112426,108,209.9719101
0002,白鹤滩,81100501,569.3893491,109,209.9719101
0002,白鹤滩,81100501,575.9739645,110,209.9719101
0002,白鹤滩,81100501,177.3514793,30,214.9859551
0002,白鹤滩,81100501,181.4035503,31,214.9859551
0002,白鹤滩,81100501,190.0142012,33,214.9859551
0002,白鹤滩,81100501,194.0662722,34,214.9859551
0002,白鹤滩,81100501,206.7289941,37,214.9859551
0002,白鹤滩,81100501,210.7810651,38,214.9859551
0002,白鹤滩,81100501,215.339645,39,214.9859551
0002,白鹤滩,81100501,223.9502959,41,214.9859551
0002,白鹤滩,81100501,228.5088757,42,214.9859551
0002,白鹤滩,81100501,237.1195266,44,214.9859551
0002,白鹤滩,81100501,241.6781065,45,214.9859551
0002,白鹤滩,81100501,245.7301775,46,214.9859551
0002,白鹤滩,81100501,250.2887574,47,214.9859551
0002,白鹤滩,81100501,258.8994083,49,214.9859551
0002,白鹤滩,81100501,263.4579882,50,214.9859551
0002,白鹤滩,81100501,268.5230769,51,214.9859551
0002,白鹤滩,81100501,273.0816568,52,214.9859551
0002,白鹤滩,81100501,310.0568047,60,214.9859551
0002,白鹤滩,81100501,314.6153846,61,214.9859551
0002,白鹤滩,81100501,324.2390533,63,214.9859551
0002,白鹤滩,81100501,328.7976331,64,214.9859551
0002,白鹤滩,81100501,352.0970414,69,214.9859551
0002,白鹤滩,81100501,356.6556213,70,214.9859551
0002,白鹤滩,81100501,365.2662722,72,214.9859551
0002,白鹤滩,81100501,369.8248521,73,214.9859551
0002,白鹤滩,81100501,388.5656805,77,214.9859551
0002,白鹤滩,81100501,393.1242604,78,214.9859551
0002,白鹤滩,81100501,411.8650888,82,214.9859551
0002,白鹤滩,81100501,416.4236686,83,214.9859551
0002,白鹤滩,81100501,426.0473373,85,214.9859551
0002,白鹤滩,81100501,450.8662722,90,214.9859551
0002,白鹤滩,81100501,455.9313609,91,214.9859551
0002,白鹤滩,81100501,486.8284024,97,214.9859551
0002,白鹤滩,81100501,491.8934911,98,214.9859551
0002,白鹤滩,81100501,497.4650888,99,214.9859551
0002,白鹤滩,81100501,502.5301775,100,214.9859551
0002,白鹤滩,81100501,508.1017751,101,214.9859551
0002,白鹤滩,81100501,513.1668639,102,214.9859551
0002,白鹤滩,81100501,518.7384615,103,214.9859551
0002,白鹤滩,81100501,524.3100592,104,214.9859551
0002,白鹤滩,81100501,534.9467456,106,214.9859551
0002,白鹤滩,81100501,541.0248521,107,214.9859551
0002,白鹤滩,81100501,564.8307692,111,214.9859551
0002,白鹤滩,81100501,570.9088757,112,214.9859551
0002,白鹤滩,81100501,174.312426,30,220
0002,白鹤滩,81100501,182.9230769,32,220
0002,白鹤滩,81100501,186.9751479,33,220
0002,白鹤滩,81100501,203.6899408,37,220
0002,白鹤滩,81100501,207.7420118,38,220
0002,白鹤滩,81100501,220.4047337,41,220
0002,白鹤滩,81100501,224.4568047,42,220
0002,白鹤滩,81100501,237.1195266,45,220
0002,白鹤滩,81100501,241.1715976,46,220
0002,白鹤滩,81100501,245.7301775,47,220
0002,白鹤滩,81100501,249.7822485,48,220
0002,白鹤滩,81100501,254.3408284,49,220
0002,白鹤滩,81100501,258.3928994,50,220
0002,白鹤滩,81100501,262.9514793,51,220
0002,白鹤滩,81100501,312.5893491,62,220
0002,白鹤滩,81100501,317.147929,63,220
0002,白鹤滩,81100501,362.2272189,73,220
0002,白鹤滩,81100501,366.7857988,74,220
0002,白鹤滩,81100501,379.9550296,77,220
0002,白鹤滩,81100501,384.5136095,78,220
0002,白鹤滩,81100501,403.2544379,82,220
0002,白鹤滩,81100501,407.8130178,83,220
0002,白鹤滩,81100501,421.9952663,86,220
0002,白鹤滩,81100501,426.5538462,87,220
0002,白鹤滩,81100501,436.1775148,89,220
0002,白鹤滩,81100501,440.7360947,90,220
0002,白鹤滩,81100501,445.8011834,91,220
0002,白鹤滩,81100501,455.4248521,93,220
0002,白鹤滩,81100501,460.4899408,94,220
0002,白鹤滩,81100501,485.3088757,99,220
0002,白鹤滩,81100501,490.3739645,100,220
0002,白鹤滩,81100501,495.9455621,101,220
0002,白鹤滩,81100501,506.5822485,103,220
0002,白鹤滩,81100501,512.1538462,104,220
0002,白鹤滩,81100501,517.2189349,105,220
0002,白鹤滩,81100501,522.7905325,106,220
0002,白鹤滩,81100501,527.8556213,107,220
0002,白鹤滩,81100501,533.4272189,108,220
0002,白鹤滩,81100501,538.4923077,109,220
0002,白鹤滩,81100501,544.0639053,110,220
0002,白鹤滩,81100501,549.1289941,111,220
0002,白鹤滩,81100501,554.7005917,112,220
0002,白鹤滩,81100501,566.3502959,114,220
0002,白鹤滩,81100501,571.9218935,115,220
0002,白鹤滩,81100501,578,116,220
0002,白鹤滩,81100501,171.7798817,30,225.0140449
0002,白鹤滩,81100501,175.8319527,31,225.0140449
0002,白鹤滩,81100501,192.5467456,35,225.0140449
0002,白鹤滩,81100501,196.5988166,36,225.0140449
0002,白鹤滩,81100501,253.8343195,50,225.0140449
0002,白鹤滩,81100501,257.8863905,51,225.0140449
0002,白鹤滩,81100501,262.4449704,52,225.0140449
0002,白鹤滩,81100501,280.1727811,56,225.0140449
0002,白鹤滩,81100501,284.7313609,57,225.0140449
0002,白鹤滩,81100501,302.4591716,61,225.0140449
0002,白鹤滩,81100501,307.0177515,62,225.0140449
0002,白鹤滩,81100501,320.1869822,65,225.0140449
0002,白鹤滩,81100501,324.7455621,66,225.0140449
0002,白鹤滩,81100501,337.9147929,69,225.0140449
0002,白鹤滩,81100501,342.4733728,70,225.0140449
0002,白鹤滩,81100501,346.5254438,71,225.0140449
0002,白鹤滩,81100501,355.1360947,73,225.0140449
0002,白鹤滩,81100501,359.1881657,74,225.0140449
0002,白鹤滩,81100501,363.7467456,75,225.0140449
0002,白鹤滩,81100501,376.9159763,78,225.0140449
0002,白鹤滩,81100501,381.4745562,79,225.0140449
0002,白鹤滩,81100501,390.0852071,81,225.0140449
0002,白鹤滩,81100501,394.643787,82,225.0140449
0002,白鹤滩,81100501,403.2544379,84,225.0140449
0002,白鹤滩,81100501,412.8781065,86,225.0140449
0002,白鹤滩,81100501,417.4366864,87,225.0140449
0002,白鹤滩,81100501,431.6189349,90,225.0140449
0002,白鹤滩,81100501,436.1775148,91,225.0140449
0002,白鹤滩,81100501,450.3597633,94,225.0140449
0002,白鹤滩,81100501,454.9183432,95,225.0140449
0002,白鹤滩,81100501,459.983432,96,225.0140449
0002,白鹤滩,81100501,469.6071006,98,225.0140449
0002,白鹤滩,81100501,474.6721893,99,225.0140449
0002,白鹤滩,81100501,489.3609467,102,225.0140449
0002,白鹤滩,81100501,494.4260355,103,225.0140449
0002,白鹤滩,81100501,504.0497041,105,225.0140449
0002,白鹤滩,81100501,509.1147929,106,225.0140449
0002,白鹤滩,81100501,519.7514793,108,225.0140449
0002,白鹤滩,81100501,524.816568,109,225.0140449
0002,白鹤滩,81100501,540.5183432,112,225.0140449
0002,白鹤滩,81100501,545.583432,113,225.0140449
0002,白鹤滩,81100501,551.1550296,114,225.0140449
0002,白鹤滩,81100501,169.2473373,30,230.0280899
0002,白鹤滩,81100501,173.8059172,31,230.0280899
0002,白鹤滩,81100501,177.8579882,32,230.0280899
0002,白鹤滩,81100501,217.8721893,42,230.0280899
0002,白鹤滩,81100501,221.9242604,43,230.0280899
0002,白鹤滩,81100501,249.7822485,50,230.0280899
0002,白鹤滩,81100501,258.3928994,52,230.0280899
0002,白鹤滩,81100501,262.4449704,53,230.0280899
0002,白鹤滩,81100501,271.0556213,55,230.0280899
0002,白鹤滩,81100501,279.6662722,57,230.0280899
0002,白鹤滩,81100501,284.2248521,58,230.0280899
0002,白鹤滩,81100501,297.3940828,61,230.0280899
0002,白鹤滩,81100501,301.9526627,62,230.0280899
0002,白鹤滩,81100501,306.0047337,63,230.0280899
0002,白鹤滩,81100501,310.5633136,64,230.0280899
0002,白鹤滩,81100501,314.6153846,65,230.0280899
0002,白鹤滩,81100501,323.2260355,67,230.0280899
0002,白鹤滩,81100501,344.4994083,72,230.0280899
0002,白鹤滩,81100501,353.1100592,74,230.0280899
0002,白鹤滩,81100501,357.1621302,75,230.0280899
0002,白鹤滩,81100501,365.7727811,77,230.0280899
0002,白鹤滩,81100501,369.8248521,78,230.0280899
0002,白鹤滩,81100501,378.435503,80,230.0280899
0002,白鹤滩,81100501,382.487574,81,230.0280899
0002,白鹤滩,81100501,387.0461538,82,230.0280899
0002,白鹤滩,81100501,395.6568047,84,230.0280899
0002,白鹤滩,81100501,400.2153846,85,230.0280899
0002,白鹤滩,81100501,408.8260355,87,230.0280899
0002,白鹤滩,81100501,413.3846154,88,230.0280899
0002,白鹤滩,81100501,421.9952663,90,230.0280899
0002,白鹤滩,81100501,427.060355,91,230.0280899
0002,白鹤滩,81100501,431.6189349,92,230.0280899
0002,白鹤滩,81100501,445.8011834,95,230.0280899
0002,白鹤滩,81100501,450.3597633,96,230.0280899
0002,白鹤滩,81100501,464.5420118,99,230.0280899
0002,白鹤滩,81100501,469.1005917,100,230.0280899
0002,白鹤滩,81100501,478.7242604,102,230.0280899
0002,白鹤滩,81100501,483.2828402,103,230.0280899
0002,白鹤滩,81100501,488.347929,104,230.0280899
0002,白鹤滩,81100501,492.9065089,105,230.0280899
0002,白鹤滩,81100501,497.9715976,106,230.0280899
0002,白鹤滩,81100501,502.5301775,107,230.0280899
0002,白鹤滩,81100501,507.5952663,108,230.0280899
0002,白鹤滩,81100501,512.1538462,109,230.0280899
0002,白鹤滩,81100501,517.2189349,110,230.0280899
0002,白鹤滩,81100501,526.8426036,112,230.0280899
0002,白鹤滩,81100501,531.9076923,113,230.0280899
0002,白鹤滩,81100501,552.6745562,117,230.0280899
0002,白鹤滩,81100501,557.739645,118,230.0280899
0002,白鹤滩,81100501,568.3763314,120,230.0280899
0002,白鹤滩,81100501,166.7147929,30,235.0421348
0002,白鹤滩,81100501,178.8710059,33,235.0421348
0002,白鹤滩,81100501,218.8852071,43,235.0421348
0002,白鹤滩,81100501,222.9372781,44,235.0421348
0002,白鹤滩,81100501,242.6911243,49,235.0421348
0002,白鹤滩,81100501,246.7431953,50,235.0421348
0002,白鹤滩,81100501,255.3538462,52,235.0421348
0002,白鹤滩,81100501,259.4059172,53,235.0421348
0002,白鹤滩,81100501,263.964497,54,235.0421348
0002,白鹤滩,81100501,268.016568,55,235.0421348
0002,白鹤滩,81100501,300.939645,63,235.0421348
0002,白鹤滩,81100501,304.991716,64,235.0421348
0002,白鹤滩,81100501,313.6023669,66,235.0421348
0002,白鹤滩,81100501,317.6544379,67,235.0421348
0002,白鹤滩,81100501,322.2130178,68,235.0421348
0002,白鹤滩,81100501,326.2650888,69,235.0421348
0002,白鹤滩,81100501,330.8236686,70,235.0421348
0002,白鹤滩,81100501,334.8757396,71,235.0421348
0002,白鹤滩,81100501,359.6946746,77,235.0421348
0002,白鹤滩,81100501,363.7467456,78,235.0421348
0002,白鹤滩,81100501,372.3573964,80,235.0421348
0002,白鹤滩,81100501,376.4094675,81,235.0421348
0002,白鹤滩,81100501,397.1763314,86,235.0421348
0002,白鹤滩,81100501,401.7349112,87,235.0421348
0002,白鹤滩,81100501,410.3455621,89,235.0421348
0002,白鹤滩,81100501,414.904142,90,235.0421348
0002,白鹤滩,81100501,418.956213,91,235.0421348
0002,白鹤滩,81100501,436.1775148,95,235.0421348
0002,白鹤滩,81100501,454.9183432,99,235.0421348
0002,白鹤滩,81100501,459.4769231,100,235.0421348
0002,白鹤滩,81100501,481.7633136,105,235.0421348
0002,白鹤滩,81100501,486.8284024,106,235.0421348
0002,白鹤滩,81100501,491.3869822,107,235.0421348
0002,白鹤滩,81100501,501.0106509,109,235.0421348
0002,白鹤滩,81100501,505.5692308,110,235.0421348
0002,白鹤滩,81100501,515.1928994,112,235.0421348
0002,白鹤滩,81100501,519.7514793,113,235.0421348
0002,白鹤滩,81100501,529.3751479,115,235.0421348
0002,白鹤滩,81100501,533.9337278,116,235.0421348
0002,白鹤滩,81100501,538.9988166,117,235.0421348
0002,白鹤滩,81100501,543.5573964,118,235.0421348
0002,白鹤滩,81100501,548.6224852,119,235.0421348
0002,白鹤滩,81100501,164.6887574,30,239.9578652
0002,白鹤滩,81100501,168.7408284,31,239.9578652
0002,白鹤滩,81100501,180.3905325,34,239.9578652
0002,白鹤滩,81100501,184.4426036,35,239.9578652
0002,白鹤滩,81100501,208.2485207,41,239.9578652
0002,白鹤滩,81100501,212.3005917,42,239.9578652
0002,白鹤滩,81100501,223.9502959,45,239.9578652
0002,白鹤滩,81100501,228.0023669,46,239.9578652
0002,白鹤滩,81100501,243.704142,50,239.9578652
0002,白鹤滩,81100501,247.756213,51,239.9578652
0002,白鹤滩,81100501,255.3538462,53,239.9578652
0002,白鹤滩,81100501,259.4059172,54,239.9578652
0002,白鹤滩,81100501,296.3810651,63,239.9578652
0002,白鹤滩,81100501,300.4331361,64,239.9578652
0002,白鹤滩,81100501,321.2,69,239.9578652
0002,白鹤滩,81100501,325.252071,70,239.9578652
0002,白鹤滩,81100501,366.2792899,80,239.9578652
0002,白鹤滩,81100501,370.3313609,81,239.9578652
0002,白鹤滩,81100501,391.0982249,86,239.9578652
0002,白鹤滩,81100501,395.1502959,87,239.9578652
0002,白鹤滩,81100501,411.8650888,91,239.9578652
0002,白鹤滩,81100501,415.9171598,92,239.9578652
0002,白鹤滩,81100501,440.7360947,98,239.9578652
0002,白鹤滩,81100501,485.8153846,108,239.9578652
0002,白鹤滩,81100501,490.3739645,109,239.9578652
0002,白鹤滩,81100501,504.556213,112,239.9578652
0002,白鹤滩,81100501,509.1147929,113,239.9578652
0002,白鹤滩,81100501,518.7384615,115,239.9578652
0002,白鹤滩,81100501,523.2970414,116,239.9578652
0002,白鹤滩,81100501,532.9207101,118,239.9578652
0002,白鹤滩,81100501,537.4792899,119,239.9578652
0002,白鹤滩,81100501,161.6497041,30,245.9550562
0002,白鹤滩,81100501,165.7017751,31,245.9550562
0002,白鹤滩,81100501,177.3514793,34,245.9550562
0002,白鹤滩,81100501,181.4035503,35,245.9550562
0002,白鹤滩,81100501,197.1053254,39,245.9550562
0002,白鹤滩,81100501,201.1573964,40,245.9550562
0002,白鹤滩,81100501,208.7550296,42,245.9550562
0002,白鹤滩,81100501,212.8071006,43,245.9550562
0002,白鹤滩,81100501,220.4047337,45,245.9550562
0002,白鹤滩,81100501,224.4568047,46,245.9550562
0002,白鹤滩,81100501,236.1065089,49,245.9550562
0002,白鹤滩,81100501,240.1585799,50,245.9550562
0002,白鹤滩,81100501,247.756213,52,245.9550562
0002,白鹤滩,81100501,251.808284,53,245.9550562
0002,白鹤滩,81100501,259.4059172,55,245.9550562
0002,白鹤滩,81100501,263.4579882,56,245.9550562
0002,白鹤滩,81100501,275.1076923,59,245.9550562
0002,白鹤滩,81100501,279.1597633,60,245.9550562
0002,白鹤滩,81100501,286.7573964,62,245.9550562
0002,白鹤滩,81100501,290.8094675,63,245.9550562
0002,白鹤滩,81100501,326.7715976,72,245.9550562
0002,白鹤滩,81100501,330.8236686,73,245.9550562
0002,白鹤滩,81100501,374.8899408,84,245.9550562
0002,白鹤滩,81100501,378.9420118,85,245.9550562
0002,白鹤滩,81100501,444.2816568,101,245.9550562
0002,白鹤滩,81100501,448.3337278,102,245.9550562
0002,白鹤滩,81100501,452.8923077,103,245.9550562
0002,白鹤滩,81100501,461.5029586,105,245.9550562
0002,白鹤滩,81100501,466.0615385,106,245.9550562
0002,白鹤滩,81100501,516.712426,117,245.9550562
0002,白鹤滩,81100501,521.2710059,118,245.9550562
0002,白鹤滩,81100501,526.3360947,119,245.9550562
0002,白鹤滩,81100501,530.8946746,120,245.9550562
0002,白鹤滩,81100501,160.1301775,30,249.9859551
0002,白鹤滩,81100501,167.7278107,32,249.9859551
0002,白鹤滩,81100501,171.7798817,33,249.9859551
0002,白鹤滩,81100501,187.4816568,37,249.9859551
0002,白鹤滩,81100501,191.5337278,38,249.9859551
0002,白鹤滩,81100501,199.1313609,40,249.9859551
0002,白鹤滩,81100501,203.183432,41,249.9859551
0002,白鹤滩,81100501,206.7289941,42,249.9859551
0002,白鹤滩,81100501,210.7810651,43,249.9859551
0002,白鹤滩,81100501,214.3266272,44,249.9859551
0002,白鹤滩,81100501,218.3786982,45,249.9859551
0002,白鹤滩,81100501,225.9763314,47,249.9859551
0002,白鹤滩,81100501,237.6260355,50,249.9859551
0002,白鹤滩,81100501,245.2236686,52,249.9859551
0002,白鹤滩,81100501,249.2757396,53,249.9859551
0002,白鹤滩,81100501,252.8213018,54,249.9859551
0002,白鹤滩,81100501,256.8733728,55,249.9859551
0002,白鹤滩,81100501,264.4710059,57,249.9859551
0002,白鹤滩,81100501,268.5230769,58,249.9859551
0002,白鹤滩,81100501,276.1207101,60,249.9859551
0002,白鹤滩,81100501,280.1727811,61,249.9859551
0002,白鹤滩,81100501,287.7704142,63,249.9859551
0002,白鹤滩,81100501,291.8224852,64,249.9859551
0002,白鹤滩,81100501,299.4201183,66,249.9859551
0002,白鹤滩,81100501,303.4721893,67,249.9859551
0002,白鹤滩,81100501,311.0698225,69,249.9859551
0002,白鹤滩,81100501,315.1218935,70,249.9859551
0002,白鹤滩,81100501,322.7195266,72,249.9859551
0002,白鹤滩,81100501,326.7715976,73,249.9859551
0002,白鹤滩,81100501,346.5254438,78,249.9859551
0002,白鹤滩,81100501,350.5775148,79,249.9859551
0002,白鹤滩,81100501,366.2792899,83,249.9859551
0002,白鹤滩,81100501,370.3313609,84,249.9859551
0002,白鹤滩,81100501,394.1372781,90,249.9859551
0002,白鹤滩,81100501,398.1893491,91,249.9859551
0002,白鹤滩,81100501,413.8911243,95,249.9859551
0002,白鹤滩,81100501,417.9431953,96,249.9859551
0002,白鹤滩,81100501,450.8662722,104,249.9859551
0002,白鹤滩,81100501,454.9183432,105,249.9859551
0002,白鹤滩,81100501,463.5289941,107,249.9859551
0002,白鹤滩,81100501,472.139645,109,249.9859551
0002,白鹤滩,81100501,476.6982249,110,249.9859551
0002,白鹤滩,81100501,485.3088757,112,249.9859551
0002,白鹤滩,81100501,489.8674556,113,249.9859551
0002,白鹤滩,81100501,517.7254438,119,249.9859551
0002,白鹤滩,81100501,522.2840237,120,249.9859551
0002,白鹤滩,81100501,161.6497041,31,255
0002,白鹤滩,81100501,165.7017751,32,255
0002,白鹤滩,81100501,173.2994083,34,255
0002,白鹤滩,81100501,177.3514793,35,255
0002,白鹤滩,81100501,184.9491124,37,255
0002,白鹤滩,81100501,189.0011834,38,255
0002,白鹤滩,81100501,196.5988166,40,255
0002,白鹤滩,81100501,200.6508876,41,255
0002,白鹤滩,81100501,204.1964497,42,255
0002,白鹤滩,81100501,208.2485207,43,255
0002,白鹤滩,81100501,211.7940828,44,255
0002,白鹤滩,81100501,219.391716,46,255
0002,白鹤滩,81100501,222.9372781,47,255
0002,白鹤滩,81100501,226.9893491,48,255
0002,白鹤滩,81100501,230.5349112,49,255
0002,白鹤滩,81100501,238.1325444,51,255
0002,白鹤滩,81100501,242.1846154,52,255
0002,白鹤滩,81100501,245.7301775,53,255
0002,白鹤滩,81100501,249.7822485,54,255
0002,白鹤滩,81100501,253.3278107,55,255
0002,白鹤滩,81100501,257.3798817,56,255
0002,白鹤滩,81100501,260.9254438,57,255
0002,白鹤滩,81100501,264.9775148,58,255
0002,白鹤滩,81100501,268.5230769,59,255
0002,白鹤滩,81100501,272.5751479,60,255
0002,白鹤滩,81100501,280.1727811,62,255
0002,白鹤滩,81100501,298.9136095,67,255
0002,白鹤滩,81100501,306.5112426,69,255
0002,白鹤滩,81100501,310.0568047,70,255
0002,白鹤滩,81100501,314.1088757,71,255
0002,白鹤滩,81100501,325.7585799,74,255
0002,白鹤滩,81100501,329.8106509,75,255
0002,白鹤滩,81100501,337.408284,77,255
0002,白鹤滩,81100501,341.460355,78,255
0002,白鹤滩,81100501,349.0579882,80,255
0002,白鹤滩,81100501,353.1100592,81,255
0002,白鹤滩,81100501,360.7076923,83,255
0002,白鹤滩,81100501,364.7597633,84,255
0002,白鹤滩,81100501,376.4094675,87,255
0002,白鹤滩,81100501,380.4615385,88,255
0002,白鹤滩,81100501,388.0591716,90,255
0002,白鹤滩,81100501,392.1112426,91,255
0002,白鹤滩,81100501,403.7609467,94,255
0002,白鹤滩,81100501,407.8130178,95,255
0002,白鹤滩,81100501,419.4627219,98,255
0002,白鹤滩,81100501,423.5147929,99,255
0002,白鹤滩,81100501,435.164497,102,255
0002,白鹤滩,81100501,439.216568,103,255
0002,白鹤滩,81100501,480.243787,113,255
0002,白鹤滩,81100501,484.295858,114,255
0002,白鹤滩,81100501,488.8544379,115,255
0002,白鹤滩,81100501,492.9065089,116,255
0002,白鹤滩,81100501,501.5171598,118,255
0002,白鹤滩,81100501,506.0757396,119,255
0002,白鹤滩,81100501,159.6236686,31,260.0140449
0002,白鹤滩,81100501,163.6757396,32,260.0140449
0002,白鹤滩,81100501,171.2733728,34,260.0140449
0002,白鹤滩,81100501,175.3254438,35,260.0140449
0002,白鹤滩,81100501,178.8710059,36,260.0140449
0002,白鹤滩,81100501,182.9230769,37,260.0140449
0002,白鹤滩,81100501,186.4686391,38,260.0140449
0002,白鹤滩,81100501,194.0662722,40,260.0140449
0002,白鹤滩,81100501,205.2094675,43,260.0140449
0002,白鹤滩,81100501,212.8071006,45,260.0140449
0002,白鹤滩,81100501,216.3526627,46,260.0140449
0002,白鹤滩,81100501,223.9502959,48,260.0140449
0002,白鹤滩,81100501,227.495858,49,260.0140449
0002,白鹤滩,81100501,235.0934911,51,260.0140449
0002,白鹤滩,81100501,238.6390533,52,260.0140449
0002,白鹤滩,81100501,242.6911243,53,260.0140449
0002,白鹤滩,81100501,246.2366864,54,260.0140449
0002,白鹤滩,81100501,253.8343195,56,260.0140449
0002,白鹤滩,81100501,264.9775148,59,260.0140449
0002,白鹤滩,81100501,272.5751479,61,260.0140449
0002,白鹤滩,81100501,276.6272189,62,260.0140449
0002,白鹤滩,81100501,292.3289941,66,260.0140449
0002,白鹤滩,81100501,296.3810651,67,260.0140449
0002,白鹤滩,81100501,303.9786982,69,260.0140449
0002,白鹤滩,81100501,308.0307692,70,260.0140449
0002,白鹤滩,81100501,311.5763314,71,260.0140449
0002,白鹤滩,81100501,336.9017751,78,260.0140449
0002,白鹤滩,81100501,340.4473373,79,260.0140449
0002,白鹤滩,81100501,344.4994083,80,260.0140449
0002,白鹤滩,81100501,348.0449704,81,260.0140449
0002,白鹤滩,81100501,355.6426036,83,260.0140449
0002,白鹤滩,81100501,359.1881657,84,260.0140449
0002,白鹤滩,81100501,363.2402367,85,260.0140449
0002,白鹤滩,81100501,366.7857988,86,260.0140449
0002,白鹤滩,81100501,374.383432,88,260.0140449
0002,白鹤滩,81100501,377.9289941,89,260.0140449
0002,白鹤滩,81100501,381.9810651,90,260.0140449
0002,白鹤滩,81100501,389.5786982,92,260.0140449
0002,白鹤滩,81100501,393.6307692,93,260.0140449
0002,白鹤滩,81100501,405.2804734,96,260.0140449
0002,白鹤滩,81100501,409.3325444,97,260.0140449
0002,白鹤滩,81100501,420.9822485,100,260.0140449
0002,白鹤滩,81100501,425.0343195,101,260.0140449
0002,白鹤滩,81100501,432.6319527,103,260.0140449
0002,白鹤滩,81100501,436.6840237,104,260.0140449
0002,白鹤滩,81100501,444.2816568,106,260.0140449
0002,白鹤滩,81100501,448.3337278,107,260.0140449
0002,白鹤滩,81100501,451.8792899,108,260.0140449
0002,白鹤滩,81100501,455.9313609,109,260.0140449
0002,白鹤滩,81100501,467.5810651,112,260.0140449
0002,白鹤滩,81100501,471.6331361,113,260.0140449
0002,白鹤滩,81100501,484.295858,116,260.0140449
0002,白鹤滩,81100501,488.347929,117,260.0140449
0002,白鹤滩,81100501,154.052071,30,265.0280899
0002,白鹤滩,81100501,157.5976331,31,265.0280899
0002,白鹤滩,81100501,165.1952663,33,265.0280899
0002,白鹤滩,81100501,168.7408284,34,265.0280899
0002,白鹤滩,81100501,176.3384615,36,265.0280899
0002,白鹤滩,81100501,187.4816568,39,265.0280899
0002,白鹤滩,81100501,191.5337278,40,265.0280899
0002,白鹤滩,81100501,195.0792899,41,265.0280899
0002,白鹤滩,81100501,199.1313609,42,265.0280899
0002,白鹤滩,81100501,202.6769231,43,265.0280899
0002,白鹤滩,81100501,210.2745562,45,265.0280899
0002,白鹤滩,81100501,213.8201183,46,265.0280899
0002,白鹤滩,81100501,217.8721893,47,265.0280899
0002,白鹤滩,81100501,221.4177515,48,265.0280899
0002,白鹤滩,81100501,229.0153846,50,265.0280899
0002,白鹤滩,81100501,232.5609467,51,265.0280899
0002,白鹤滩,81100501,240.1585799,53,265.0280899
0002,白鹤滩,81100501,243.704142,54,265.0280899
0002,白鹤滩,81100501,258.3928994,58,265.0280899
0002,白鹤滩,81100501,261.9384615,59,265.0280899
0002,白鹤滩,81100501,265.9905325,60,265.0280899
0002,白鹤滩,81100501,273.5881657,62,265.0280899
0002,白鹤滩,81100501,277.6402367,63,265.0280899
0002,白鹤滩,81100501,285.2378698,65,265.0280899
0002,白鹤滩,81100501,289.2899408,66,265.0280899
0002,白鹤滩,81100501,296.887574,68,265.0280899
0002,白鹤滩,81100501,300.939645,69,265.0280899
0002,白鹤滩,81100501,304.4852071,70,265.0280899
0002,白鹤滩,81100501,325.252071,76,265.0280899
0002,白鹤滩,81100501,328.7976331,77,265.0280899
0002,白鹤滩,81100501,350.5775148,83,265.0280899
0002,白鹤滩,81100501,362.2272189,86,265.0280899
0002,白鹤滩,81100501,365.7727811,87,265.0280899
0002,白鹤滩,81100501,369.8248521,88,265.0280899
0002,白鹤滩,81100501,373.3704142,89,265.0280899
0002,白鹤滩,81100501,380.9680473,91,265.0280899
0002,白鹤滩,81100501,384.5136095,92,265.0280899
0002,白鹤滩,81100501,388.5656805,93,265.0280899
0002,白鹤滩,81100501,392.1112426,94,265.0280899
0002,白鹤滩,81100501,396.1633136,95,265.0280899
0002,白鹤滩,81100501,399.7088757,96,265.0280899
0002,白鹤滩,81100501,407.3065089,98,265.0280899
0002,白鹤滩,81100501,410.852071,99,265.0280899
0002,白鹤滩,81100501,414.904142,100,265.0280899
0002,白鹤滩,81100501,418.4497041,101,265.0280899
0002,白鹤滩,81100501,422.5017751,102,265.0280899
0002,白鹤滩,81100501,426.0473373,103,265.0280899
0002,白鹤滩,81100501,430.0994083,104,265.0280899
0002,白鹤滩,81100501,433.6449704,105,265.0280899
0002,白鹤滩,81100501,437.6970414,106,265.0280899
0002,白鹤滩,81100501,445.2946746,108,265.0280899
0002,白鹤滩,81100501,449.3467456,109,265.0280899
0002,白鹤滩,81100501,452.8923077,110,265.0280899
0002,白鹤滩,81100501,456.9443787,111,265.0280899
0002,白鹤滩,81100501,464.5420118,113,265.0280899
0002,白鹤滩,81100501,468.5940828,114,265.0280899
0002,白鹤滩,81100501,152.0260355,30,270.0421348
0002,白鹤滩,81100501,159.6236686,32,270.0421348
0002,白鹤滩,81100501,163.1692308,33,270.0421348
0002,白鹤滩,81100501,170.7668639,35,270.0421348
0002,白鹤滩,81100501,174.312426,36,270.0421348
0002,白鹤滩,81100501,181.9100592,38,270.0421348
0002,白鹤滩,81100501,185.4556213,39,270.0421348
0002,白鹤滩,81100501,193.0532544,41,270.0421348
0002,白鹤滩,81100501,196.5988166,42,270.0421348
0002,白鹤滩,81100501,207.7420118,45,270.0421348
0002,白鹤滩,81100501,211.287574,46,270.0421348
0002,白鹤滩,81100501,222.4307692,49,270.0421348
0002,白鹤滩,81100501,225.9763314,50,270.0421348
0002,白鹤滩,81100501,237.1195266,53,270.0421348
0002,白鹤滩,81100501,240.6650888,54,270.0421348
0002,白鹤滩,81100501,255.3538462,58,270.0421348
0002,白鹤滩,81100501,258.8994083,59,270.0421348
0002,白鹤滩,81100501,266.4970414,61,270.0421348
0002,白鹤滩,81100501,270.0426036,62,270.0421348
0002,白鹤滩,81100501,277.6402367,64,270.0421348
0002,白鹤滩,81100501,281.1857988,65,270.0421348
0002,白鹤滩,81100501,288.783432,67,270.0421348
0002,白鹤滩,81100501,292.3289941,68,270.0421348
0002,白鹤滩,81100501,349.564497,84,270.0421348
0002,白鹤滩,81100501,357.1621302,86,270.0421348
0002,白鹤滩,81100501,368.3053254,89,270.0421348
0002,白鹤滩,81100501,372.3573964,90,270.0421348
0002,白鹤滩,81100501,375.9029586,91,270.0421348
0002,白鹤滩,81100501,383.5005917,93,270.0421348
0002,白鹤滩,81100501,387.0461538,94,270.0421348
0002,白鹤滩,81100501,394.643787,96,270.0421348
0002,白鹤滩,81100501,398.1893491,97,270.0421348
0002,白鹤滩,81100501,409.3325444,100,270.0421348
0002,白鹤滩,81100501,412.8781065,101,270.0421348
0002,白鹤滩,81100501,420.4757396,103,270.0421348
0002,白鹤滩,81100501,424.0213018,104,270.0421348
0002,白鹤滩,81100501,435.164497,107,270.0421348
0002,白鹤滩,81100501,438.7100592,108,270.0421348
0002,白鹤滩,81100501,446.3076923,110,270.0421348
0002,白鹤滩,81100501,457.9573964,113,270.0421348
0002,白鹤滩,81100501,465.5550296,115,270.0421348
0002,白鹤滩,81100501,469.6071006,116,270.0421348
0002,白鹤滩,81100501,473.1526627,117,270.0421348
0002,白鹤滩,81100501,477.2047337,118,270.0421348
0002,白鹤滩,81100501,150.5065089,30,274.9578652
0002,白鹤滩,81100501,154.052071,31,274.9578652
0002,白鹤滩,81100501,165.1952663,34,274.9578652
0002,白鹤滩,81100501,168.7408284,35,274.9578652
0002,白鹤滩,81100501,183.4295858,39,274.9578652
0002,白鹤滩,81100501,186.9751479,40,274.9578652
0002,白鹤滩,81100501,212.3005917,47,274.9578652
0002,白鹤滩,81100501,215.8461538,48,274.9578652
0002,白鹤滩,81100501,226.9893491,51,274.9578652
0002,白鹤滩,81100501,230.5349112,52,274.9578652
0002,白鹤滩,81100501,245.2236686,56,274.9578652
0002,白鹤滩,81100501,248.7692308,57,274.9578652
0002,白鹤滩,81100501,267.0035503,62,274.9578652
0002,白鹤滩,81100501,270.5491124,63,274.9578652
0002,白鹤滩,81100501,288.783432,68,274.9578652
0002,白鹤滩,81100501,292.3289941,69,274.9578652
0002,白鹤滩,81100501,303.4721893,72,274.9578652
0002,白鹤滩,81100501,307.0177515,73,274.9578652
0002,白鹤滩,81100501,311.0698225,74,274.9578652
0002,白鹤滩,81100501,314.6153846,75,274.9578652
0002,白鹤滩,81100501,322.2130178,77,274.9578652
0002,白鹤滩,81100501,325.7585799,78,274.9578652
0002,白鹤滩,81100501,329.8106509,79,274.9578652
0002,白鹤滩,81100501,333.356213,80,274.9578652
0002,白鹤滩,81100501,343.4863905,83,274.9578652
0002,白鹤滩,81100501,347.0319527,84,274.9578652
0002,白鹤滩,81100501,353.616568,86,274.9578652
0002,白鹤滩,81100501,357.1621302,87,274.9578652
0002,白鹤滩,81100501,363.7467456,89,274.9578652
0002,白鹤滩,81100501,367.2923077,90,274.9578652
0002,白鹤滩,81100501,381.9810651,94,274.9578652
0002,白鹤滩,81100501,385.5266272,95,274.9578652
0002,白鹤滩,81100501,393.1242604,97,274.9578652
0002,白鹤滩,81100501,396.6698225,98,274.9578652
0002,白鹤滩,81100501,404.2674556,100,274.9578652
0002,白鹤滩,81100501,407.8130178,101,274.9578652
0002,白鹤滩,81100501,418.956213,104,274.9578652
0002,白鹤滩,81100501,422.5017751,105,274.9578652
0002,白鹤滩,81100501,433.6449704,108,274.9578652
0002,白鹤滩,81100501,437.1905325,109,274.9578652
0002,白鹤滩,81100501,448.3337278,112,274.9578652
0002,白鹤滩,81100501,451.8792899,113,274.9578652
0002,白鹤滩,81100501,463.0224852,116,274.9578652
0002,白鹤滩,81100501,466.5680473,117,274.9578652
0002,白鹤滩,81100501,474.1656805,119,274.9578652
0002,白鹤滩,81100501,477.7112426,120,274.9578652
0002,白鹤滩,81100501,159.1171598,33,279.9719101
0002,白鹤滩,81100501,170.260355,36,279.9719101
0002,白鹤滩,81100501,173.8059172,37,279.9719101
0002,白鹤滩,81100501,188.4946746,41,279.9719101
0002,白鹤滩,81100501,192.0402367,42,279.9719101
0002,白鹤滩,81100501,242.1846154,56,279.9719101
0002,白鹤滩,81100501,245.7301775,57,279.9719101
0002,白鹤滩,81100501,288.783432,69,279.9719101
0002,白鹤滩,81100501,292.3289941,70,279.9719101
0002,白鹤滩,81100501,310.5633136,75,279.9719101
0002,白鹤滩,81100501,314.1088757,76,279.9719101
0002,白鹤滩,81100501,321.7065089,78,279.9719101
0002,白鹤滩,81100501,335.8887574,82,279.9719101
0002,白鹤滩,81100501,339.4343195,83,279.9719101
0002,白鹤滩,81100501,346.0189349,85,279.9719101
0002,白鹤滩,81100501,349.564497,86,279.9719101
0002,白鹤滩,81100501,352.6035503,87,279.9719101
0002,白鹤滩,81100501,356.1491124,88,279.9719101
0002,白鹤滩,81100501,362.7337278,90,279.9719101
0002,白鹤滩,81100501,366.2792899,91,279.9719101
0002,白鹤滩,81100501,402.2414201,101,279.9719101
0002,白鹤滩,81100501,405.7869822,102,279.9719101
0002,白鹤滩,81100501,420.4757396,106,279.9719101
0002,白鹤滩,81100501,424.0213018,107,279.9719101
0002,白鹤滩,81100501,435.164497,110,279.9719101
0002,白鹤滩,81100501,438.7100592,111,279.9719101
0002,白鹤滩,81100501,446.3076923,113,279.9719101
0002,白鹤滩,81100501,449.8532544,114,279.9719101
0002,白鹤滩,81100501,457.4508876,116,279.9719101
0002,白鹤滩,81100501,460.9964497,117,279.9719101
0002,白鹤滩,81100501,465.0485207,118,279.9719101
0002,白鹤滩,81100501,468.5940828,119,279.9719101
0002,白鹤滩,81100501,472.6461538,120,279.9719101
0002,白鹤滩,81100501,171.7798817,37,284.9859551
0002,白鹤滩,81100501,175.3254438,38,284.9859551
0002,白鹤滩,81100501,309.5502959,76,284.9859551
0002,白鹤滩,81100501,313.095858,77,284.9859551
0002,白鹤滩,81100501,351.5905325,88,284.9859551
0002,白鹤滩,81100501,355.1360947,89,284.9859551
0002,白鹤滩,81100501,382.9940828,97,284.9859551
0002,白鹤滩,81100501,386.539645,98,284.9859551
0002,白鹤滩,81100501,443.7751479,114,284.9859551
0002,白鹤滩,81100501,447.3207101,115,284.9859551
0002,白鹤滩,81100501,454.9183432,117,284.9859551
0002,白鹤滩,81100501,458.4639053,118,284.9859551
0002,白鹤滩,81100501,466.0615385,120,284.9859551
0002,白鹤滩,81100501,180.3905325,40,290
0002,白鹤滩,81100501,183.9360947,41,290
0002,白鹤滩,81100501,225.9763314,53,290
0002,白鹤滩,81100501,229.5218935,54,290
0002,白鹤滩,81100501,246.7431953,59,290
0002,白鹤滩,81100501,250.2887574,60,290
0002,白鹤滩,81100501,274.6011834,67,290
0002,白鹤滩,81100501,278.1467456,68,290
0002,白鹤滩,81100501,298.9136095,74,290
0002,白鹤滩,81100501,302.4591716,75,290
0002,白鹤滩,81100501,319.6804734,80,290
0002,白鹤滩,81100501,323.2260355,81,290
0002,白鹤滩,81100501,329.8106509,83,290
0002,白鹤滩,81100501,333.356213,84,290
0002,白鹤滩,81100501,339.9408284,86,290
0002,白鹤滩,81100501,343.4863905,87,290
0002,白鹤滩,81100501,350.0710059,89,290
0002,白鹤滩,81100501,353.616568,90,290
0002,白鹤滩,81100501,364.7597633,93,290
0002,白鹤滩,81100501,368.3053254,94,290
0002,白鹤滩,81100501,375.9029586,96,290
0002,白鹤滩,81100501,379.4485207,97,290
0002,白鹤滩,81100501,390.591716,100,290
0002,白鹤滩,81100501,393.6307692,101,290
0002,白鹤滩,81100501,400.2153846,103,290
0002,白鹤滩,81100501,409.8390533,106,290
0002,白鹤滩,81100501,416.4236686,108,290
0002,白鹤滩,81100501,426.5538462,111,290
0003,溪洛渡,691000121,49.661,0,151
0003,溪洛渡,691000121,55.355,1,151
0003,溪洛渡,691000121,129.731,14,151
0003,溪洛渡,691000121,135.821,15,151
0003,溪洛渡,691000121,141.638,16,151
0003,溪洛渡,691000121,147.532,17,151
0003,溪洛渡,691000121,153.471,18,151
0003,溪洛渡,691000121,159.451,19,151
0003,溪洛渡,691000121,165.329,20,151
0003,溪洛渡,691000121,171.048,21,151
0003,溪洛渡,691000121,177.166,22,151
0003,溪洛渡,691000121,183.352,23,151
0003,溪洛渡,691000121,189.677,24,151
0003,溪洛渡,691000121,196.103,25,151
0003,溪洛渡,691000121,202.747,26,151
0003,溪洛渡,691000121,209.416,27,151
0003,溪洛渡,691000121,216.188,28,151
0003,溪洛渡,691000121,222.942,29,151
0003,溪洛渡,691000121,229.898,30,151
0003,溪洛渡,691000121,236.838,31,151
0003,溪洛渡,691000121,243.705,32,151
0003,溪洛渡,691000121,250.539,33,151
0003,溪洛渡,691000121,257.392,34,151
0003,溪洛渡,691000121,264.208,35,151
0003,溪洛渡,691000121,271.004,36,151
0003,溪洛渡,691000121,277.766,37,151
0003,溪洛渡,691000121,284.502,38,151
0003,溪洛渡,691000121,291.205,39,151
0003,溪洛渡,691000121,304.58,41,151
0003,溪洛渡,691000121,311.282,42,151
0003,溪洛渡,691000121,318.064,43,151
0003,溪洛渡,691000121,325.081,44,151
0003,溪洛渡,691000121,332.44,45,151
0003,溪洛渡,691000121,340.095,46,151
0003,溪洛渡,691000121,348.56,47,151
0003,溪洛渡,691000121,357.655,48,151
0003,溪洛渡,691000121,368.064,49,151
0003,溪洛渡,691000121,48.643,0,154
0003,溪洛渡,691000121,54.246,1,154
0003,溪洛渡,691000121,127.459,14,154
0003,溪洛渡,691000121,133.353,15,154
0003,溪洛渡,691000121,139.004,16,154
0003,溪洛渡,691000121,144.776,17,154
0003,溪洛渡,691000121,150.643,18,154
0003,溪洛渡,691000121,156.399,19,154
0003,溪洛渡,691000121,162.043,20,154
0003,溪洛渡,691000121,167.716,21,154
0003,溪洛渡,691000121,173.707,22,154
0003,溪洛渡,691000121,179.627,23,154
0003,溪洛渡,691000121,185.771,24,154
0003,溪洛渡,691000121,191.958,25,154
0003,溪洛渡,691000121,198.182,26,154
0003,溪洛渡,691000121,204.706,27,154
0003,溪洛渡,691000121,211.208,28,154
0003,溪洛渡,691000121,217.828,29,154
0003,溪洛渡,691000121,224.539,30,154
0003,溪洛渡,691000121,231.203,31,154
0003,溪洛渡,691000121,237.934,32,154
0003,溪洛渡,691000121,244.688,33,154
0003,溪洛渡,691000121,251.384,34,154
0003,溪洛渡,691000121,258.042,35,154
0003,溪洛渡,691000121,271.331,37,154
0003,溪洛渡,691000121,277.916,38,154
0003,溪洛渡,691000121,284.466,39,154
0003,溪洛渡,691000121,304.087,42,154
0003,溪洛渡,691000121,317.134,44,154
0003,溪洛渡,691000121,324.342,45,154
0003,溪洛渡,691000121,331.282,46,154
0003,溪洛渡,691000121,338.107,47,154
0003,溪洛渡,691000121,345.59,48,154
0003,溪洛渡,691000121,353.917,49,154
0003,溪洛渡,691000121,362.849,50,154
0003,溪洛渡,691000121,373.286,51,154
0003,溪洛渡,691000121,385.755,52,154
0003,溪洛渡,691000121,47.626,0,157
0003,溪洛渡,691000121,53.162,1,157
0003,溪洛渡,691000121,125.444,14,157
0003,溪洛渡,691000121,131.09,15,157
0003,溪洛渡,691000121,136.511,16,157
0003,溪洛渡,691000121,142.113,17,157
0003,溪洛渡,691000121,147.964,18,157
0003,溪洛渡,691000121,153.484,19,157
0003,溪洛渡,691000121,159.13,20,157
0003,溪洛渡,691000121,164.816,21,157
0003,溪洛渡,691000121,170.605,22,157
0003,溪洛渡,691000121,176.302,23,157
0003,溪洛渡,691000121,182.13,24,157
0003,溪洛渡,691000121,188.044,25,157
0003,溪洛渡,691000121,194.068,26,157
0003,溪洛渡,691000121,200.358,27,157
0003,溪洛渡,691000121,213.029,29,157
0003,溪洛渡,691000121,219.349,30,157
0003,溪洛渡,691000121,225.844,31,157
0003,溪洛渡,691000121,232.471,32,157
0003,溪洛渡,691000121,239.081,33,157
0003,溪洛渡,691000121,245.655,34,157
0003,溪洛渡,691000121,252.255,35,157
0003,溪洛渡,691000121,258.779,36,157
0003,溪洛渡,691000121,265.269,37,157
0003,溪洛渡,691000121,271.725,38,157
0003,溪洛渡,691000121,278.193,39,157
0003,溪洛渡,691000121,284.625,40,157
0003,溪洛渡,691000121,291.024,41,157
0003,溪洛渡,691000121,297.402,42,157
0003,溪洛渡,691000121,310.194,44,157
0003,溪洛渡,691000121,316.578,45,157
0003,溪洛渡,691000121,323.02,46,157
0003,溪洛渡,691000121,329.613,47,157
0003,溪洛渡,691000121,336.389,48,157
0003,溪洛渡,691000121,343.852,49,157
0003,溪洛渡,691000121,351.459,50,157
0003,溪洛渡,691000121,359.588,51,157
0003,溪洛渡,691000121,367.962,52,157
0003,溪洛渡,691000121,378.104,53,157
0003,溪洛渡,691000121,389.627,54,157
0003,溪洛渡,691000121,46.609,0,160
0003,溪洛渡,691000121,52.085,1,160
0003,溪洛渡,691000121,123.546,14,160
0003,溪洛渡,691000121,129.113,15,160
0003,溪洛渡,691000121,134.571,16,160
0003,溪洛渡,691000121,139.908,17,160
0003,溪洛渡,691000121,145.422,18,160
0003,溪洛渡,691000121,150.971,19,160
0003,溪洛渡,691000121,156.491,20,160
0003,溪洛渡,691000121,162.041,21,160
0003,溪洛渡,691000121,173.058,23,160
0003,溪洛渡,691000121,178.74,24,160
0003,溪洛渡,691000121,184.576,25,160
0003,溪洛渡,691000121,190.448,26,160
0003,溪洛渡,691000121,196.426,27,160
0003,溪洛渡,691000121,202.463,28,160
0003,溪洛渡,691000121,208.557,29,160
0003,溪洛渡,691000121,214.724,30,160
0003,溪洛渡,691000121,221.102,31,160
0003,溪洛渡,691000121,227.458,32,160
0003,溪洛渡,691000121,240.307,34,160
0003,溪洛渡,691000121,246.761,35,160
0003,溪洛渡,691000121,253.183,36,160
0003,溪洛渡,691000121,259.581,37,160
0003,溪洛渡,691000121,265.948,38,160
0003,溪洛渡,691000121,272.293,39,160
0003,溪洛渡,691000121,278.609,40,160
0003,溪洛渡,691000121,284.894,41,160
0003,溪洛渡,691000121,291.16,42,160
0003,溪洛渡,691000121,297.441,43,160
0003,溪洛渡,691000121,303.694,44,160
0003,溪洛渡,691000121,309.92,45,160
0003,溪洛渡,691000121,316.119,46,160
0003,溪洛渡,691000121,322.524,47,160
0003,溪洛渡,691000121,329.238,48,160
0003,溪洛渡,691000121,356.543,52,160
0003,溪洛渡,691000121,364.47,53,160
0003,溪洛渡,691000121,373.176,54,160
0003,溪洛渡,691000121,382.819,55,160
0003,溪洛渡,691000121,393.429,56,160
0003,溪洛渡,691000121,405.997,57,160
0003,溪洛渡,691000121,45.717,0,163
0003,溪洛渡,691000121,51.117,1,163
0003,溪洛渡,691000121,121.714,14,163
0003,溪洛渡,691000121,127.21,15,163
0003,溪洛渡,691000121,132.647,16,163
0003,溪洛渡,691000121,137.924,17,163
0003,溪洛渡,691000121,143.465,18,163
0003,溪洛渡,691000121,148.764,19,163
0003,溪洛渡,691000121,153.969,20,163
0003,溪洛渡,691000121,159.427,21,163
0003,溪洛渡,691000121,164.778,22,163
0003,溪洛渡,691000121,170.089,23,163
0003,溪洛渡,691000121,175.572,24,163
0003,溪洛渡,691000121,181.305,25,163
0003,溪洛渡,691000121,192.835,27,163
0003,溪洛渡,691000121,198.752,28,163
0003,溪洛渡,691000121,204.654,29,163
0003,溪洛渡,691000121,210.684,30,163
0003,溪洛渡,691000121,216.855,31,163
0003,溪洛渡,691000121,222.861,32,163
0003,溪洛渡,691000121,229.062,33,163
0003,溪洛渡,691000121,235.282,34,163
0003,溪洛渡,691000121,241.6,35,163
0003,溪洛渡,691000121,247.888,36,163
0003,溪洛渡,691000121,254.188,37,163
0003,溪洛渡,691000121,260.465,38,163
0003,溪洛渡,691000121,266.715,39,163
0003,溪洛渡,691000121,272.936,40,163
0003,溪洛渡,691000121,279.117,41,163
0003,溪洛渡,691000121,291.435,43,163
0003,溪洛渡,691000121,297.554,44,163
0003,溪洛渡,691000121,303.647,45,163
0003,溪洛渡,691000121,309.767,46,163
0003,溪洛渡,691000121,315.978,47,163
0003,溪洛渡,691000121,322.168,48,163
0003,溪洛渡,691000121,328.338,49,163
0003,溪洛渡,691000121,334.682,50,163
0003,溪洛渡,691000121,341.224,51,163
0003,溪洛渡,691000121,348.159,52,163
0003,溪洛渡,691000121,355.362,53,163
0003,溪洛渡,691000121,362.204,54,163
0003,溪洛渡,691000121,369.994,55,163
0003,溪洛渡,691000121,378.566,56,163
0003,溪洛渡,691000121,387.751,57,163
0003,溪洛渡,691000121,397.817,58,163
0003,溪洛渡,691000121,409.72,59,163
0003,溪洛渡,691000121,44.887,0,166
0003,溪洛渡,691000121,50.203,1,166
0003,溪洛渡,691000121,119.76,14,166
0003,溪洛渡,691000121,125.339,15,166
0003,溪洛渡,691000121,130.762,16,166
0003,溪洛渡,691000121,136.041,17,166
0003,溪洛渡,691000121,141.547,18,166
0003,溪洛渡,691000121,146.881,19,166
0003,溪洛渡,691000121,151.772,20,166
0003,溪洛渡,691000121,157.022,21,166
0003,溪洛渡,691000121,167.623,23,166
0003,溪洛渡,691000121,172.959,24,166
0003,溪洛渡,691000121,178.331,25,166
0003,溪洛渡,691000121,183.911,26,166
0003,溪洛渡,691000121,195.163,28,166
0003,溪洛渡,691000121,200.925,29,166
0003,溪洛渡,691000121,206.779,30,166
0003,溪洛渡,691000121,212.701,31,166
0003,溪洛渡,691000121,218.559,32,166
0003,溪洛渡,691000121,224.653,33,166
0003,溪洛渡,691000121,236.796,35,166
0003,溪洛渡,691000121,242.932,36,166
0003,溪洛渡,691000121,249.091,37,166
0003,溪洛渡,691000121,255.224,38,166
0003,溪洛渡,691000121,267.469,40,166
0003,溪洛渡,691000121,273.606,41,166
0003,溪洛渡,691000121,279.72,42,166
0003,溪洛渡,691000121,285.809,43,166
0003,溪洛渡,691000121,291.838,44,166
0003,溪洛渡,691000121,297.808,45,166
0003,溪洛渡,691000121,303.842,46,166
0003,溪洛渡,691000121,315.88,48,166
0003,溪洛渡,691000121,321.865,49,166
0003,溪洛渡,691000121,327.89,50,166
0003,溪洛渡,691000121,340.381,52,166
0003,溪洛渡,691000121,346.927,53,166
0003,溪洛渡,691000121,367.594,56,166
0003,溪洛渡,691000121,375.271,57,166
0003,溪洛渡,691000121,383.295,58,166
0003,溪洛渡,691000121,392.252,59,166
0003,溪洛渡,691000121,401.877,60,166
0003,溪洛渡,691000121,412.279,61,166
0003,溪洛渡,691000121,44.057,0,169
0003,溪洛渡,691000121,49.305,1,169
0003,溪洛渡,691000121,118.037,14,169
0003,溪洛渡,691000121,123.528,15,169
0003,溪洛渡,691000121,134.22,17,169
0003,溪洛渡,691000121,139.528,18,169
0003,溪洛渡,691000121,144.854,19,169
0003,溪洛渡,691000121,149.798,20,169
0003,溪洛渡,691000121,154.911,21,169
0003,溪洛渡,691000121,159.939,22,169
0003,溪洛渡,691000121,165.294,23,169
0003,溪洛渡,691000121,170.507,24,169
0003,溪洛渡,691000121,175.703,25,169
0003,溪洛渡,691000121,181.089,26,169
0003,溪洛渡,691000121,186.505,27,169
0003,溪洛渡,691000121,191.932,28,169
0003,溪洛渡,691000121,197.52,29,169
0003,溪洛渡,691000121,203.237,30,169
0003,溪洛渡,691000121,208.965,31,169
0003,溪洛渡,691000121,214.661,32,169
0003,溪洛渡,691000121,220.523,33,169
0003,溪洛渡,691000121,226.341,34,169
0003,溪洛渡,691000121,232.301,35,169
0003,溪洛渡,691000121,238.374,36,169
0003,溪洛渡,691000121,244.407,37,169
0003,溪洛渡,691000121,250.402,38,169
0003,溪洛渡,691000121,256.368,39,169
0003,溪洛渡,691000121,262.383,40,169
0003,溪洛渡,691000121,268.416,41,169
0003,溪洛渡,691000121,274.422,42,169
0003,溪洛渡,691000121,280.386,43,169
0003,溪洛渡,691000121,286.326,44,169
0003,溪洛渡,691000121,292.253,45,169
0003,溪洛渡,691000121,304.093,47,169
0003,溪洛渡,691000121,309.979,48,169
0003,溪洛渡,691000121,315.844,49,169
0003,溪洛渡,691000121,321.687,50,169
0003,溪洛渡,691000121,327.909,51,169
0003,溪洛渡,691000121,334.339,52,169
0003,溪洛渡,691000121,380.304,59,169
0003,溪洛渡,691000121,388.313,60,169
0003,溪洛渡,691000121,396.595,61,169
0003,溪洛渡,691000121,405.622,62,169
0003,溪洛渡,691000121,415.503,63,169
0003,溪洛渡,691000121,426.014,64,169
0003,溪洛渡,691000121,43.227,0,172
0003,溪洛渡,691000121,48.405,1,172
0003,溪洛渡,691000121,116.289,14,172
0003,溪洛渡,691000121,121.751,15,172
0003,溪洛渡,691000121,127.181,16,172
0003,溪洛渡,691000121,132.402,17,172
0003,溪洛渡,691000121,137.574,18,172
0003,溪洛渡,691000121,142.841,19,172
0003,溪洛渡,691000121,147.82,20,172
0003,溪洛渡,691000121,152.819,21,172
0003,溪洛渡,691000121,157.891,22,172
0003,溪洛渡,691000121,163.008,23,172
0003,溪洛渡,691000121,173.268,25,172
0003,溪洛渡,691000121,178.441,26,172
0003,溪洛渡,691000121,183.697,27,172
0003,溪洛渡,691000121,188.978,28,172
0003,溪洛渡,691000121,194.441,29,172
0003,溪洛渡,691000121,205.466,31,172
0003,溪洛渡,691000121,210.986,32,172
0003,溪洛渡,691000121,216.759,33,172
0003,溪洛渡,691000121,222.475,34,172
0003,溪洛渡,691000121,234.049,36,172
0003,溪洛渡,691000121,239.888,37,172
0003,溪洛渡,691000121,245.765,38,172
0003,溪洛渡,691000121,251.625,39,172
0003,溪洛渡,691000121,257.564,40,172
0003,溪洛渡,691000121,263.479,41,172
0003,溪洛渡,691000121,269.371,42,172
0003,溪洛渡,691000121,275.24,43,172
0003,溪洛渡,691000121,281.084,44,172
0003,溪洛渡,691000121,292.774,46,172
0003,溪洛渡,691000121,298.592,47,172
0003,溪洛渡,691000121,304.388,48,172
0003,溪洛渡,691000121,310.162,49,172
0003,溪洛渡,691000121,315.916,50,172
0003,溪洛渡,691000121,322.19,51,172
0003,溪洛渡,691000121,328.507,52,172
0003,溪洛渡,691000121,353.687,56,172
0003,溪洛渡,691000121,385.25,61,172
0003,溪洛渡,691000121,393.139,62,172
0003,溪洛渡,691000121,401.311,63,172
0003,溪洛渡,691000121,409.928,64,172
0003,溪洛渡,691000121,418.792,65,172
0003,溪洛渡,691000121,428.768,66,172
0003,溪洛渡,691000121,42.397,0,175
0003,溪洛渡,691000121,47.514,1,175
0003,溪洛渡,691000121,114.632,14,175
0003,溪洛渡,691000121,120.048,15,175
0003,溪洛渡,691000121,125.414,16,175
0003,溪洛渡,691000121,130.606,17,175
0003,溪洛渡,691000121,135.684,18,175
0003,溪洛渡,691000121,140.884,19,175
0003,溪洛渡,691000121,145.982,20,175
0003,溪洛渡,691000121,150.947,21,175
0003,溪洛渡,691000121,155.959,22,175
0003,溪洛渡,691000121,160.915,23,175
0003,溪洛渡,691000121,165.913,24,175
0003,溪洛渡,691000121,170.892,25,175
0003,溪洛渡,691000121,175.996,26,175
0003,溪洛渡,691000121,181.134,27,175
0003,溪洛渡,691000121,186.257,28,175
0003,溪洛渡,691000121,191.493,29,175
0003,溪洛渡,691000121,196.826,30,175
0003,溪洛渡,691000121,202.251,31,175
0003,溪洛渡,691000121,207.645,32,175
0003,溪洛渡,691000121,213.219,33,175
0003,溪洛渡,691000121,218.804,34,175
0003,溪洛渡,691000121,224.36,35,175
0003,溪洛渡,691000121,230.12,36,175
0003,溪洛渡,691000121,235.847,37,175
0003,溪洛渡,691000121,241.542,38,175
0003,溪洛渡,691000121,253.043,40,175
0003,溪洛渡,691000121,258.819,41,175
0003,溪洛渡,691000121,264.582,42,175
0003,溪洛渡,691000121,276.086,44,175
0003,溪洛渡,691000121,281.844,45,175
0003,溪洛渡,691000121,287.586,46,175
0003,溪洛渡,691000121,299.068,48,175
0003,溪洛渡,691000121,304.78,49,175
0003,溪洛渡,691000121,310.473,50,175
0003,溪洛渡,691000121,316.259,51,175
0003,溪洛渡,691000121,322.032,52,175
0003,溪洛渡,691000121,327.791,53,175
0003,溪洛渡,691000121,333.694,54,175
0003,溪洛渡,691000121,339.773,55,175
0003,溪洛渡,691000121,345.872,56,175
0003,溪洛渡,691000121,370.174,60,175
0003,溪洛渡,691000121,376.945,61,175
0003,溪洛渡,691000121,383.738,62,175
0003,溪洛渡,691000121,390.503,63,175
0003,溪洛渡,691000121,397.558,64,175
0003,溪洛渡,691000121,405.703,65,175
0003,溪洛渡,691000121,414.093,66,175
0003,溪洛渡,691000121,422.894,67,175
0003,溪洛渡,691000121,432.219,68,175
0003,溪洛渡,691000121,41.688,0,178
0003,溪洛渡,691000121,46.741,1,178
0003,溪洛渡,691000121,113.016,14,178
0003,溪洛渡,691000121,118.393,15,178
0003,溪洛渡,691000121,123.742,16,178
0003,溪洛渡,691000121,128.905,17,178
0003,溪洛渡,691000121,133.87,18,178
0003,溪洛渡,691000121,139.046,19,178
0003,溪洛渡,691000121,144.095,20,178
0003,溪洛渡,691000121,149.085,21,178
0003,溪洛渡,691000121,154.037,22,178
0003,溪洛渡,691000121,158.91,23,178
0003,溪洛渡,691000121,163.84,24,178
0003,溪洛渡,691000121,168.661,25,178
0003,溪洛渡,691000121,173.646,26,178
0003,溪洛渡,691000121,178.71,27,178
0003,溪洛渡,691000121,188.804,29,178
0003,溪洛渡,691000121,194.065,30,178
0003,溪洛渡,691000121,204.639,32,178
0003,溪洛渡,691000121,210.004,33,178
0003,溪洛渡,691000121,215.466,34,178
0003,溪洛渡,691000121,220.873,35,178
0003,溪洛渡,691000121,226.413,36,178
0003,溪洛渡,691000121,231.983,37,178
0003,溪洛渡,691000121,237.519,38,178
0003,溪洛渡,691000121,243.1,39,178
0003,溪洛渡,691000121,248.802,40,178
0003,溪洛渡,691000121,254.472,41,178
0003,溪洛渡,691000121,260.118,42,178
0003,溪洛渡,691000121,265.74,43,178
0003,溪洛渡,691000121,277.064,45,178
0003,溪洛渡,691000121,282.746,46,178
0003,溪洛渡,691000121,288.4,47,178
0003,溪洛渡,691000121,294.035,48,178
0003,溪洛渡,691000121,299.65,49,178
0003,溪洛渡,691000121,305.247,50,178
0003,溪洛渡,691000121,310.934,51,178
0003,溪洛渡,691000121,316.61,52,178
0003,溪洛渡,691000121,322.272,53,178
0003,溪洛渡,691000121,327.918,54,178
0003,溪洛渡,691000121,333.55,55,178
0003,溪洛渡,691000121,339.167,56,178
0003,溪洛渡,691000121,344.769,57,178
0003,溪洛渡,691000121,350.529,58,178
0003,溪洛渡,691000121,356.414,59,178
0003,溪洛渡,691000121,362.455,60,178
0003,溪洛渡,691000121,368.568,61,178
0003,溪洛渡,691000121,375.175,62,178
0003,溪洛渡,691000121,381.922,63,178
0003,溪洛渡,691000121,388.691,64,178
0003,溪洛渡,691000121,395.486,65,178
0003,溪洛渡,691000121,402.447,66,178
0003,溪洛渡,691000121,410.131,67,178
0003,溪洛渡,691000121,418.377,68,178
0003,溪洛渡,691000121,426.91,69,178
0003,溪洛渡,691000121,435.814,70,178
0003,溪洛渡,691000121,41.04,0,181
0003,溪洛渡,691000121,46.032,1,181
0003,溪洛渡,691000121,111.502,14,181
0003,溪洛渡,691000121,116.799,15,181
0003,溪洛渡,691000121,122.033,16,181
0003,溪洛渡,691000121,127.206,17,181
0003,溪洛渡,691000121,132.189,18,181
0003,溪洛渡,691000121,137.255,19,181
0003,溪洛渡,691000121,142.255,20,181
0003,溪洛渡,691000121,147.234,21,181
0003,溪洛渡,691000121,152.157,22,181
0003,溪洛渡,691000121,157.03,23,181
0003,溪洛渡,691000121,161.848,24,181
0003,溪洛渡,691000121,166.603,25,181
0003,溪洛渡,691000121,171.48,26,181
0003,溪洛渡,691000121,176.461,27,181
0003,溪洛渡,691000121,181.388,28,181
0003,溪洛渡,691000121,186.43,29,181
0003,溪洛渡,691000121,196.502,31,181
0003,溪洛渡,691000121,201.725,32,181
0003,溪洛渡,691000121,206.921,33,181
0003,溪洛渡,691000121,212.235,34,181
0003,溪洛渡,691000121,217.522,35,181
0003,溪洛渡,691000121,222.895,36,181
0003,溪洛渡,691000121,228.386,37,181
0003,溪洛渡,691000121,233.85,38,181
0003,溪洛渡,691000121,239.281,39,181
0003,溪洛渡,691000121,244.821,40,181
0003,溪洛渡,691000121,255.878,42,181
0003,溪洛渡,691000121,261.363,43,181
0003,溪洛渡,691000121,272.456,45,181
0003,溪洛渡,691000121,278.037,46,181
0003,溪洛渡,691000121,283.604,47,181
0003,溪洛渡,691000121,289.154,48,181
0003,溪洛渡,691000121,294.686,49,181
0003,溪洛渡,691000121,300.194,50,181
0003,溪洛渡,691000121,305.785,51,181
0003,溪洛渡,691000121,311.357,52,181
0003,溪洛渡,691000121,316.902,53,181
0003,溪洛渡,691000121,322.431,54,181
0003,溪洛渡,691000121,327.945,55,181
0003,溪洛渡,691000121,333.444,56,181
0003,溪洛渡,691000121,338.927,57,181
0003,溪洛渡,691000121,344.566,58,181
0003,溪洛渡,691000121,350.507,59,181
0003,溪洛渡,691000121,386.755,65,181
0003,溪洛渡,691000121,393.563,66,181
0003,溪洛渡,691000121,400.466,67,181
0003,溪洛渡,691000121,407.401,68,181
0003,溪洛渡,691000121,414.529,69,181
0003,溪洛渡,691000121,422.616,70,181
0003,溪洛渡,691000121,430.742,71,181
0003,溪洛渡,691000121,439.525,72,181
0003,溪洛渡,691000121,448.336,73,181
0003,溪洛渡,691000121,40.392,0,184
0003,溪洛渡,691000121,45.329,1,184
0003,溪洛渡,691000121,109.978,14,184
0003,溪洛渡,691000121,115.259,15,184
0003,溪洛渡,691000121,120.403,16,184
0003,溪洛渡,691000121,125.582,17,184
0003,溪洛渡,691000121,130.57,18,184
0003,溪洛渡,691000121,135.507,19,184
0003,溪洛渡,691000121,145.415,21,184
0003,溪洛渡,691000121,150.329,22,184
0003,溪洛渡,691000121,155.165,23,184
0003,溪洛渡,691000121,159.928,24,184
0003,溪洛渡,691000121,164.619,25,184
0003,溪洛渡,691000121,174.314,27,184
0003,溪洛渡,691000121,179.157,28,184
0003,溪洛渡,691000121,184.036,29,184
0003,溪洛渡,691000121,188.951,30,184
0003,溪洛渡,691000121,193.946,31,184
0003,溪洛渡,691000121,198.981,32,184
0003,溪洛渡,691000121,204.07,33,184
0003,溪洛渡,691000121,209.214,34,184
0003,溪洛渡,691000121,214.438,35,184
0003,溪洛渡,691000121,219.617,36,184
0003,溪洛渡,691000121,225.005,37,184
0003,溪洛渡,691000121,235.686,39,184
0003,溪洛渡,691000121,241.022,40,184
0003,溪洛渡,691000121,246.442,41,184
0003,溪洛渡,691000121,251.84,42,184
0003,溪洛渡,691000121,262.602,44,184
0003,溪洛渡,691000121,268.113,45,184
0003,溪洛渡,691000121,273.606,46,184
0003,溪洛渡,691000121,279.071,47,184
0003,溪洛渡,691000121,284.498,48,184
0003,溪洛渡,691000121,289.905,49,184
0003,溪洛渡,691000121,295.293,50,184
0003,溪洛渡,691000121,300.787,51,184
0003,溪洛渡,691000121,311.74,53,184
0003,溪洛渡,691000121,317.195,54,184
0003,溪洛渡,691000121,322.635,55,184
0003,溪洛渡,691000121,328.05,56,184
0003,溪洛渡,691000121,333.449,57,184
0003,溪洛渡,691000121,338.948,58,184
0003,溪洛渡,691000121,344.792,59,184
0003,溪洛渡,691000121,391.663,67,184
0003,溪洛渡,691000121,398.438,68,184
0003,溪洛渡,691000121,405.245,69,184
0003,溪洛渡,691000121,412.087,70,184
0003,溪洛渡,691000121,418.964,71,184
0003,溪洛渡,691000121,426.587,72,184
0003,溪洛渡,691000121,434.642,73,184
0003,溪洛渡,691000121,442.957,74,184
0003,溪洛渡,691000121,451.536,75,184
0003,溪洛渡,691000121,39.749,0,187
0003,溪洛渡,691000121,44.637,1,187
0003,溪洛渡,691000121,108.559,14,187
0003,溪洛渡,691000121,113.699,15,187
0003,溪洛渡,691000121,118.801,16,187
0003,溪洛渡,691000121,123.958,17,187
0003,溪洛渡,691000121,128.932,18,187
0003,溪洛渡,691000121,133.808,19,187
0003,溪洛渡,691000121,138.76,20,187
0003,溪洛渡,691000121,143.687,21,187
0003,溪洛渡,691000121,148.525,22,187
0003,溪洛渡,691000121,153.306,23,187
0003,溪洛渡,691000121,158.033,24,187
0003,溪洛渡,691000121,162.729,25,187
0003,溪洛渡,691000121,167.342,26,187
0003,溪洛渡,691000121,172.201,27,187
0003,溪洛渡,691000121,177.025,28,187
0003,溪洛渡,691000121,181.745,29,187
0003,溪洛渡,691000121,186.552,30,187
0003,溪洛渡,691000121,191.448,31,187
0003,溪洛渡,691000121,201.372,33,187
0003,溪洛渡,691000121,206.348,34,187
0003,溪洛渡,691000121,211.481,35,187
0003,溪洛渡,691000121,216.59,36,187
0003,溪洛渡,691000121,221.756,37,187
0003,溪洛渡,691000121,226.989,38,187
0003,溪洛渡,691000121,232.183,39,187
0003,溪洛渡,691000121,237.364,40,187
0003,溪洛渡,691000121,242.701,41,187
0003,溪洛渡,691000121,248.013,42,187
0003,溪洛渡,691000121,253.302,43,187
0003,溪洛渡,691000121,258.566,44,187
0003,溪洛渡,691000121,263.909,45,187
0003,溪洛渡,691000121,269.272,46,187
0003,溪洛渡,691000121,274.614,47,187
0003,溪洛渡,691000121,279.937,48,187
0003,溪洛渡,691000121,285.244,49,187
0003,溪洛渡,691000121,295.954,51,187
0003,溪洛渡,691000121,306.752,53,187
0003,溪洛渡,691000121,312.131,54,187
0003,溪洛渡,691000121,317.495,55,187
0003,溪洛渡,691000121,322.846,56,187
0003,溪洛渡,691000121,328.183,57,187
0003,溪洛渡,691000121,339.26,59,187
0003,溪洛渡,691000121,403.091,70,187
0003,溪洛渡,691000121,409.812,71,187
0003,溪洛渡,691000121,416.564,72,187
0003,溪洛渡,691000121,423.349,73,187
0003,溪洛渡,691000121,430.351,74,187
0003,溪洛渡,691000121,438.339,75,187
0003,溪洛渡,691000121,446.421,76,187
0003,溪洛渡,691000121,455.311,77,187
0003,溪洛渡,691000121,39.116,0,190
0003,溪洛渡,691000121,43.96,1,190
0003,溪洛渡,691000121,107.221,14,190
0003,溪洛渡,691000121,112.212,15,190
0003,溪洛渡,691000121,117.181,16,190
0003,溪洛渡,691000121,122.384,17,190
0003,溪洛渡,691000121,127.399,18,190
0003,溪洛渡,691000121,132.166,19,190
0003,溪洛渡,691000121,137.104,20,190
0003,溪洛渡,691000121,141.977,21,190
0003,溪洛渡,691000121,146.727,22,190
0003,溪洛渡,691000121,151.44,23,190
0003,溪洛渡,691000121,160.816,25,190
0003,溪洛渡,691000121,165.46,26,190
0003,溪洛渡,691000121,170.138,27,190
0003,溪洛渡,691000121,174.966,28,190
0003,溪洛渡,691000121,179.715,29,190
0003,溪洛渡,691000121,184.364,30,190
0003,溪洛渡,691000121,188.994,31,190
0003,溪洛渡,691000121,193.875,32,190
0003,溪洛渡,691000121,203.67,34,190
0003,溪洛渡,691000121,208.616,35,190
0003,溪洛渡,691000121,213.655,36,190
0003,溪洛渡,691000121,218.65,37,190
0003,溪洛渡,691000121,223.77,38,190
0003,溪洛渡,691000121,233.97,40,190
0003,溪洛渡,691000121,239.145,41,190
0003,溪洛渡,691000121,244.368,42,190
0003,溪洛渡,691000121,249.565,43,190
0003,溪洛渡,691000121,254.736,44,190
0003,溪洛渡,691000121,259.937,45,190
0003,溪洛渡,691000121,265.215,46,190
0003,溪洛渡,691000121,270.472,47,190
0003,溪洛渡,691000121,275.711,48,190
0003,溪洛渡,691000121,280.929,49,190
0003,溪洛渡,691000121,286.128,50,190
0003,溪洛渡,691000121,291.412,51,190
0003,溪洛渡,691000121,296.733,52,190
0003,溪洛渡,691000121,302.04,53,190
0003,溪洛渡,691000121,307.333,54,190
0003,溪洛渡,691000121,312.613,55,190
0003,溪洛渡,691000121,317.878,56,190
0003,溪洛渡,691000121,323.132,57,190
0003,溪洛渡,691000121,328.372,58,190
0003,溪洛渡,691000121,333.904,59,190
0003,溪洛渡,691000121,339.563,60,190
0003,溪洛渡,691000121,407.858,72,190
0003,溪洛渡,691000121,414.494,73,190
0003,溪洛渡,691000121,421.169,74,190
0003,溪洛渡,691000121,427.896,75,190
0003,溪洛渡,691000121,434.669,76,190
0003,溪洛渡,691000121,442.4,77,190
0003,溪洛渡,691000121,450.16,78,190
0003,溪洛渡,691000121,38.507,0,193
0003,溪洛渡,691000121,43.311,1,193
0003,溪洛渡,691000121,105.964,14,193
0003,溪洛渡,691000121,110.82,15,193
0003,溪洛渡,691000121,115.584,16,193
0003,溪洛渡,691000121,120.754,17,193
0003,溪洛渡,691000121,125.765,18,193
0003,溪洛渡,691000121,130.614,19,193
0003,溪洛渡,691000121,135.52,20,193
0003,溪洛渡,691000121,140.319,21,193
0003,溪洛渡,691000121,145.167,22,193
0003,溪洛渡,691000121,149.809,23,193
0003,溪洛渡,691000121,159.028,25,193
0003,溪洛渡,691000121,163.648,26,193
0003,溪洛渡,691000121,168.172,27,193
0003,溪洛渡,691000121,172.902,28,193
0003,溪洛渡,691000121,177.569,29,193
0003,溪洛渡,691000121,182.17,30,193
0003,溪洛渡,691000121,186.815,31,193
0003,溪洛渡,691000121,191.522,32,193
0003,溪洛渡,691000121,196.241,33,193
0003,溪洛渡,691000121,201.072,34,193
0003,溪洛渡,691000121,210.819,36,193
0003,溪洛渡,691000121,220.688,38,193
0003,溪洛渡,691000121,225.738,39,193
0003,溪洛渡,691000121,230.75,40,193
0003,溪洛渡,691000121,235.746,41,193
0003,溪洛渡,691000121,240.894,42,193
0003,溪洛渡,691000121,246.016,43,193
0003,溪洛渡,691000121,251.11,44,193
0003,溪洛渡,691000121,256.18,45,193
0003,溪洛渡,691000121,261.332,46,193
0003,溪洛渡,691000121,271.63,48,193
0003,溪洛渡,691000121,276.75,49,193
0003,溪洛渡,691000121,287.017,51,193
0003,溪洛渡,691000121,292.258,52,193
0003,溪洛渡,691000121,297.485,53,193
0003,溪洛渡,691000121,302.697,54,193
0003,溪洛渡,691000121,307.895,55,193
0003,溪洛渡,691000121,313.079,56,193
0003,溪洛渡,691000121,318.249,57,193
0003,溪洛渡,691000121,323.406,58,193
0003,溪洛渡,691000121,328.713,59,193
0003,溪洛渡,691000121,334.285,60,193
0003,溪洛渡,691000121,412.514,74,193
0003,溪洛渡,691000121,419.096,75,193
0003,溪洛渡,691000121,425.71,76,193
0003,溪洛渡,691000121,432.356,77,193
0003,溪洛渡,691000121,439.023,78,193
0003,溪洛渡,691000121,446.448,79,193
0003,溪洛渡,691000121,454.067,80,193
0003,溪洛渡,691000121,37.947,0,196
0003,溪洛渡,691000121,42.714,1,196
0003,溪洛渡,691000121,104.788,14,196
0003,溪洛渡,691000121,109.509,15,196
0003,溪洛渡,691000121,114.138,16,196
0003,溪洛渡,691000121,119.463,17,196
0003,溪洛渡,691000121,124.395,18,196
0003,溪洛渡,691000121,129.182,19,196
0003,溪洛渡,691000121,133.945,20,196
0003,溪洛渡,691000121,138.649,21,196
0003,溪洛渡,691000121,143.39,22,196
0003,溪洛渡,691000121,148.013,23,196
0003,溪洛渡,691000121,152.671,24,196
0003,溪洛渡,691000121,157.281,25,196
0003,溪洛渡,691000121,166.387,27,196
0003,溪洛渡,691000121,170.9,28,196
0003,溪洛渡,691000121,175.522,29,196
0003,溪洛渡,691000121,180.101,30,196
0003,溪洛渡,691000121,193.946,33,196
0003,溪洛渡,691000121,198.619,34,196
0003,溪洛渡,691000121,203.373,35,196
0003,溪洛渡,691000121,212.966,37,196
0003,溪洛渡,691000121,217.766,38,196
0003,溪洛渡,691000121,222.692,39,196
0003,溪洛渡,691000121,227.637,40,196
0003,溪洛渡,691000121,232.549,41,196
0003,溪洛渡,691000121,237.533,42,196
0003,溪洛渡,691000121,242.581,43,196
0003,溪洛渡,691000121,247.604,44,196
0003,溪洛渡,691000121,252.605,45,196
0003,溪洛渡,691000121,257.618,46,196
0003,溪洛渡,691000121,262.708,47,196
0003,溪洛渡,691000121,267.777,48,196
0003,溪洛渡,691000121,272.828,49,196
0003,溪洛渡,691000121,277.853,50,196
0003,溪洛渡,691000121,282.856,51,196
0003,溪洛渡,691000121,287.974,52,196
0003,溪洛渡,691000121,293.114,53,196
0003,溪洛渡,691000121,298.241,54,196
0003,溪洛渡,691000121,303.353,55,196
0003,溪洛渡,691000121,308.452,56,196
0003,溪洛渡,691000121,313.537,57,196
0003,溪洛渡,691000121,318.608,58,196
0003,溪洛渡,691000121,329.168,60,196
0003,溪洛渡,691000121,417.177,76,196
0003,溪洛渡,691000121,423.685,77,196
0003,溪洛渡,691000121,430.177,78,196
0003,溪洛渡,691000121,436.698,79,196
0003,溪洛渡,691000121,443.25,80,196
0003,溪洛渡,691000121,450.458,81,196
0003,溪洛渡,691000121,457.937,82,196
0003,溪洛渡,691000121,37.438,0,199
0003,溪洛渡,691000121,42.17,1,199
0003,溪洛渡,691000121,108.279,15,199
0003,溪洛渡,691000121,112.773,16,199
0003,溪洛渡,691000121,118.292,17,199
0003,溪洛渡,691000121,123.108,18,199
0003,溪洛渡,691000121,127.799,19,199
0003,溪洛渡,691000121,132.458,20,199
0003,溪洛渡,691000121,137.157,21,199
0003,溪洛渡,691000121,141.728,22,199
0003,溪洛渡,691000121,146.263,23,199
0003,溪洛渡,691000121,150.855,24,199
0003,溪洛渡,691000121,160.008,26,199
0003,溪洛渡,691000121,164.541,27,199
0003,溪洛渡,691000121,168.981,28,199
0003,溪洛渡,691000121,173.52,29,199
0003,溪洛渡,691000121,191.699,33,199
0003,溪洛渡,691000121,196.31,34,199
0003,溪洛渡,691000121,200.953,35,199
0003,溪洛渡,691000121,205.581,36,199
0003,溪洛渡,691000121,210.295,37,199
0003,溪洛渡,691000121,215.034,38,199
0003,溪洛渡,691000121,224.646,40,199
0003,溪洛渡,691000121,229.492,41,199
0003,溪洛渡,691000121,234.315,42,199
0003,溪洛渡,691000121,239.289,43,199
0003,溪洛渡,691000121,244.252,44,199
0003,溪洛渡,691000121,249.192,45,199
0003,溪洛渡,691000121,254.109,46,199
0003,溪洛渡,691000121,259.074,47,199
0003,溪洛渡,691000121,264.066,48,199
0003,溪洛渡,691000121,269.037,49,199
0003,溪洛渡,691000121,273.989,50,199
0003,溪洛渡,691000121,278.921,51,199
0003,溪洛渡,691000121,283.866,52,199
0003,溪洛渡,691000121,288.932,53,199
0003,溪洛渡,691000121,293.985,54,199
0003,溪洛渡,691000121,299.024,55,199
0003,溪洛渡,691000121,304.045,56,199
0003,溪洛渡,691000121,309.046,57,199
0003,溪洛渡,691000121,314.033,58,199
0003,溪洛渡,691000121,319.007,59,199
0003,溪洛渡,691000121,324.206,60,199
0003,溪洛渡,691000121,329.609,61,199
0003,溪洛渡,691000121,421.85,78,199
0003,溪洛渡,691000121,428.218,79,199
0003,溪洛渡,691000121,434.614,80,199
0003,溪洛渡,691000121,441.038,81,199
0003,溪洛渡,691000121,454.651,83,199
0003,溪洛渡,691000121,462.225,84,199
0003,溪洛渡,691000121,36.954,0,202
0003,溪洛渡,691000121,41.656,1,202
0003,溪洛渡,691000121,102.679,14,202
0003,溪洛渡,691000121,107.13,15,202
0003,溪洛渡,691000121,111.489,16,202
0003,溪洛渡,691000121,116.873,17,202
0003,溪洛渡,691000121,121.984,18,202
0003,溪洛渡,691000121,126.518,19,202
0003,溪洛渡,691000121,130.987,20,202
0003,溪洛渡,691000121,135.68,21,202
0003,溪洛渡,691000121,140.277,22,202
0003,溪洛渡,691000121,144.782,23,202
0003,溪洛渡,691000121,149.229,24,202
0003,溪洛渡,691000121,153.749,25,202
0003,溪洛渡,691000121,158.177,26,202
0003,溪洛渡,691000121,162.686,27,202
0003,溪洛渡,691000121,167.185,28,202
0003,溪洛渡,691000121,171.658,29,202
0003,溪洛渡,691000121,176.117,30,202
0003,溪洛渡,691000121,180.594,31,202
0003,溪洛渡,691000121,185.052,32,202
0003,溪洛渡,691000121,189.48,33,202
0003,溪洛渡,691000121,194.064,34,202
0003,溪洛渡,691000121,198.593,35,202
0003,溪洛渡,691000121,203.165,36,202
0003,溪洛渡,691000121,207.716,37,202
0003,溪洛渡,691000121,212.393,38,202
0003,溪洛渡,691000121,217.031,39,202
0003,溪洛渡,691000121,221.784,40,202
0003,溪洛渡,691000121,226.604,41,202
0003,溪洛渡,691000121,231.389,42,202
0003,溪洛渡,691000121,241.066,44,202
0003,溪洛渡,691000121,245.93,45,202
0003,溪洛渡,691000121,250.769,46,202
0003,溪洛渡,691000121,255.585,47,202
0003,溪洛渡,691000121,260.486,48,202
0003,溪洛渡,691000121,270.258,50,202
0003,溪洛渡,691000121,275.115,51,202
0003,溪洛渡,691000121,279.953,52,202
0003,溪洛渡,691000121,284.869,53,202
0003,溪洛渡,691000121,289.842,54,202
0003,溪洛渡,691000121,294.801,55,202
0003,溪洛渡,691000121,299.746,56,202
0003,溪洛渡,691000121,304.677,57,202
0003,溪洛渡,691000121,309.595,58,202
0003,溪洛渡,691000121,314.499,59,202
0003,溪洛渡,691000121,319.391,60,202
0003,溪洛渡,691000121,324.714,61,202
0003,溪洛渡,691000121,426.528,80,202
0003,溪洛渡,691000121,432.798,81,202
0003,溪洛渡,691000121,439.095,82,202
0003,溪洛渡,691000121,445.419,83,202
0003,溪洛渡,691000121,451.771,84,202
0003,溪洛渡,691000121,459.093,85,202
0003,溪洛渡,691000121,466.429,86,202
0003,溪洛渡,691000121,36.47,0,205
0003,溪洛渡,691000121,41.148,1,205
0003,溪洛渡,691000121,101.746,14,205
0003,溪洛渡,691000121,106.062,15,205
0003,溪洛渡,691000121,110.286,16,205
0003,溪洛渡,691000121,115.535,17,205
0003,溪洛渡,691000121,125.351,19,205
0003,溪洛渡,691000121,129.71,20,205
0003,溪洛渡,691000121,134.223,21,205
0003,溪洛渡,691000121,138.72,22,205
0003,溪洛渡,691000121,143.246,23,205
0003,溪洛渡,691000121,147.682,24,205
0003,溪洛渡,691000121,152.208,25,205
0003,溪洛渡,691000121,156.641,26,205
0003,溪洛渡,691000121,169.857,29,205
0003,溪洛渡,691000121,174.278,30,205
0003,溪洛渡,691000121,178.668,31,205
0003,溪洛渡,691000121,183.031,32,205
0003,溪洛渡,691000121,187.436,33,205
0003,溪洛渡,691000121,191.866,34,205
0003,溪洛渡,691000121,196.343,35,205
0003,溪洛渡,691000121,200.837,36,205
0003,溪洛渡,691000121,209.876,38,205
0003,溪洛渡,691000121,214.484,39,205
0003,溪洛渡,691000121,219.053,40,205
0003,溪洛渡,691000121,223.78,41,205
0003,溪洛渡,691000121,233.196,43,205
0003,溪洛渡,691000121,237.94,44,205
0003,溪洛渡,691000121,242.741,45,205
0003,溪洛渡,691000121,247.52,46,205
0003,溪洛渡,691000121,252.284,47,205
0003,溪洛渡,691000121,261.876,49,205
0003,溪洛渡,691000121,266.689,50,205
0003,溪洛渡,691000121,276.297,52,205
0003,溪洛渡,691000121,281.077,53,205
0003,溪洛渡,691000121,285.933,54,205
0003,溪洛渡,691000121,290.811,55,205
0003,溪洛渡,691000121,295.675,56,205
0003,溪洛渡,691000121,300.525,57,205
0003,溪洛渡,691000121,310.211,59,205
0003,溪洛渡,691000121,315.034,60,205
0003,溪洛渡,691000121,319.962,61,205
0003,溪洛渡,691000121,325.207,62,205
0003,溪洛渡,691000121,424.962,81,205
0003,溪洛渡,691000121,431.131,82,205
0003,溪洛渡,691000121,437.327,83,205
0003,溪洛渡,691000121,443.537,84,205
0003,溪洛渡,691000121,449.731,85,205
0003,溪洛渡,691000121,456.053,86,205
0003,溪洛渡,691000121,463.188,87,205
0003,溪洛渡,691000121,35.986,0,208
0003,溪洛渡,691000121,40.646,1,208
0003,溪洛渡,691000121,100.894,14,208
0003,溪洛渡,691000121,105.075,15,208
0003,溪洛渡,691000121,109.164,16,208
0003,溪洛渡,691000121,114.278,17,208
0003,溪洛渡,691000121,128.517,20,208
0003,溪洛渡,691000121,132.846,21,208
0003,溪洛渡,691000121,137.265,22,208
0003,溪洛渡,691000121,141.706,23,208
0003,溪洛渡,691000121,146.197,24,208
0003,溪洛渡,691000121,150.655,25,208
0003,溪洛渡,691000121,159.515,27,208
0003,溪洛渡,691000121,163.885,28,208
0003,溪洛渡,691000121,168.177,29,208
0003,溪洛渡,691000121,172.483,30,208
0003,溪洛渡,691000121,176.822,31,208
0003,溪洛渡,691000121,181.182,32,208
0003,溪洛渡,691000121,185.505,33,208
0003,溪洛渡,691000121,189.773,34,208
0003,溪洛渡,691000121,194.17,35,208
0003,溪洛渡,691000121,198.578,36,208
0003,溪洛渡,691000121,203.023,37,208
0003,溪洛渡,691000121,207.438,38,208
0003,溪洛渡,691000121,211.96,39,208
0003,溪洛渡,691000121,216.503,40,208
0003,溪洛渡,691000121,225.703,42,208
0003,溪洛渡,691000121,230.339,43,208
0003,溪洛渡,691000121,234.953,44,208
0003,溪洛渡,691000121,239.669,45,208
0003,溪洛渡,691000121,249.096,47,208
0003,溪洛渡,691000121,253.775,48,208
0003,溪洛渡,691000121,258.497,49,208
0003,溪洛渡,691000121,263.269,50,208
0003,溪洛渡,691000121,268.023,51,208
0003,溪洛渡,691000121,272.759,52,208
0003,溪洛渡,691000121,277.477,53,208
0003,溪洛渡,691000121,282.177,54,208
0003,溪洛渡,691000121,286.971,55,208
0003,溪洛渡,691000121,296.556,57,208
0003,溪洛渡,691000121,301.328,58,208
0003,溪洛渡,691000121,306.086,59,208
0003,溪洛渡,691000121,310.831,60,208
0003,溪洛渡,691000121,315.562,61,208
0003,溪洛渡,691000121,320.517,62,208
0003,溪洛渡,691000121,325.687,63,208
0003,溪洛渡,691000121,429.525,83,208
0003,溪洛渡,691000121,435.601,84,208
0003,溪洛渡,691000121,441.703,85,208
0003,溪洛渡,691000121,447.829,86,208
0003,溪洛渡,691000121,453.912,87,208
0003,溪洛渡,691000121,35.053,0,214
0003,溪洛渡,691000121,39.693,1,214
0003,溪洛渡,691000121,99.433,14,214
0003,溪洛渡,691000121,103.344,15,214
0003,溪洛渡,691000121,107.163,16,214
0003,溪洛渡,691000121,112.007,17,214
0003,溪洛渡,691000121,126.542,20,214
0003,溪洛渡,691000121,130.385,21,214
0003,溪洛渡,691000121,134.828,22,214
0003,溪洛渡,691000121,139.333,23,214
0003,溪洛渡,691000121,143.67,24,214
0003,溪洛渡,691000121,147.939,25,214
0003,溪洛渡,691000121,156.514,27,214
0003,溪洛渡,691000121,160.732,28,214
0003,溪洛渡,691000121,164.962,29,214
0003,溪洛渡,691000121,169.114,30,214
0003,溪洛渡,691000121,173.295,31,214
0003,溪洛渡,691000121,177.553,32,214
0003,溪洛渡,691000121,186.033,34,214
0003,溪洛渡,691000121,190.211,35,214
0003,溪洛渡,691000121,194.465,36,214
0003,溪洛渡,691000121,198.742,37,214
0003,溪洛渡,691000121,203.061,38,214
0003,溪洛渡,691000121,211.721,40,214
0003,溪洛渡,691000121,216.156,41,214
0003,溪洛渡,691000121,220.564,42,214
0003,溪洛渡,691000121,225.035,43,214
0003,溪洛渡,691000121,229.54,44,214
0003,溪洛渡,691000121,234.015,45,214
0003,溪洛渡,691000121,243.093,47,214
0003,溪洛渡,691000121,252.256,49,214
0003,溪洛渡,691000121,256.805,50,214
0003,溪洛渡,691000121,261.399,51,214
0003,溪洛渡,691000121,266.013,52,214
0003,溪洛渡,691000121,270.608,53,214
0003,溪洛渡,691000121,275.185,54,214
0003,溪洛渡,691000121,279.774,55,214
0003,溪洛渡,691000121,289.023,57,214
0003,溪洛渡,691000121,293.673,58,214
0003,溪洛渡,691000121,298.311,59,214
0003,溪洛渡,691000121,312.173,62,214
0003,溪洛渡,691000121,316.769,63,214
0003,溪洛渡,691000121,321.58,64,214
0003,溪洛渡,691000121,326.605,65,214
0003,溪洛渡,691000121,432.627,86,214
0003,溪洛渡,691000121,438.563,87,214
0003,溪洛渡,691000121,34.67,0,217
0003,溪洛渡,691000121,39.304,1,217
0003,溪洛渡,691000121,98.824,14,217
0003,溪洛渡,691000121,102.6,15,217
0003,溪洛渡,691000121,106.284,16,217
0003,溪洛渡,691000121,110.993,17,217
0003,溪洛渡,691000121,125.123,20,217
0003,溪洛渡,691000121,129.693,21,217
0003,溪洛渡,691000121,133.479,22,217
0003,溪洛渡,691000121,137.891,23,217
0003,溪洛渡,691000121,142.233,24,217
0003,溪洛渡,691000121,146.551,25,217
0003,溪洛渡,691000121,150.766,26,217
0003,溪洛渡,691000121,155.047,27,217
0003,溪洛渡,691000121,159.249,28,217
0003,溪洛渡,691000121,163.422,29,217
0003,溪洛渡,691000121,171.709,31,217
0003,溪洛渡,691000121,175.881,32,217
0003,溪洛渡,691000121,184.254,34,217
0003,溪洛渡,691000121,188.414,35,217
0003,溪洛渡,691000121,192.533,36,217
0003,溪洛渡,691000121,196.78,37,217
0003,溪洛渡,691000121,200.99,38,217
0003,溪洛渡,691000121,205.285,39,217
0003,溪洛渡,691000121,209.539,40,217
0003,溪洛渡,691000121,213.855,41,217
0003,溪洛渡,691000121,218.216,42,217
0003,溪洛渡,691000121,222.543,43,217
0003,溪洛渡,691000121,226.96,44,217
0003,溪洛渡,691000121,235.786,46,217
0003,溪洛渡,691000121,240.219,47,217
0003,溪洛渡,691000121,244.753,48,217
0003,溪洛渡,691000121,249.265,49,217
0003,溪洛渡,691000121,258.259,51,217
0003,溪洛渡,691000121,262.79,52,217
0003,溪洛渡,691000121,267.341,53,217
0003,溪洛渡,691000121,271.907,54,217
0003,溪洛渡,691000121,276.457,55,217
0003,溪洛渡,691000121,280.99,56,217
0003,溪洛渡,691000121,285.508,57,217
0003,溪洛渡,691000121,290.085,58,217
0003,溪洛渡,691000121,299.232,60,217
0003,溪洛渡,691000121,303.785,61,217
0003,溪洛渡,691000121,308.326,62,217
0003,溪洛渡,691000121,312.854,63,217
0003,溪洛渡,691000121,322.089,65,217
0003,溪洛渡,691000121,327.045,66,217
0003,溪洛渡,691000121,431.391,87,217
0003,溪洛渡,691000121,33.523,0,226
0003,溪洛渡,691000121,38.173,1,226
0003,溪洛渡,691000121,97.483,14,226
0003,溪洛渡,691000121,100.854,15,226
0003,溪洛渡,691000121,104.133,16,226
0003,溪洛渡,691000121,108.437,17,226
0003,溪洛渡,691000121,121.352,20,226
0003,溪洛渡,691000121,125.623,21,226
0003,溪洛渡,691000121,130.03,22,226
0003,溪洛渡,691000121,134.325,23,226
0003,溪洛渡,691000121,138.47,24,226
0003,溪洛渡,691000121,142.629,25,226
0003,溪洛渡,691000121,146.813,26,226
0003,溪洛渡,691000121,150.888,27,226
0003,溪洛渡,691000121,155.037,28,226
0003,溪洛渡,691000121,163.243,30,226
0003,溪洛渡,691000121,167.346,31,226
0003,溪洛渡,691000121,171.396,32,226
0003,溪洛渡,691000121,175.396,33,226
0003,溪洛渡,691000121,179.351,34,226
0003,溪洛渡,691000121,187.363,36,226
0003,溪洛渡,691000121,191.427,37,226
0003,溪洛渡,691000121,199.541,39,226
0003,溪洛渡,691000121,203.573,40,226
0003,溪洛渡,691000121,207.67,41,226
0003,溪洛渡,691000121,215.842,43,226
0003,溪洛渡,691000121,220.025,44,226
0003,溪洛渡,691000121,224.183,45,226
0003,溪洛渡,691000121,228.325,46,226
0003,溪洛渡,691000121,232.608,47,226
0003,溪洛渡,691000121,236.867,48,226
0003,溪洛渡,691000121,241.101,49,226
0003,溪洛渡,691000121,245.375,50,226
0003,溪洛渡,691000121,249.732,51,226
0003,溪洛渡,691000121,254.07,52,226
0003,溪洛渡,691000121,258.389,53,226
0003,溪洛渡,691000121,262.689,54,226
0003,溪洛渡,691000121,267.043,55,226
0003,溪洛渡,691000121,271.436,56,226
0003,溪洛渡,691000121,275.815,57,226
0003,溪洛渡,691000121,280.18,58,226
0003,溪洛渡,691000121,288.896,60,226
0003,溪洛渡,691000121,297.654,62,226
0003,溪洛渡,691000121,302.053,63,226
0003,溪洛渡,691000121,306.441,64,226
0003,溪洛渡,691000121,310.817,65,226
0003,溪洛渡,691000121,323.912,68,226
0003,溪洛渡,691000121,328.294,69,226
0003,溪洛渡,691000121,333.052,70,226
0003,溪洛渡,691000121,375.844,79,226
0003,溪洛渡,691000121,380.623,80,226
0003,溪洛渡,691000121,390.03,82,226
0003,溪洛渡,691000121,394.831,83,226
0003,溪洛渡,691000121,404.461,85,226
0003,溪洛渡,691000121,408.983,86,226
0003,溪洛渡,691000121,413.795,87,226
0003,溪洛渡,691000121,33.141,0,229
0003,溪洛渡,691000121,37.808,1,229
0003,溪洛渡,691000121,97.198,14,229
0003,溪洛渡,691000121,100.434,15,229
0003,溪洛渡,691000121,103.578,16,229
0003,溪洛渡,691000121,107.747,17,229
0003,溪洛渡,691000121,120.257,20,229
0003,溪洛渡,691000121,124.366,21,229
0003,溪洛渡,691000121,128.611,22,229
0003,溪洛渡,691000121,133.023,23,229
0003,溪洛渡,691000121,137.353,24,229
0003,溪洛渡,691000121,141.543,25,229
0003,溪洛渡,691000121,145.647,26,229
0003,溪洛渡,691000121,149.667,27,229
0003,溪洛渡,691000121,153.653,28,229
0003,溪洛渡,691000121,157.761,29,229
0003,溪洛渡,691000121,161.853,30,229
0003,溪洛渡,691000121,165.914,31,229
0003,溪洛渡,691000121,169.914,32,229
0003,溪洛渡,691000121,173.882,33,229
0003,溪洛渡,691000121,177.823,34,229
0003,溪洛渡,691000121,181.745,35,229
0003,溪洛渡,691000121,185.734,36,229
0003,溪洛渡,691000121,193.768,38,229
0003,溪洛渡,691000121,197.784,39,229
0003,溪洛渡,691000121,201.83,40,229
0003,溪洛渡,691000121,205.859,41,229
0003,溪洛渡,691000121,217.93,44,229
0003,溪洛渡,691000121,222.027,45,229
0003,溪洛渡,691000121,226.093,46,229
0003,溪洛渡,691000121,230.17,47,229
0003,溪洛渡,691000121,234.389,48,229
0003,溪洛渡,691000121,238.584,49,229
0003,溪洛渡,691000121,242.755,50,229
0003,溪洛渡,691000121,246.971,51,229
0003,溪洛渡,691000121,251.299,52,229
0003,溪洛渡,691000121,255.609,53,229
0003,溪洛渡,691000121,259.901,54,229
0003,溪洛渡,691000121,264.176,55,229
0003,溪洛渡,691000121,272.797,57,229
0003,溪洛渡,691000121,277.128,58,229
0003,溪洛渡,691000121,281.445,59,229
0003,溪洛渡,691000121,285.747,60,229
0003,溪洛渡,691000121,290.036,61,229
0003,溪洛渡,691000121,294.31,62,229
0003,溪洛渡,691000121,298.644,63,229
0003,溪洛渡,691000121,302.994,64,229
0003,溪洛渡,691000121,307.333,65,229
0003,溪洛渡,691000121,311.661,66,229
0003,溪洛渡,691000121,315.978,67,229
0003,溪洛渡,691000121,320.284,68,229
0003,溪洛渡,691000121,324.579,69,229
0003,溪洛渡,691000121,328.863,70,229
0003,溪洛渡,691000121,333.385,71,229
0003,溪洛渡,691000121,338.063,72,229
0003,溪洛渡,691000121,342.779,73,229
0003,溪洛渡,691000121,347.333,74,229
0003,溪洛渡,691000121,352.07,75,229
0003,溪洛渡,691000121,361.557,77,229
0003,溪洛渡,691000121,370.744,79,229
0003,溪洛渡,691000121,375.523,80,229
0003,溪洛渡,691000121,384.63,82,229
0003,溪洛渡,691000121,389.431,83,229
0003,溪洛渡,691000121,399.061,85,229
0003,溪洛渡,691000121,403.283,86,229
0003,溪洛渡,691000121,408.095,87,229
0003,溪洛渡,691000221,46.824,0,140
0003,溪洛渡,691000221,52.984,1,140
0003,溪洛渡,691000221,145.789,16,140
0003,溪洛渡,691000221,152.412,17,140
0003,溪洛渡,691000221,159.257,18,140
0003,溪洛渡,691000221,165.814,19,140
0003,溪洛渡,691000221,172.426,20,140
0003,溪洛渡,691000221,178.91,21,140
0003,溪洛渡,691000221,185.228,22,140
0003,溪洛渡,691000221,191.562,23,140
0003,溪洛渡,691000221,197.959,24,140
0003,溪洛渡,691000221,204.378,25,140
0003,溪洛渡,691000221,211.722,26,140
0003,溪洛渡,691000221,218.955,27,140
0003,溪洛渡,691000221,226.127,28,140
0003,溪洛渡,691000221,233.24,29,140
0003,溪洛渡,691000221,240.294,30,140
0003,溪洛渡,691000221,247.536,31,140
0003,溪洛渡,691000221,254.818,32,140
0003,溪洛渡,691000221,262.064,33,140
0003,溪洛渡,691000221,269.27,34,140
0003,溪洛渡,691000221,276.435,35,140
0003,溪洛渡,691000221,283.466,36,140
0003,溪洛渡,691000221,290.304,37,140
0003,溪洛渡,691000221,297.212,38,140
0003,溪洛渡,691000221,304.259,39,140
0003,溪洛渡,691000221,311.627,40,140
0003,溪洛渡,691000221,46.168,0,143
0003,溪洛渡,691000221,52.187,1,143
0003,溪洛渡,691000221,142.809,16,143
0003,溪洛渡,691000221,149.089,17,143
0003,溪洛渡,691000221,155.443,18,143
0003,溪洛渡,691000221,161.831,19,143
0003,溪洛渡,691000221,168.275,20,143
0003,溪洛渡,691000221,174.631,21,143
0003,溪洛渡,691000221,180.903,22,143
0003,溪洛渡,691000221,187.297,23,143
0003,溪洛渡,691000221,200.064,25,143
0003,溪洛渡,691000221,207.042,26,143
0003,溪洛渡,691000221,213.953,27,143
0003,溪洛渡,691000221,220.796,28,143
0003,溪洛渡,691000221,227.555,29,143
0003,溪洛渡,691000221,234.568,30,143
0003,溪洛渡,691000221,241.71,31,143
0003,溪洛渡,691000221,248.814,32,143
0003,溪洛渡,691000221,255.877,33,143
0003,溪洛渡,691000221,263.049,34,143
0003,溪洛渡,691000221,270.103,35,143
0003,溪洛渡,691000221,277.124,36,143
0003,溪洛渡,691000221,284.11,37,143
0003,溪洛渡,691000221,291.021,38,143
0003,溪洛渡,691000221,297.852,39,143
0003,溪洛渡,691000221,304.799,40,143
0003,溪洛渡,691000221,312.04,41,143
0003,溪洛渡,691000221,319.301,42,143
0003,溪洛渡,691000221,327.272,43,143
0003,溪洛渡,691000221,335.171,44,143
0003,溪洛渡,691000221,45.511,0,146
0003,溪洛渡,691000221,51.362,1,146
0003,溪洛渡,691000221,139.585,16,146
0003,溪洛渡,691000221,145.933,17,146
0003,溪洛渡,691000221,152.336,18,146
0003,溪洛渡,691000221,158.609,19,146
0003,溪洛渡,691000221,164.816,20,146
0003,溪洛渡,691000221,170.924,21,146
0003,溪洛渡,691000221,176.892,22,146
0003,溪洛渡,691000221,182.982,23,146
0003,溪洛渡,691000221,189.164,24,146
0003,溪洛渡,691000221,195.625,25,146
0003,溪洛渡,691000221,202.431,26,146
0003,溪洛渡,691000221,209.168,27,146
0003,溪洛渡,691000221,215.838,28,146
0003,溪洛渡,691000221,222.487,29,146
0003,溪洛渡,691000221,229.403,30,146
0003,溪洛渡,691000221,236.297,31,146
0003,溪洛渡,691000221,243.143,32,146
0003,溪洛渡,691000221,250.15,33,146
0003,溪洛渡,691000221,257.192,34,146
0003,溪洛渡,691000221,264.211,35,146
0003,溪洛渡,691000221,271.202,36,146
0003,溪洛渡,691000221,278.164,37,146
0003,溪洛渡,691000221,285.066,38,146
0003,溪洛渡,691000221,291.907,39,146
0003,溪洛渡,691000221,298.699,40,146
0003,溪洛渡,691000221,305.436,41,146
0003,溪洛渡,691000221,312.11,42,146
0003,溪洛渡,691000221,319.541,43,146
0003,溪洛渡,691000221,342.465,46,146
0003,溪洛渡,691000221,350.583,47,146
0003,溪洛渡,691000221,44.855,0,149
0003,溪洛渡,691000221,50.541,1,149
0003,溪洛渡,691000221,136.501,16,149
0003,溪洛渡,691000221,149.175,18,149
0003,溪洛渡,691000221,155.409,19,149
0003,溪洛渡,691000221,161.596,20,149
0003,溪洛渡,691000221,167.586,21,149
0003,溪洛渡,691000221,173.296,22,149
0003,溪洛渡,691000221,179.202,23,149
0003,溪洛渡,691000221,185.089,24,149
0003,溪洛渡,691000221,191.52,25,149
0003,溪洛渡,691000221,198.198,26,149
0003,溪洛渡,691000221,204.811,27,149
0003,溪洛渡,691000221,211.369,28,149
0003,溪洛渡,691000221,217.915,29,149
0003,溪洛渡,691000221,224.569,30,149
0003,溪洛渡,691000221,231.173,31,149
0003,溪洛渡,691000221,237.905,32,149
0003,溪洛渡,691000221,244.836,33,149
0003,溪洛渡,691000221,251.739,34,149
0003,溪洛渡,691000221,258.611,35,149
0003,溪洛渡,691000221,265.447,36,149
0003,溪洛渡,691000221,272.259,37,149
0003,溪洛渡,691000221,285.869,39,149
0003,溪洛渡,691000221,292.608,40,149
0003,溪洛渡,691000221,299.242,41,149
0003,溪洛渡,691000221,312.643,43,149
0003,溪洛渡,691000221,319.782,44,149
0003,溪洛渡,691000221,341.642,47,149
0003,溪洛渡,691000221,349.407,48,149
0003,溪洛渡,691000221,357.401,49,149
0003,溪洛渡,691000221,365.555,50,149
0003,溪洛渡,691000221,44.199,0,152
0003,溪洛渡,691000221,49.776,1,152
0003,溪洛渡,691000221,133.869,16,152
0003,溪洛渡,691000221,139.97,17,152
0003,溪洛渡,691000221,146.144,18,152
0003,溪洛渡,691000221,152.357,19,152
0003,溪洛渡,691000221,158.536,20,152
0003,溪洛渡,691000221,164.476,21,152
0003,溪洛渡,691000221,170.287,22,152
0003,溪洛渡,691000221,176.047,23,152
0003,溪洛渡,691000221,187.832,25,152
0003,溪洛渡,691000221,194.204,26,152
0003,溪洛渡,691000221,200.501,27,152
0003,溪洛渡,691000221,206.726,28,152
0003,溪洛渡,691000221,213.264,29,152
0003,溪洛渡,691000221,219.886,30,152
0003,溪洛渡,691000221,226.464,31,152
0003,溪洛渡,691000221,232.975,32,152
0003,溪洛渡,691000221,239.529,33,152
0003,溪洛渡,691000221,246.044,34,152
0003,溪洛渡,691000221,252.761,35,152
0003,溪洛渡,691000221,259.584,36,152
0003,溪洛渡,691000221,266.504,37,152
0003,溪洛渡,691000221,273.256,38,152
0003,溪洛渡,691000221,279.922,39,152
0003,溪洛渡,691000221,286.434,40,152
0003,溪洛渡,691000221,292.896,41,152
0003,溪洛渡,691000221,299.451,42,152
0003,溪洛渡,691000221,306.064,43,152
0003,溪洛渡,691000221,312.653,44,152
0003,溪洛渡,691000221,319.492,45,152
0003,溪洛渡,691000221,326.558,46,152
0003,溪洛渡,691000221,340.733,48,152
0003,溪洛渡,691000221,348.403,49,152
0003,溪洛渡,691000221,356.171,50,152
0003,溪洛渡,691000221,363.967,51,152
0003,溪洛渡,691000221,372.096,52,152
0003,溪洛渡,691000221,380.289,53,152
0003,溪洛渡,691000221,43.543,0,155
0003,溪洛渡,691000221,49.037,1,155
0003,溪洛渡,691000221,131.678,16,155
0003,溪洛渡,691000221,137.472,17,155
0003,溪洛渡,691000221,143.477,18,155
0003,溪洛渡,691000221,149.496,19,155
0003,溪洛渡,691000221,161.388,21,155
0003,溪洛渡,691000221,167.158,22,155
0003,溪洛渡,691000221,172.88,23,155
0003,溪洛渡,691000221,178.591,24,155
0003,溪洛渡,691000221,184.417,25,155
0003,溪洛渡,691000221,190.567,26,155
0003,溪洛渡,691000221,196.64,27,155
0003,溪洛渡,691000221,202.607,28,155
0003,溪洛渡,691000221,208.993,29,155
0003,溪洛渡,691000221,215.446,30,155
0003,溪洛渡,691000221,221.868,31,155
0003,溪洛渡,691000221,228.303,32,155
0003,溪洛渡,691000221,241.132,34,155
0003,溪洛渡,691000221,254.13,36,155
0003,溪洛渡,691000221,260.797,37,155
0003,溪洛渡,691000221,274.138,39,155
0003,溪洛渡,691000221,280.78,40,155
0003,溪洛渡,691000221,287.209,41,155
0003,溪洛渡,691000221,293.521,42,155
0003,溪洛渡,691000221,299.774,43,155
0003,溪洛渡,691000221,306.132,44,155
0003,溪洛渡,691000221,312.625,45,155
0003,溪洛渡,691000221,319.235,46,155
0003,溪洛渡,691000221,326.141,47,155
0003,溪洛渡,691000221,333.177,48,155
0003,溪洛渡,691000221,340.395,49,155
0003,溪洛渡,691000221,347.705,50,155
0003,溪洛渡,691000221,355.03,51,155
0003,溪洛渡,691000221,362.695,52,155
0003,溪洛渡,691000221,370.61,53,155
0003,溪洛渡,691000221,378.616,54,155
0003,溪洛渡,691000221,386.693,55,155
0003,溪洛渡,691000221,42.886,0,158
0003,溪洛渡,691000221,48.271,1,158
0003,溪洛渡,691000221,129.473,16,158
0003,溪洛渡,691000221,135.082,17,158
0003,溪洛渡,691000221,140.921,18,158
0003,溪洛渡,691000221,152.651,20,158
0003,溪洛渡,691000221,158.436,21,158
0003,溪洛渡,691000221,164.154,22,158
0003,溪洛渡,691000221,169.94,23,158
0003,溪洛渡,691000221,175.649,24,158
0003,溪洛渡,691000221,181.251,25,158
0003,溪洛渡,691000221,187.156,26,158
0003,溪洛渡,691000221,198.877,28,158
0003,溪洛渡,691000221,205.028,29,158
0003,溪洛渡,691000221,211.324,30,158
0003,溪洛渡,691000221,217.585,31,158
0003,溪洛渡,691000221,223.932,32,158
0003,溪洛渡,691000221,236.554,34,158
0003,溪洛渡,691000221,249.268,36,158
0003,溪洛渡,691000221,255.669,37,158
0003,溪洛渡,691000221,262.094,38,158
0003,溪洛渡,691000221,268.587,39,158
0003,溪洛渡,691000221,281.553,41,158
0003,溪洛渡,691000221,287.824,42,158
0003,溪洛渡,691000221,294.062,43,158
0003,溪洛渡,691000221,300.334,44,158
0003,溪洛渡,691000221,306.622,45,158
0003,溪洛渡,691000221,312.9,46,158
0003,溪洛渡,691000221,319.377,47,158
0003,溪洛渡,691000221,326.173,48,158
0003,溪洛渡,691000221,339.993,50,158
0003,溪洛渡,691000221,347.129,51,158
0003,溪洛渡,691000221,354.32,52,158
0003,溪洛渡,691000221,361.707,53,158
0003,溪洛渡,691000221,369.254,54,158
0003,溪洛渡,691000221,377.017,55,158
0003,溪洛渡,691000221,384.907,56,158
0003,溪洛渡,691000221,392.933,57,158
0003,溪洛渡,691000221,42.23,0,161
0003,溪洛渡,691000221,47.521,1,161
0003,溪洛渡,691000221,127.339,16,161
0003,溪洛渡,691000221,132.902,17,161
0003,溪洛渡,691000221,138.68,18,161
0003,溪洛渡,691000221,144.403,19,161
0003,溪洛渡,691000221,150.076,20,161
0003,溪洛渡,691000221,155.679,21,161
0003,溪洛渡,691000221,161.432,22,161
0003,溪洛渡,691000221,167.148,23,161
0003,溪洛渡,691000221,172.895,24,161
0003,溪洛渡,691000221,178.451,25,161
0003,溪洛渡,691000221,184.106,26,161
0003,溪洛渡,691000221,189.821,27,161
0003,溪洛渡,691000221,195.461,28,161
0003,溪洛渡,691000221,201.385,29,161
0003,溪洛渡,691000221,207.499,30,161
0003,溪洛渡,691000221,213.552,31,161
0003,溪洛渡,691000221,219.759,32,161
0003,溪洛渡,691000221,232.151,34,161
0003,溪洛渡,691000221,238.314,35,161
0003,溪洛渡,691000221,244.585,36,161
0003,溪洛渡,691000221,250.844,37,161
0003,溪洛渡,691000221,257.161,38,161
0003,溪洛渡,691000221,263.504,39,161
0003,溪洛渡,691000221,269.826,40,161
0003,溪洛渡,691000221,276.087,41,161
0003,溪洛渡,691000221,282.333,42,161
0003,溪洛渡,691000221,288.545,43,161
0003,溪洛渡,691000221,294.722,44,161
0003,溪洛渡,691000221,307.052,46,161
0003,溪洛渡,691000221,313.426,47,161
0003,溪洛渡,691000221,320.095,48,161
0003,溪洛渡,691000221,353.758,53,161
0003,溪洛渡,691000221,361.013,54,161
0003,溪洛渡,691000221,368.298,55,161
0003,溪洛渡,691000221,375.788,56,161
0003,溪洛渡,691000221,383.483,57,161
0003,溪洛渡,691000221,391.304,58,161
0003,溪洛渡,691000221,399.332,59,161
0003,溪洛渡,691000221,41.672,0,164
0003,溪洛渡,691000221,46.869,1,164
0003,溪洛渡,691000221,125.377,16,164
0003,溪洛渡,691000221,131.02,17,164
0003,溪洛渡,691000221,136.621,18,164
0003,溪洛渡,691000221,142.16,19,164
0003,溪洛渡,691000221,147.687,20,164
0003,溪洛渡,691000221,153.198,21,164
0003,溪洛渡,691000221,158.887,22,164
0003,溪洛渡,691000221,164.471,23,164
0003,溪洛渡,691000221,170.102,24,164
0003,溪洛渡,691000221,175.655,25,164
0003,溪洛渡,691000221,186.849,27,164
0003,溪洛渡,691000221,192.422,28,164
0003,溪洛渡,691000221,197.982,29,164
0003,溪洛渡,691000221,203.88,30,164
0003,溪洛渡,691000221,209.738,31,164
0003,溪洛渡,691000221,215.809,32,164
0003,溪洛渡,691000221,221.918,33,164
0003,溪洛渡,691000221,227.993,34,164
0003,溪洛渡,691000221,234.033,35,164
0003,溪洛渡,691000221,240.168,36,164
0003,溪洛渡,691000221,246.291,37,164
0003,溪洛渡,691000221,252.443,38,164
0003,溪洛渡,691000221,258.606,39,164
0003,溪洛渡,691000221,264.743,40,164
0003,溪洛渡,691000221,270.891,41,164
0003,溪洛渡,691000221,277.053,42,164
0003,溪洛渡,691000221,283.196,43,164
0003,溪洛渡,691000221,289.326,44,164
0003,溪洛渡,691000221,295.445,45,164
0003,溪洛渡,691000221,301.528,46,164
0003,溪洛渡,691000221,307.693,47,164
0003,溪洛渡,691000221,314.24,48,164
0003,溪洛渡,691000221,360.403,55,164
0003,溪洛渡,691000221,367.596,56,164
0003,溪洛渡,691000221,374.837,57,164
0003,溪洛渡,691000221,382.231,58,164
0003,溪洛渡,691000221,389.742,59,164
0003,溪洛渡,691000221,397.468,60,164
0003,溪洛渡,691000221,405.528,61,164
0003,溪洛渡,691000221,41.114,0,167
0003,溪洛渡,691000221,46.218,1,167
0003,溪洛渡,691000221,123.488,16,167
0003,溪洛渡,691000221,129.166,17,167
0003,溪洛渡,691000221,134.642,18,167
0003,溪洛渡,691000221,150.998,21,167
0003,溪洛渡,691000221,156.55,22,167
0003,溪洛渡,691000221,161.957,23,167
0003,溪洛渡,691000221,167.461,24,167
0003,溪洛渡,691000221,172.981,25,167
0003,溪洛渡,691000221,178.356,26,167
0003,溪洛渡,691000221,183.955,27,167
0003,溪洛渡,691000221,189.491,28,167
0003,溪洛渡,691000221,194.954,29,167
0003,溪洛渡,691000221,200.589,30,167
0003,溪洛渡,691000221,206.273,31,167
0003,溪洛渡,691000221,212.089,32,167
0003,溪洛渡,691000221,218.093,33,167
0003,溪洛渡,691000221,224.071,34,167
0003,溪洛渡,691000221,230.016,35,167
0003,溪洛渡,691000221,236.018,36,167
0003,溪洛渡,691000221,242.037,37,167
0003,溪洛渡,691000221,254.09,39,167
0003,溪洛渡,691000221,260.102,40,167
0003,溪洛渡,691000221,272.144,42,167
0003,溪洛渡,691000221,278.15,43,167
0003,溪洛渡,691000221,296.17,46,167
0003,溪洛渡,691000221,308.595,48,167
0003,溪洛渡,691000221,340.695,53,167
0003,溪洛渡,691000221,346.944,54,167
0003,溪洛渡,691000221,359.922,56,167
0003,溪洛渡,691000221,366.91,57,167
0003,溪洛渡,691000221,374.014,58,167
0003,溪洛渡,691000221,381.15,59,167
0003,溪洛渡,691000221,388.484,60,167
0003,溪洛渡,691000221,395.963,61,167
0003,溪洛渡,691000221,403.713,62,167
0003,溪洛渡,691000221,411.642,63,167
0003,溪洛渡,691000221,40.556,0,170
0003,溪洛渡,691000221,45.624,1,170
0003,溪洛渡,691000221,127.284,17,170
0003,溪洛渡,691000221,132.76,18,170
0003,溪洛渡,691000221,138.172,19,170
0003,溪洛渡,691000221,143.517,20,170
0003,溪洛渡,691000221,159.52,23,170
0003,溪洛渡,691000221,164.853,24,170
0003,溪洛渡,691000221,170.301,25,170
0003,溪洛渡,691000221,175.66,26,170
0003,溪洛渡,691000221,181.102,27,170
0003,溪洛渡,691000221,186.582,28,170
0003,溪洛渡,691000221,191.978,29,170
0003,溪洛渡,691000221,197.405,30,170
0003,溪洛渡,691000221,203.059,31,170
0003,溪洛渡,691000221,208.662,32,170
0003,溪洛渡,691000221,214.542,33,170
0003,溪洛渡,691000221,220.403,34,170
0003,溪洛渡,691000221,226.226,35,170
0003,溪洛渡,691000221,237.971,37,170
0003,溪洛渡,691000221,243.866,38,170
0003,溪洛渡,691000221,255.637,40,170
0003,溪洛渡,691000221,261.534,41,170
0003,溪洛渡,691000221,267.505,42,170
0003,溪洛渡,691000221,273.457,43,170
0003,溪洛渡,691000221,279.391,44,170
0003,溪洛渡,691000221,285.278,45,170
0003,溪洛渡,691000221,291.142,46,170
0003,溪洛渡,691000221,296.986,47,170
0003,溪洛渡,691000221,302.929,48,170
0003,溪洛渡,691000221,309.067,49,170
0003,溪洛渡,691000221,339.776,54,170
0003,溪洛渡,691000221,346.333,55,170
0003,溪洛渡,691000221,352.971,56,170
0003,溪洛渡,691000221,359.621,57,170
0003,溪洛渡,691000221,366.285,58,170
0003,溪洛渡,691000221,373.244,59,170
0003,溪洛渡,691000221,380.257,60,170
0003,溪洛渡,691000221,387.327,61,170
0003,溪洛渡,691000221,394.711,62,170
0003,溪洛渡,691000221,402.158,63,170
0003,溪洛渡,691000221,409.83,64,170
0003,溪洛渡,691000221,417.575,65,170
0003,溪洛渡,691000221,39.998,0,173
0003,溪洛渡,691000221,44.989,1,173
0003,溪洛渡,691000221,125.437,17,173
0003,溪洛渡,691000221,130.917,18,173
0003,溪洛渡,691000221,136.29,19,173
0003,溪洛渡,691000221,141.538,20,173
0003,溪洛渡,691000221,146.747,21,173
0003,溪洛渡,691000221,151.927,22,173
0003,溪洛渡,691000221,157.169,23,173
0003,溪洛渡,691000221,162.337,24,173
0003,溪洛渡,691000221,167.631,25,173
0003,溪洛渡,691000221,172.835,26,173
0003,溪洛渡,691000221,178.129,27,173
0003,溪洛渡,691000221,183.537,28,173
0003,溪洛渡,691000221,188.891,29,173
0003,溪洛渡,691000221,194.211,30,173
0003,溪洛渡,691000221,199.844,31,173
0003,溪洛渡,691000221,205.457,32,173
0003,溪洛渡,691000221,211.135,33,173
0003,溪洛渡,691000221,216.911,34,173
0003,溪洛渡,691000221,222.654,35,173
0003,溪洛渡,691000221,228.354,36,173
0003,溪洛渡,691000221,234.147,37,173
0003,溪洛渡,691000221,239.976,38,173
0003,溪洛渡,691000221,245.77,39,173
0003,溪洛渡,691000221,251.501,40,173
0003,溪洛渡,691000221,257.206,41,173
0003,溪洛渡,691000221,263.078,42,173
0003,溪洛渡,691000221,268.963,43,173
0003,溪洛渡,691000221,274.833,44,173
0003,溪洛渡,691000221,280.691,45,173
0003,溪洛渡,691000221,286.439,46,173
0003,溪洛渡,691000221,292.168,47,173
0003,溪洛渡,691000221,297.884,48,173
0003,溪洛渡,691000221,303.763,49,173
0003,溪洛渡,691000221,309.597,50,173
0003,溪洛渡,691000221,315.417,51,173
0003,溪洛渡,691000221,321.224,52,173
0003,溪洛渡,691000221,327.218,53,173
0003,溪洛渡,691000221,333.392,54,173
0003,溪洛渡,691000221,339.607,55,173
0003,溪洛渡,691000221,346.118,56,173
0003,溪洛渡,691000221,352.643,57,173
0003,溪洛渡,691000221,359.222,58,173
0003,溪洛渡,691000221,365.893,59,173
0003,溪洛渡,691000221,372.654,60,173
0003,溪洛渡,691000221,379.526,61,173
0003,溪洛渡,691000221,386.423,62,173
0003,溪洛渡,691000221,393.459,63,173
0003,溪洛渡,691000221,400.762,64,173
0003,溪洛渡,691000221,408.177,65,173
0003,溪洛渡,691000221,415.756,66,173
0003,溪洛渡,691000221,39.44,0,176
0003,溪洛渡,691000221,44.391,1,176
0003,溪洛渡,691000221,129.021,18,176
0003,溪洛渡,691000221,134.348,19,176
0003,溪洛渡,691000221,139.613,20,176
0003,溪洛渡,691000221,144.786,21,176
0003,溪洛渡,691000221,149.796,22,176
0003,溪洛渡,691000221,154.93,23,176
0003,溪洛渡,691000221,159.955,24,176
0003,溪洛渡,691000221,165.147,25,176
0003,溪洛渡,691000221,170.299,26,176
0003,溪洛渡,691000221,175.439,27,176
0003,溪洛渡,691000221,180.774,28,176
0003,溪洛渡,691000221,186.046,29,176
0003,溪洛渡,691000221,191.253,30,176
0003,溪洛渡,691000221,196.717,31,176
0003,溪洛渡,691000221,202.236,32,176
0003,溪洛渡,691000221,213.458,34,176
0003,溪洛渡,691000221,219.138,35,176
0003,溪洛渡,691000221,224.786,36,176
0003,溪洛渡,691000221,236.192,38,176
0003,溪洛渡,691000221,241.928,39,176
0003,溪洛渡,691000221,247.628,40,176
0003,溪洛渡,691000221,253.254,41,176
0003,溪洛渡,691000221,264.679,43,176
0003,溪洛渡,691000221,270.436,44,176
0003,溪洛渡,691000221,276.12,45,176
0003,溪洛渡,691000221,281.755,46,176
0003,溪洛渡,691000221,287.456,47,176
0003,溪洛渡,691000221,293.146,48,176
0003,溪洛渡,691000221,298.822,49,176
0003,溪洛渡,691000221,304.485,50,176
0003,溪洛渡,691000221,310.133,51,176
0003,溪洛渡,691000221,315.769,52,176
0003,溪洛渡,691000221,321.64,53,176
0003,溪洛渡,691000221,327.709,54,176
0003,溪洛渡,691000221,352.45,58,176
0003,溪洛渡,691000221,359.005,59,176
0003,溪洛渡,691000221,365.574,60,176
0003,溪洛渡,691000221,372.155,61,176
0003,溪洛渡,691000221,378.865,62,176
0003,溪洛渡,691000221,385.587,63,176
0003,溪洛渡,691000221,392.324,64,176
0003,溪洛渡,691000221,399.411,65,176
0003,溪洛渡,691000221,406.632,66,176
0003,溪洛渡,691000221,414.033,67,176
0003,溪洛渡,691000221,421.506,68,176
0003,溪洛渡,691000221,428.902,69,176
0003,溪洛渡,691000221,38.996,0,179
0003,溪洛渡,691000221,43.896,1,179
0003,溪洛渡,691000221,132.502,19,179
0003,溪洛渡,691000221,137.722,20,179
0003,溪洛渡,691000221,142.845,21,179
0003,溪洛渡,691000221,147.847,22,179
0003,溪洛渡,691000221,152.884,23,179
0003,溪洛渡,691000221,157.89,24,179
0003,溪洛渡,691000221,162.919,25,179
0003,溪洛渡,691000221,167.99,26,179
0003,溪洛渡,691000221,172.978,27,179
0003,溪洛渡,691000221,178.178,28,179
0003,溪洛渡,691000221,183.367,29,179
0003,溪洛渡,691000221,188.489,30,179
0003,溪洛渡,691000221,193.72,31,179
0003,溪洛渡,691000221,199.189,32,179
0003,溪洛渡,691000221,204.615,33,179
0003,溪洛渡,691000221,210.154,34,179
0003,溪洛渡,691000221,215.751,35,179
0003,溪洛渡,691000221,221.322,36,179
0003,溪洛渡,691000221,226.863,37,179
0003,溪洛渡,691000221,232.467,38,179
0003,溪洛渡,691000221,238.102,39,179
0003,溪洛渡,691000221,243.717,40,179
0003,溪洛渡,691000221,249.306,41,179
0003,溪洛渡,691000221,254.882,42,179
0003,溪洛渡,691000221,260.476,43,179
0003,溪洛渡,691000221,266.107,44,179
0003,溪洛渡,691000221,271.719,45,179
0003,溪洛渡,691000221,277.318,46,179
0003,溪洛渡,691000221,288.507,48,179
0003,溪洛渡,691000221,294.079,49,179
0003,溪洛渡,691000221,299.632,50,179
0003,溪洛渡,691000221,316.254,53,179
0003,溪洛渡,691000221,322.217,54,179
0003,溪洛渡,691000221,352.188,59,179
0003,溪洛渡,691000221,358.622,60,179
0003,溪洛渡,691000221,371.526,62,179
0003,溪洛渡,691000221,378.036,63,179
0003,溪洛渡,691000221,384.681,64,179
0003,溪洛渡,691000221,391.374,65,179
0003,溪洛渡,691000221,398.164,66,179
0003,溪洛渡,691000221,405.249,67,179
0003,溪洛渡,691000221,412.372,68,179
0003,溪洛渡,691000221,419.636,69,179
0003,溪洛渡,691000221,426.952,70,179
0003,溪洛渡,691000221,434.366,71,179
0003,溪洛渡,691000221,38.552,0,182
0003,溪洛渡,691000221,43.397,1,182
0003,溪洛渡,691000221,135.817,20,182
0003,溪洛渡,691000221,140.935,21,182
0003,溪洛渡,691000221,145.934,22,182
0003,溪洛渡,691000221,150.877,23,182
0003,溪洛渡,691000221,155.86,24,182
0003,溪洛渡,691000221,160.78,25,182
0003,溪洛渡,691000221,165.807,26,182
0003,溪洛渡,691000221,170.744,27,182
0003,溪洛渡,691000221,175.735,28,182
0003,溪洛渡,691000221,180.857,29,182
0003,溪洛渡,691000221,185.914,30,182
0003,溪洛渡,691000221,190.907,31,182
0003,溪洛渡,691000221,196.265,32,182
0003,溪洛渡,691000221,201.601,33,182
0003,溪洛渡,691000221,212.466,35,182
0003,溪洛渡,691000221,217.963,36,182
0003,溪洛渡,691000221,223.426,37,182
0003,溪洛渡,691000221,228.873,38,182
0003,溪洛渡,691000221,234.416,39,182
0003,溪洛渡,691000221,239.942,40,182
0003,溪洛渡,691000221,245.453,41,182
0003,溪洛渡,691000221,250.949,42,182
0003,溪洛渡,691000221,256.424,43,182
0003,溪洛渡,691000221,261.971,44,182
0003,溪洛渡,691000221,273.052,46,182
0003,溪洛渡,691000221,278.56,47,182
0003,溪洛渡,691000221,284.038,48,182
0003,溪洛渡,691000221,289.494,49,182
0003,溪洛渡,691000221,294.933,50,182
0003,溪洛渡,691000221,300.357,51,182
0003,溪洛渡,691000221,305.768,52,182
0003,溪洛渡,691000221,311.214,53,182
0003,溪洛渡,691000221,316.905,54,182
0003,溪洛渡,691000221,322.774,55,182
0003,溪洛渡,691000221,358.243,61,182
0003,溪洛渡,691000221,364.584,62,182
0003,溪洛渡,691000221,370.958,63,182
0003,溪洛渡,691000221,377.348,64,182
0003,溪洛渡,691000221,383.853,65,182
0003,溪洛渡,691000221,390.444,66,182
0003,溪洛渡,691000221,397.083,67,182
0003,溪洛渡,691000221,403.912,68,182
0003,溪洛渡,691000221,410.851,69,182
0003,溪洛渡,691000221,417.894,70,182
0003,溪洛渡,691000221,424.989,71,182
0003,溪洛渡,691000221,432.238,72,182
0003,溪洛渡,691000221,439.655,73,182
0003,溪洛渡,691000221,38.108,0,185
0003,溪洛渡,691000221,42.9,1,185
0003,溪洛渡,691000221,133.999,20,185
0003,溪洛渡,691000221,139.039,21,185
0003,溪洛渡,691000221,144.022,22,185
0003,溪洛渡,691000221,148.911,23,185
0003,溪洛渡,691000221,153.909,24,185
0003,溪洛渡,691000221,158.787,25,185
0003,溪洛渡,691000221,163.692,26,185
0003,溪洛渡,691000221,173.419,28,185
0003,溪洛渡,691000221,178.45,29,185
0003,溪洛渡,691000221,183.436,30,185
0003,溪洛渡,691000221,188.359,31,185
0003,溪洛渡,691000221,193.423,32,185
0003,溪洛渡,691000221,198.67,33,185
0003,溪洛渡,691000221,203.876,34,185
0003,溪洛渡,691000221,209.257,35,185
0003,溪洛渡,691000221,214.676,36,185
0003,溪洛渡,691000221,220.066,37,185
0003,溪洛渡,691000221,225.428,38,185
0003,溪洛渡,691000221,230.859,39,185
0003,溪洛渡,691000221,236.319,40,185
0003,溪洛渡,691000221,241.747,41,185
0003,溪洛渡,691000221,247.163,42,185
0003,溪洛渡,691000221,252.564,43,185
0003,溪洛渡,691000221,263.409,45,185
0003,溪洛渡,691000221,268.837,46,185
0003,溪洛渡,691000221,274.248,47,185
0003,溪洛渡,691000221,295.803,51,185
0003,溪洛渡,691000221,301.104,52,185
0003,溪洛渡,691000221,311.766,54,185
0003,溪洛渡,691000221,317.54,55,185
0003,溪洛渡,691000221,364.081,63,185
0003,溪洛渡,691000221,370.364,64,185
0003,溪洛渡,691000221,376.672,65,185
0003,溪洛渡,691000221,383.024,66,185
0003,溪洛渡,691000221,389.531,67,185
0003,溪洛渡,691000221,396.064,68,185
0003,溪洛渡,691000221,402.648,69,185
0003,溪洛渡,691000221,409.463,70,185
0003,溪洛渡,691000221,416.313,71,185
0003,溪洛渡,691000221,423.255,72,185
0003,溪洛渡,691000221,430.216,73,185
0003,溪洛渡,691000221,437.332,74,185
0003,溪洛渡,691000221,444.552,75,185
0003,溪洛渡,691000221,37.709,0,188
0003,溪洛渡,691000221,42.443,1,188
0003,溪洛渡,691000221,137.208,21,188
0003,溪洛渡,691000221,142.134,22,188
0003,溪洛渡,691000221,147.088,23,188
0003,溪洛渡,691000221,151.992,24,188
0003,溪洛渡,691000221,156.832,25,188
0003,溪洛渡,691000221,161.638,26,188
0003,溪洛渡,691000221,166.511,27,188
0003,溪洛渡,691000221,171.296,28,188
0003,溪洛渡,691000221,176.124,29,188
0003,溪洛渡,691000221,181.041,30,188
0003,溪洛渡,691000221,185.914,31,188
0003,溪洛渡,691000221,190.73,32,188
0003,溪洛渡,691000221,195.847,33,188
0003,溪洛渡,691000221,206.144,35,188
0003,溪洛渡,691000221,211.485,36,188
0003,溪洛渡,691000221,216.793,37,188
0003,溪洛渡,691000221,222.064,38,188
0003,溪洛渡,691000221,227.346,39,188
0003,溪洛渡,691000221,232.743,40,188
0003,溪洛渡,691000221,243.495,42,188
0003,溪洛渡,691000221,248.82,43,188
0003,溪洛渡,691000221,254.123,44,188
0003,溪洛渡,691000221,259.451,45,188
0003,溪洛渡,691000221,270.081,47,188
0003,溪洛渡,691000221,275.399,48,188
0003,溪洛渡,691000221,280.745,49,188
0003,溪洛渡,691000221,286.075,50,188
0003,溪洛渡,691000221,291.391,51,188
0003,溪洛渡,691000221,296.623,52,188
0003,溪洛渡,691000221,301.803,53,188
0003,溪洛渡,691000221,306.965,54,188
0003,溪洛渡,691000221,312.473,55,188
0003,溪洛渡,691000221,318.154,56,188
0003,溪洛渡,691000221,369.754,65,188
0003,溪洛渡,691000221,376.003,66,188
0003,溪洛渡,691000221,382.27,67,188
0003,溪洛渡,691000221,388.601,68,188
0003,溪洛渡,691000221,395.029,69,188
0003,溪洛渡,691000221,401.479,70,188
0003,溪洛渡,691000221,408.07,71,188
0003,溪洛渡,691000221,414.823,72,188
0003,溪洛渡,691000221,421.609,73,188
0003,溪洛渡,691000221,428.426,74,188
0003,溪洛渡,691000221,435.281,75,188
0003,溪洛渡,691000221,442.283,76,188
0003,溪洛渡,691000221,449.877,77,188
0003,溪洛渡,691000221,37.333,0,191
0003,溪洛渡,691000221,42.014,1,191
0003,溪洛渡,691000221,140.445,22,191
0003,溪洛渡,691000221,145.358,23,191
0003,溪洛渡,691000221,150.174,24,191
0003,溪洛渡,691000221,154.957,25,191
0003,溪洛渡,691000221,159.668,26,191
0003,溪洛渡,691000221,164.463,27,191
0003,溪洛渡,691000221,169.214,28,191
0003,溪洛渡,691000221,173.908,29,191
0003,溪洛渡,691000221,178.792,30,191
0003,溪洛渡,691000221,183.621,31,191
0003,溪洛渡,691000221,188.386,32,191
0003,溪洛渡,691000221,193.23,33,191
0003,溪洛渡,691000221,198.198,34,191
0003,溪洛渡,691000221,203.1,35,191
0003,溪洛渡,691000221,208.344,36,191
0003,溪洛渡,691000221,213.564,37,191
0003,溪洛渡,691000221,218.773,38,191
0003,溪洛渡,691000221,223.957,39,191
0003,溪洛渡,691000221,229.278,40,191
0003,溪洛渡,691000221,245.185,43,191
0003,溪洛渡,691000221,250.416,44,191
0003,溪洛渡,691000221,255.625,45,191
0003,溪洛渡,691000221,260.859,46,191
0003,溪洛渡,691000221,266.067,47,191
0003,溪洛渡,691000221,271.248,48,191
0003,溪洛渡,691000221,276.536,49,191
0003,溪洛渡,691000221,287.074,51,191
0003,溪洛渡,691000221,292.312,52,191
0003,溪洛渡,691000221,297.422,53,191
0003,溪洛渡,691000221,307.634,55,191
0003,溪洛渡,691000221,313.157,56,191
0003,溪洛渡,691000221,318.749,57,191
0003,溪洛渡,691000221,335.51,60,191
0003,溪洛渡,691000221,340.963,61,191
0003,溪洛渡,691000221,357.58,64,191
0003,溪洛渡,691000221,363.34,65,191
0003,溪洛渡,691000221,369.165,66,191
0003,溪洛渡,691000221,375.339,67,191
0003,溪洛渡,691000221,381.533,68,191
0003,溪洛渡,691000221,387.746,69,191
0003,溪洛渡,691000221,394.057,70,191
0003,溪洛渡,691000221,400.432,71,191
0003,溪洛渡,691000221,406.84,72,191
0003,溪洛渡,691000221,413.448,73,191
0003,溪洛渡,691000221,420.067,74,191
0003,溪洛渡,691000221,426.738,75,191
0003,溪洛渡,691000221,433.449,76,191
0003,溪洛渡,691000221,440.272,77,191
0003,溪洛渡,691000221,447.212,78,191
0003,溪洛渡,691000221,455.075,79,191
0003,溪洛渡,691000221,36.956,0,194
0003,溪洛渡,691000221,41.582,1,194
0003,溪洛渡,691000221,143.553,23,194
0003,溪洛渡,691000221,153.186,25,194
0003,溪洛渡,691000221,157.868,26,194
0003,溪洛渡,691000221,162.538,27,194
0003,溪洛渡,691000221,167.25,28,194
0003,溪洛渡,691000221,171.884,29,194
0003,溪洛渡,691000221,176.574,30,194
0003,溪洛渡,691000221,181.359,31,194
0003,溪洛渡,691000221,186.111,32,194
0003,溪洛渡,691000221,190.809,33,194
0003,溪洛渡,691000221,195.576,34,194
0003,溪洛渡,691000221,205.339,36,194
0003,溪洛渡,691000221,210.486,37,194
0003,溪洛渡,691000221,215.61,38,194
0003,溪洛渡,691000221,220.718,39,194
0003,溪洛渡,691000221,225.896,40,194
0003,溪洛渡,691000221,231.171,41,194
0003,溪洛渡,691000221,236.429,42,194
0003,溪洛渡,691000221,241.664,43,194
0003,溪洛渡,691000221,246.85,44,194
0003,溪洛渡,691000221,252.002,45,194
0003,溪洛渡,691000221,257.127,46,194
0003,溪洛渡,691000221,262.213,47,194
0003,溪洛渡,691000221,267.279,48,194
0003,溪洛渡,691000221,272.41,49,194
0003,溪洛渡,691000221,277.578,50,194
0003,溪洛渡,691000221,282.733,51,194
0003,溪洛渡,691000221,287.872,52,194
0003,溪洛渡,691000221,292.984,53,194
0003,溪洛渡,691000221,298.082,54,194
0003,溪洛渡,691000221,303.215,55,194
0003,溪洛渡,691000221,308.325,56,194
0003,溪洛渡,691000221,313.489,57,194
0003,溪洛渡,691000221,318.801,58,194
0003,溪洛渡,691000221,324.166,59,194
0003,溪洛渡,691000221,340.448,62,194
0003,溪洛渡,691000221,346.104,63,194
0003,溪洛渡,691000221,374.658,68,194
0003,溪洛渡,691000221,380.771,69,194
0003,溪洛渡,691000221,386.923,70,194
0003,溪洛渡,691000221,393.131,71,194
0003,溪洛渡,691000221,399.434,72,194
0003,溪洛渡,691000221,405.761,73,194
0003,溪洛渡,691000221,412.167,74,194
0003,溪洛渡,691000221,418.661,75,194
0003,溪洛渡,691000221,425.142,76,194
0003,溪洛渡,691000221,431.706,77,194
0003,溪洛渡,691000221,438.331,78,194
0003,溪洛渡,691000221,445.139,79,194
0003,溪洛渡,691000221,452.018,80,194
0003,溪洛渡,691000221,460.153,81,194
0003,溪洛渡,691000221,36.58,0,197
0003,溪洛渡,691000221,41.152,1,197
0003,溪洛渡,691000221,146.494,24,197
0003,溪洛渡,691000221,151.346,25,197
0003,溪洛渡,691000221,156.104,26,197
0003,溪洛渡,691000221,160.661,27,197
0003,溪洛渡,691000221,165.359,28,197
0003,溪洛渡,691000221,169.972,29,197
0003,溪洛渡,691000221,174.515,30,197
0003,溪洛渡,691000221,179.253,31,197
0003,溪洛渡,691000221,183.961,32,197
0003,溪洛渡,691000221,188.606,33,197
0003,溪洛渡,691000221,193.225,34,197
0003,溪洛渡,691000221,197.996,35,197
0003,溪洛渡,691000221,202.717,36,197
0003,溪洛渡,691000221,207.712,37,197
0003,溪洛渡,691000221,212.765,38,197
0003,溪洛渡,691000221,217.791,39,197
0003,溪洛渡,691000221,222.791,40,197
0003,溪洛渡,691000221,227.921,41,197
0003,溪洛渡,691000221,233.087,42,197
0003,溪洛渡,691000221,238.234,43,197
0003,溪洛渡,691000221,243.359,44,197
0003,溪洛渡,691000221,248.471,45,197
0003,溪洛渡,691000221,253.562,46,197
0003,溪洛渡,691000221,258.619,47,197
0003,溪洛渡,691000221,263.646,48,197
0003,溪洛渡,691000221,268.727,49,197
0003,溪洛渡,691000221,273.794,50,197
0003,溪洛渡,691000221,283.851,52,197
0003,溪洛渡,691000221,288.827,53,197
0003,溪洛渡,691000221,293.897,54,197
0003,溪洛渡,691000221,298.944,55,197
0003,溪洛渡,691000221,303.977,56,197
0003,溪洛渡,691000221,314.086,58,197
0003,溪洛渡,691000221,319.154,59,197
0003,溪洛渡,691000221,324.274,60,197
0003,溪洛渡,691000221,329.757,61,197
0003,溪洛渡,691000221,351.771,65,197
0003,溪洛渡,691000221,357.344,66,197
0003,溪洛渡,691000221,380.11,70,197
0003,溪洛渡,691000221,386.172,71,197
0003,溪洛渡,691000221,392.246,72,197
0003,溪洛渡,691000221,398.434,73,197
0003,溪洛渡,691000221,404.678,74,197
0003,溪洛渡,691000221,410.961,75,197
0003,溪洛渡,691000221,417.304,76,197
0003,溪洛渡,691000221,423.669,77,197
0003,溪洛渡,691000221,430.09,78,197
0003,溪洛渡,691000221,436.553,79,197
0003,溪洛渡,691000221,449.793,81,197
0003,溪洛渡,691000221,456.908,82,197
0003,溪洛渡,691000221,36.273,0,200
0003,溪洛渡,691000221,40.791,1,200
0003,溪洛渡,691000221,144.663,24,200
0003,溪洛渡,691000221,149.379,25,200
0003,溪洛渡,691000221,154.184,26,200
0003,溪洛渡,691000221,158.875,27,200
0003,溪洛渡,691000221,163.44,28,200
0003,溪洛渡,691000221,168.102,29,200
0003,溪洛渡,691000221,172.668,30,200
0003,溪洛渡,691000221,177.181,31,200
0003,溪洛渡,691000221,181.831,32,200
0003,溪洛渡,691000221,186.434,33,200
0003,溪洛渡,691000221,190.995,34,200
0003,溪洛渡,691000221,195.608,35,200
0003,溪洛渡,691000221,200.301,36,200
0003,溪洛渡,691000221,205.006,37,200
0003,溪洛渡,691000221,209.998,38,200
0003,溪洛渡,691000221,214.964,39,200
0003,溪洛渡,691000221,219.904,40,200
0003,溪洛渡,691000221,224.816,41,200
0003,溪洛渡,691000221,229.877,42,200
0003,溪洛渡,691000221,234.92,43,200
0003,溪洛渡,691000221,239.946,44,200
0003,溪洛渡,691000221,244.999,45,200
0003,溪洛渡,691000221,250.036,46,200
0003,溪洛渡,691000221,255.062,47,200
0003,溪洛渡,691000221,260.128,48,200
0003,溪洛渡,691000221,270.205,50,200
0003,溪洛渡,691000221,275.185,51,200
0003,溪洛渡,691000221,280.118,52,200
0003,溪洛渡,691000221,285.029,53,200
0003,溪洛渡,691000221,289.921,54,200
0003,溪洛渡,691000221,294.891,55,200
0003,溪洛渡,691000221,299.831,56,200
0003,溪洛渡,691000221,304.727,57,200
0003,溪洛渡,691000221,309.645,58,200
0003,溪洛渡,691000221,314.696,59,200
0003,溪洛渡,691000221,320.106,60,200
0003,溪洛渡,691000221,347.129,65,200
0003,溪洛渡,691000221,352.469,66,200
0003,溪洛渡,691000221,379.563,71,200
0003,溪洛渡,691000221,385.525,72,200
0003,溪洛渡,691000221,391.504,73,200
0003,溪洛渡,691000221,397.541,74,200
0003,溪洛渡,691000221,403.672,75,200
0003,溪洛渡,691000221,409.828,76,200
0003,溪洛渡,691000221,416.023,77,200
0003,溪洛渡,691000221,422.249,78,200
0003,溪洛渡,691000221,434.778,80,200
0003,溪洛渡,691000221,441.119,81,200
0003,溪洛渡,691000221,447.59,82,200
0003,溪洛渡,691000221,454.417,83,200
0003,溪洛渡,691000221,461.792,84,200
0003,溪洛渡,691000221,35.965,0,203
0003,溪洛渡,691000221,40.422,1,203
0003,溪洛渡,691000221,147.472,25,203
0003,溪洛渡,691000221,152.214,26,203
0003,溪洛渡,691000221,156.884,27,203
0003,溪洛渡,691000221,161.523,28,203
0003,溪洛渡,691000221,170.705,30,203
0003,溪洛渡,691000221,175.193,31,203
0003,溪洛渡,691000221,179.761,32,203
0003,溪洛渡,691000221,188.837,34,203
0003,溪洛渡,691000221,193.28,35,203
0003,溪洛渡,691000221,197.926,36,203
0003,溪洛渡,691000221,207.286,38,203
0003,溪洛渡,691000221,212.18,39,203
0003,溪洛渡,691000221,217.045,40,203
0003,溪洛渡,691000221,221.884,41,203
0003,溪洛渡,691000221,226.746,42,203
0003,溪洛渡,691000221,231.718,43,203
0003,溪洛渡,691000221,236.677,44,203
0003,溪洛渡,691000221,261.502,49,203
0003,溪洛渡,691000221,266.491,50,203
0003,溪洛渡,691000221,271.49,51,203
0003,溪洛渡,691000221,276.477,52,203
0003,溪洛渡,691000221,281.323,53,203
0003,溪洛渡,691000221,286.146,54,203
0003,溪洛渡,691000221,290.945,55,203
0003,溪洛渡,691000221,295.779,56,203
0003,溪洛渡,691000221,305.421,58,203
0003,溪洛渡,691000221,310.43,59,203
0003,溪洛渡,691000221,315.691,60,203
0003,溪洛渡,691000221,379.02,72,203
0003,溪洛渡,691000221,384.889,73,203
0003,溪洛渡,691000221,390.777,74,203
0003,溪洛渡,691000221,396.681,75,203
0003,溪洛渡,691000221,402.704,76,203
0003,溪洛渡,691000221,408.751,77,203
0003,溪洛渡,691000221,414.82,78,203
0003,溪洛渡,691000221,420.914,79,203
0003,溪洛渡,691000221,439.305,82,203
0003,溪洛渡,691000221,445.529,83,203
0003,溪洛渡,691000221,452.106,84,203
0003,溪洛渡,691000221,459.041,85,203
0003,溪洛渡,691000221,466.573,86,203
0003,溪洛渡,691000221,35.673,0,206
0003,溪洛渡,691000221,40.072,1,206
0003,溪洛渡,691000221,150.302,26,206
0003,溪洛渡,691000221,159.63,28,206
0003,溪洛渡,691000221,164.242,29,206
0003,溪洛渡,691000221,168.785,30,206
0003,溪洛渡,691000221,173.269,31,206
0003,溪洛渡,691000221,177.694,32,206
0003,溪洛渡,691000221,182.181,33,206
0003,溪洛渡,691000221,186.6,34,206
0003,溪洛渡,691000221,190.968,35,206
0003,溪洛渡,691000221,195.433,36,206
0003,溪洛渡,691000221,200.061,37,206
0003,溪洛渡,691000221,204.651,38,206
0003,溪洛渡,691000221,209.412,39,206
0003,溪洛渡,691000221,214.222,40,206
0003,溪洛渡,691000221,219.01,41,206
0003,溪洛渡,691000221,223.774,42,206
0003,溪洛渡,691000221,228.624,43,206
0003,溪洛渡,691000221,233.522,44,206
0003,溪洛渡,691000221,238.406,45,206
0003,溪洛渡,691000221,257.947,49,206
0003,溪洛渡,691000221,262.895,50,206
0003,溪洛渡,691000221,267.83,51,206
0003,溪洛渡,691000221,272.753,52,206
0003,溪洛渡,691000221,277.659,53,206
0003,溪洛渡,691000221,282.419,54,206
0003,溪洛渡,691000221,287.159,55,206
0003,溪洛渡,691000221,291.879,56,206
0003,溪洛渡,691000221,296.641,57,206
0003,溪洛渡,691000221,301.367,58,206
0003,溪洛渡,691000221,306.079,59,206
0003,溪洛渡,691000221,311.094,60,206
0003,溪洛渡,691000221,316.279,61,206
0003,溪洛渡,691000221,384.246,74,206
0003,溪洛渡,691000221,390.041,75,206
0003,溪洛渡,691000221,395.853,76,206
0003,溪洛渡,691000221,401.745,77,206
0003,溪洛渡,691000221,407.701,78,206
0003,溪洛渡,691000221,413.676,79,206
0003,溪洛渡,691000221,419.63,80,206
0003,溪洛渡,691000221,431.567,82,206
0003,溪洛渡,691000221,437.633,83,206
0003,溪洛渡,691000221,443.804,84,206
0003,溪洛渡,691000221,449.996,85,206
0003,溪洛渡,691000221,456.74,86,206
0003,溪洛渡,691000221,463.748,87,206
0003,溪洛渡,691000221,471.267,88,206
0003,溪洛渡,691000221,35.41,0,209
0003,溪洛渡,691000221,39.759,1,209
0003,溪洛渡,691000221,153.168,27,209
0003,溪洛渡,691000221,157.797,28,209
0003,溪洛渡,691000221,162.372,29,209
0003,溪洛渡,691000221,166.884,30,209
0003,溪洛渡,691000221,171.333,31,209
0003,溪洛渡,691000221,175.724,32,209
0003,溪洛渡,691000221,184.5,34,209
0003,溪洛渡,691000221,188.823,35,209
0003,溪洛渡,691000221,193.093,36,209
0003,溪洛渡,691000221,197.627,37,209
0003,溪洛渡,691000221,202.186,38,209
0003,溪洛渡,691000221,211.499,40,209
0003,溪洛渡,691000221,216.227,41,209
0003,溪洛渡,691000221,220.93,42,209
0003,溪洛渡,691000221,230.462,44,209
0003,溪洛渡,691000221,240.099,46,209
0003,溪洛渡,691000221,254.515,49,209
0003,溪洛渡,691000221,259.358,50,209
0003,溪洛渡,691000221,264.224,51,209
0003,溪洛渡,691000221,269.078,52,209
0003,溪洛渡,691000221,278.722,54,209
0003,溪洛渡,691000221,283.399,55,209
0003,溪洛渡,691000221,288.104,56,209
0003,溪洛渡,691000221,297.435,58,209
0003,溪洛渡,691000221,302.051,59,209
0003,溪洛渡,691000221,306.653,60,209
0003,溪洛渡,691000221,311.739,61,209
0003,溪洛渡,691000221,316.849,62,209
0003,溪洛渡,691000221,383.634,75,209
0003,溪洛渡,691000221,389.345,76,209
0003,溪洛渡,691000221,400.793,78,209
0003,溪洛渡,691000221,406.672,79,209
0003,溪洛渡,691000221,424.325,82,209
0003,溪洛渡,691000221,430.14,83,209
0003,溪洛渡,691000221,435.974,84,209
0003,溪洛渡,691000221,442.053,85,209
0003,溪洛渡,691000221,448.212,86,209
0003,溪洛渡,691000221,454.574,87,209
0003,溪洛渡,691000221,461.248,88,209
0003,溪洛渡,691000221,468.46,89,209
0003,溪洛渡,691000221,475.951,90,209
0003,溪洛渡,691000221,35.148,0,212
0003,溪洛渡,691000221,39.456,1,212
0003,溪洛渡,691000221,156.064,28,212
0003,溪洛渡,691000221,160.583,29,212
0003,溪洛渡,691000221,165.054,30,212
0003,溪洛渡,691000221,169.472,31,212
0003,溪洛渡,691000221,173.835,32,212
0003,溪洛渡,691000221,178.133,33,212
0003,溪洛渡,691000221,182.458,34,212
0003,溪洛渡,691000221,186.759,35,212
0003,溪洛渡,691000221,191.047,36,212
0003,溪洛渡,691000221,195.36,37,212
0003,溪洛渡,691000221,199.875,38,212
0003,溪洛渡,691000221,204.359,39,212
0003,溪洛渡,691000221,208.921,40,212
0003,溪洛渡,691000221,213.631,41,212
0003,溪洛渡,691000221,218.301,42,212
0003,溪洛渡,691000221,222.949,43,212
0003,溪洛渡,691000221,227.574,44,212
0003,溪洛渡,691000221,232.339,45,212
0003,溪洛渡,691000221,237.088,46,212
0003,溪洛渡,691000221,241.82,47,212
0003,溪洛渡,691000221,255.991,50,212
0003,溪洛渡,691000221,260.764,51,212
0003,溪洛渡,691000221,265.55,52,212
0003,溪洛渡,691000221,270.323,53,212
0003,溪洛渡,691000221,275.067,54,212
0003,溪洛渡,691000221,279.769,55,212
0003,溪洛渡,691000221,284.433,56,212
0003,溪洛渡,691000221,289.083,57,212
0003,溪洛渡,691000221,293.705,58,212
0003,溪洛渡,691000221,298.278,59,212
0003,溪洛渡,691000221,302.841,60,212
0003,溪洛渡,691000221,307.389,61,212
0003,溪洛渡,691000221,312.366,62,212
0003,溪洛渡,691000221,317.404,63,212
0003,溪洛渡,691000221,383.08,76,212
0003,溪洛渡,691000221,388.679,77,212
0003,溪洛渡,691000221,394.293,78,212
0003,溪洛渡,691000221,405.605,80,212
0003,溪洛渡,691000221,411.426,81,212
0003,溪洛渡,691000221,422.979,83,212
0003,溪洛渡,691000221,434.46,85,212
0003,溪洛渡,691000221,440.271,86,212
0003,溪洛渡,691000221,446.365,87,212
0003,溪洛渡,691000221,452.505,88,212
0003,溪洛渡,691000221,459.001,89,212
0003,溪洛渡,691000221,465.714,90,212
0003,溪洛渡,691000221,473.15,91,212
0003,溪洛渡,691000221,480.657,92,212
0003,溪洛渡,691000221,34.907,0,215
0003,溪洛渡,691000221,39.174,1,215
0003,溪洛渡,691000221,158.85,29,215
0003,溪洛渡,691000221,163.261,30,215
0003,溪洛渡,691000221,167.628,31,215
0003,溪洛渡,691000221,171.94,32,215
0003,溪洛渡,691000221,176.23,33,215
0003,溪洛渡,691000221,184.814,35,215
0003,溪洛渡,691000221,189.051,36,215
0003,溪洛渡,691000221,197.654,38,215
0003,溪洛渡,691000221,202.145,39,215
0003,溪洛渡,691000221,206.545,40,215
0003,溪洛渡,691000221,211.073,41,215
0003,溪洛渡,691000221,215.71,42,215
0003,溪洛渡,691000221,220.326,43,215
0003,溪洛渡,691000221,224.915,44,215
0003,溪洛渡,691000221,229.473,45,215
0003,溪洛渡,691000221,234.162,46,215
0003,溪洛渡,691000221,238.835,47,215
0003,溪洛渡,691000221,243.492,48,215
0003,溪洛渡,691000221,248.164,49,215
0003,溪洛渡,691000221,252.824,50,215
0003,溪洛渡,691000221,257.473,51,215
0003,溪洛渡,691000221,262.154,52,215
0003,溪洛渡,691000221,271.516,54,215
0003,溪洛渡,691000221,276.174,55,215
0003,溪洛渡,691000221,280.797,56,215
0003,溪洛渡,691000221,285.401,57,215
0003,溪洛渡,691000221,289.991,58,215
0003,溪洛渡,691000221,294.564,59,215
0003,溪洛渡,691000221,299.103,60,215
0003,溪洛渡,691000221,303.629,61,215
0003,溪洛渡,691000221,308.106,62,215
0003,溪洛渡,691000221,312.975,63,215
0003,溪洛渡,691000221,317.943,64,215
0003,溪洛渡,691000221,382.624,77,215
0003,溪洛渡,691000221,388.151,78,215
0003,溪洛渡,691000221,393.619,79,215
0003,溪洛渡,691000221,399.063,80,215
0003,溪洛渡,691000221,404.535,81,215
0003,溪洛渡,691000221,410.278,82,215
0003,溪洛渡,691000221,415.957,83,215
0003,溪洛渡,691000221,427.295,85,215
0003,溪洛渡,691000221,432.983,86,215
0003,溪洛渡,691000221,438.69,87,215
0003,溪洛渡,691000221,444.566,88,215
0003,溪洛渡,691000221,450.614,89,215
0003,溪洛渡,691000221,456.742,90,215
0003,溪洛渡,691000221,463.326,91,215
0003,溪洛渡,691000221,470.316,92,215
0003,溪洛渡,691000221,34.677,0,218
0003,溪洛渡,691000221,38.9,1,218
0003,溪洛渡,691000221,157.198,29,218
0003,溪洛渡,691000221,161.526,30,218
0003,溪洛渡,691000221,165.838,31,218
0003,溪洛渡,691000221,174.397,33,218
0003,溪洛渡,691000221,178.604,34,218
0003,溪洛渡,691000221,182.839,35,218
0003,溪洛渡,691000221,191.265,37,218
0003,溪洛渡,691000221,195.417,38,218
0003,溪洛渡,691000221,199.821,39,218
0003,溪洛渡,691000221,204.238,40,218
0003,溪洛渡,691000221,208.637,41,218
0003,溪洛渡,691000221,213.186,42,218
0003,溪洛渡,691000221,217.755,43,218
0003,溪洛渡,691000221,222.303,44,218
0003,溪洛渡,691000221,226.83,45,218
0003,溪洛渡,691000221,231.345,46,218
0003,溪洛渡,691000221,235.961,47,218
0003,溪洛渡,691000221,240.562,48,218
0003,溪洛渡,691000221,245.141,49,218
0003,溪洛渡,691000221,249.744,50,218
0003,溪洛渡,691000221,254.332,51,218
0003,溪洛渡,691000221,258.906,52,218
0003,溪洛渡,691000221,263.507,53,218
0003,溪洛渡,691000221,272.71,55,218
0003,溪洛渡,691000221,277.293,56,218
0003,溪洛渡,691000221,281.841,57,218
0003,溪洛渡,691000221,286.373,58,218
0003,溪洛渡,691000221,290.892,59,218
0003,溪洛渡,691000221,295.391,60,218
0003,溪洛渡,691000221,299.861,61,218
0003,溪洛渡,691000221,313.567,64,218
0003,溪洛渡,691000221,318.467,65,218
0003,溪洛渡,691000221,387.512,79,218
0003,溪洛渡,691000221,392.869,80,218
0003,溪洛渡,691000221,398.239,81,218
0003,溪洛渡,691000221,403.62,82,218
0003,溪洛渡,691000221,409.102,83,218
0003,溪洛渡,691000221,414.69,84,218
0003,溪洛渡,691000221,420.295,85,218
0003,溪洛渡,691000221,425.912,86,218
0003,溪洛渡,691000221,437.166,88,218
0003,溪洛渡,691000221,442.851,89,218
0003,溪洛渡,691000221,448.777,90,218
0003,溪洛渡,691000221,454.756,91,218
0003,溪洛渡,691000221,460.998,92,218
0003,溪洛渡,691000221,34.447,0,221
0003,溪洛渡,691000221,38.63,1,221
0003,溪洛渡,691000221,159.897,30,221
0003,溪洛渡,691000221,164.128,31,221
0003,溪洛渡,691000221,168.392,32,221
0003,溪洛渡,691000221,172.603,33,221
0003,溪洛渡,691000221,176.764,34,221
0003,溪洛渡,691000221,180.911,35,221
0003,溪洛渡,691000221,185.093,36,221
0003,溪洛渡,691000221,189.231,37,221
0003,溪洛渡,691000221,193.347,38,221
0003,溪洛渡,691000221,197.572,39,221
0003,溪洛渡,691000221,202.014,40,221
0003,溪洛渡,691000221,206.376,41,221
0003,溪洛渡,691000221,210.709,42,221
0003,溪洛渡,691000221,215.23,43,221
0003,溪洛渡,691000221,219.762,44,221
0003,溪洛渡,691000221,224.274,45,221
0003,溪洛渡,691000221,228.758,46,221
0003,溪洛渡,691000221,233.192,47,221
0003,溪洛渡,691000221,237.735,48,221
0003,溪洛渡,691000221,242.257,49,221
0003,溪洛渡,691000221,246.763,50,221
0003,溪洛渡,691000221,251.29,51,221
0003,溪洛渡,691000221,255.801,52,221
0003,溪洛渡,691000221,260.298,53,221
0003,溪洛渡,691000221,264.83,54,221
0003,溪洛渡,691000221,273.859,56,221
0003,溪洛渡,691000221,278.349,57,221
0003,溪洛渡,691000221,282.825,58,221
0003,溪洛渡,691000221,287.285,59,221
0003,溪洛渡,691000221,291.731,60,221
0003,溪洛渡,691000221,305.063,63,221
0003,溪洛渡,691000221,309.488,64,221
0003,溪洛渡,691000221,314.144,65,221
0003,溪洛渡,691000221,318.977,66,221
0003,溪洛渡,691000221,386.935,80,221
0003,溪洛渡,691000221,392.207,81,221
0003,溪洛渡,691000221,397.492,82,221
0003,溪洛渡,691000221,402.788,83,221
0003,溪洛渡,691000221,408.1,84,221
0003,溪洛渡,691000221,413.571,85,221
0003,溪洛渡,691000221,419.058,86,221
0003,溪洛渡,691000221,424.562,87,221
0003,溪洛渡,691000221,430.1,88,221
0003,溪洛渡,691000221,435.691,89,221
0003,溪洛渡,691000221,441.3,90,221
0003,溪洛渡,691000221,446.989,91,221
0003,溪洛渡,691000221,452.937,92,221
0003,溪洛渡,691000221,34.243,0,224
0003,溪洛渡,691000221,38.384,1,224
0003,溪洛渡,691000221,162.494,31,224
0003,溪洛渡,691000221,166.673,32,224
0003,溪洛渡,691000221,170.834,33,224
0003,溪洛渡,691000221,174.908,34,224
0003,溪洛渡,691000221,178.934,35,224
0003,溪洛渡,691000221,183.068,36,224
0003,溪洛渡,691000221,191.348,38,224
0003,溪洛渡,691000221,195.453,39,224
0003,溪洛渡,691000221,199.711,40,224
0003,溪洛渡,691000221,204.082,41,224
0003,溪洛渡,691000221,208.426,42,224
0003,溪洛渡,691000221,212.731,43,224
0003,溪洛渡,691000221,217.209,44,224
0003,溪洛渡,691000221,226.138,46,224
0003,溪洛渡,691000221,230.576,47,224
0003,溪洛渡,691000221,234.996,48,224
0003,溪洛渡,691000221,239.455,49,224
0003,溪洛渡,691000221,248.343,51,224
0003,溪洛渡,691000221,252.798,52,224
0003,溪洛渡,691000221,257.237,53,224
0003,溪洛渡,691000221,261.657,54,224
0003,溪洛渡,691000221,266.104,55,224
0003,溪洛渡,691000221,274.973,57,224
0003,溪洛渡,691000221,279.372,58,224
0003,溪洛渡,691000221,310.048,65,224
0003,溪洛渡,691000221,314.705,66,224
0003,溪洛渡,691000221,319.473,67,224
0003,溪洛渡,691000221,386.419,81,224
0003,溪洛渡,691000221,391.607,82,224
0003,溪洛渡,691000221,401.999,84,224
0003,溪洛渡,691000221,407.222,85,224
0003,溪洛渡,691000221,412.536,86,224
0003,溪洛渡,691000221,417.918,87,224
0003,溪洛渡,691000221,423.316,88,224
0003,溪洛渡,691000221,428.729,89,224
0003,溪洛渡,691000221,434.238,90,224
0003,溪洛渡,691000221,439.777,91,224
0003,溪洛渡,691000221,445.333,92,224
0003,溪洛渡,691000221,34.052,0,227
0003,溪洛渡,691000221,38.15,1,227
0003,溪洛渡,691000221,165.004,32,227
0003,溪洛渡,691000221,169.085,33,227
0003,溪洛渡,691000221,173.116,34,227
0003,溪洛渡,691000221,177.096,35,227
0003,溪洛渡,691000221,181.164,36,227
0003,溪洛渡,691000221,185.304,37,227
0003,溪洛渡,691000221,189.404,38,227
0003,溪洛渡,691000221,193.466,39,227
0003,溪洛渡,691000221,197.489,40,227
0003,溪洛渡,691000221,201.837,41,227
0003,溪洛渡,691000221,206.146,42,227
0003,溪洛渡,691000221,210.43,43,227
0003,溪洛渡,691000221,214.733,44,227
0003,溪洛渡,691000221,219.178,45,227
0003,溪洛渡,691000221,223.606,46,227
0003,溪洛渡,691000221,228.016,47,227
0003,溪洛渡,691000221,232.401,48,227
0003,溪洛渡,691000221,236.753,49,227
0003,溪洛渡,691000221,241.141,50,227
0003,溪洛渡,691000221,245.518,51,227
0003,溪洛渡,691000221,249.872,52,227
0003,溪洛渡,691000221,254.254,53,227
0003,溪洛渡,691000221,258.623,54,227
0003,溪洛渡,691000221,262.978,55,227
0003,溪洛渡,691000221,276.04,58,227
0003,溪洛渡,691000221,293.322,62,227
0003,溪洛渡,691000221,297.646,63,227
0003,溪洛渡,691000221,306.292,65,227
0003,溪洛渡,691000221,310.598,66,227
0003,溪洛渡,691000221,315.251,67,227
0003,溪洛渡,691000221,319.956,68,227
0003,溪洛渡,691000221,390.932,83,227
0003,溪洛渡,691000221,396.071,84,227
0003,溪洛渡,691000221,401.222,85,227
0003,溪洛渡,691000221,406.384,86,227
0003,溪洛渡,691000221,411.577,87,227
0003,溪洛渡,691000221,416.892,88,227
0003,溪洛渡,691000221,422.176,89,227
0003,溪洛渡,691000221,427.472,90,227
0003,溪洛渡,691000221,432.813,91,227
0003,溪洛渡,691000221,438.276,92,227
0003,溪洛渡,691000221,33.862,0,230
0003,溪洛渡,691000221,37.916,1,230
0003,溪洛渡,691000221,167.506,33,230
0003,溪洛渡,691000221,171.495,34,230
0003,溪洛渡,691000221,175.466,35,230
0003,溪洛渡,691000221,179.391,36,230
0003,溪洛渡,691000221,183.459,37,230
0003,溪洛渡,691000221,187.516,38,230
0003,溪洛渡,691000221,191.534,39,230
0003,溪洛渡,691000221,195.514,40,230
0003,溪洛渡,691000221,199.564,41,230
0003,溪洛渡,691000221,203.876,42,230
0003,溪洛渡,691000221,208.166,43,230
0003,溪洛渡,691000221,212.412,44,230
0003,溪洛渡,691000221,216.677,45,230
0003,溪洛渡,691000221,221.054,46,230
0003,溪洛渡,691000221,225.413,47,230
0003,溪洛渡,691000221,229.755,48,230
0003,溪洛渡,691000221,234.079,49,230
0003,溪洛渡,691000221,238.386,50,230
0003,溪洛渡,691000221,242.732,51,230
0003,溪洛渡,691000221,247.045,52,230
0003,溪洛渡,691000221,251.333,53,230
0003,溪洛渡,691000221,255.652,54,230
0003,溪洛渡,691000221,259.982,55,230
0003,溪洛渡,691000221,268.631,57,230
0003,溪洛渡,691000221,272.91,58,230
0003,溪洛渡,691000221,277.175,59,230
0003,溪洛渡,691000221,285.713,61,230
0003,溪洛渡,691000221,289.927,62,230
0003,溪洛渡,691000221,294.117,63,230
0003,溪洛渡,691000221,298.388,64,230
0003,溪洛渡,691000221,306.896,66,230
0003,溪洛渡,691000221,315.783,68,230
0003,溪洛渡,691000221,390.314,84,230
0003,溪洛渡,691000221,395.389,85,230
0003,溪洛渡,691000221,400.476,86,230
0003,溪洛渡,691000221,410.683,88,230
0003,溪洛渡,691000221,415.875,89,230
0003,溪洛渡,691000221,421.104,90,230
0003,溪洛渡,691000221,426.29,91,230
0003,溪洛渡,691000221,431.453,92,230
0003,溪洛渡,691000221,33.671,0,233
0003,溪洛渡,691000221,37.682,1,233
0003,溪洛渡,691000221,169.961,34,233
0003,溪洛渡,691000221,177.779,36,233
0003,溪洛渡,691000221,185.68,38,233
0003,溪洛渡,691000221,189.656,39,233
0003,溪洛渡,691000221,193.597,40,233
0003,溪洛渡,691000221,197.5,41,233
0003,溪洛渡,691000221,201.607,42,233
0003,溪洛渡,691000221,205.848,43,233
0003,溪洛渡,691000221,210.065,44,233
0003,溪洛渡,691000221,218.568,46,233
0003,溪洛渡,691000221,222.876,47,233
0003,溪洛渡,691000221,227.168,48,233
0003,溪洛渡,691000221,231.443,49,233
0003,溪洛渡,691000221,235.701,50,233
0003,溪洛渡,691000221,244.232,52,233
0003,溪洛渡,691000221,248.5,53,233
0003,溪洛渡,691000221,257.069,55,233
0003,溪洛渡,691000221,261.359,56,233
0003,溪洛渡,691000221,265.636,57,233
0003,溪洛渡,691000221,269.884,58,233
0003,溪洛渡,691000221,274.096,59,233
0003,溪洛渡,691000221,278.295,60,233
0003,溪洛渡,691000221,282.473,61,233
0003,溪洛渡,691000221,286.627,62,233
0003,溪洛渡,691000221,290.766,63,233
0003,溪洛渡,691000221,299.102,65,233
0003,溪洛渡,691000221,307.487,67,233
0003,溪洛渡,691000221,311.717,68,233
0003,溪洛渡,691000221,316.301,69,233
0003,溪洛渡,691000221,389.708,85,233
0003,溪洛渡,691000221,394.723,86,233
0003,溪洛渡,691000221,399.75,87,233
0003,溪洛渡,691000221,409.836,89,233
0003,溪洛渡,691000221,414.905,90,233
0003,溪洛渡,691000221,420.008,91,233
0003,溪洛渡,691000221,425.124,92,233
0003,溪洛渡,691000221,33.481,0,236
0003,溪洛渡,691000221,37.451,1,236
0003,溪洛渡,691000221,172.373,35,236
0003,溪洛渡,691000221,176.222,36,236
0003,溪洛渡,691000221,180.041,37,236
0003,溪洛渡,691000221,183.924,38,236
0003,溪洛渡,691000221,187.862,39,236
0003,溪洛渡,691000221,191.757,40,236
0003,溪洛渡,691000221,195.601,41,236
0003,溪洛渡,691000221,199.409,42,236
0003,溪洛渡,691000221,203.59,43,236
0003,溪洛渡,691000221,207.785,44,236
0003,溪洛渡,691000221,211.99,45,236
0003,溪洛渡,691000221,216.176,46,236
0003,溪洛渡,691000221,220.408,47,236
0003,溪洛渡,691000221,224.651,48,236
0003,溪洛渡,691000221,228.878,49,236
0003,溪洛渡,691000221,233.087,50,236
0003,溪洛渡,691000221,237.279,51,236
0003,溪洛渡,691000221,241.482,52,236
0003,溪洛渡,691000221,245.727,53,236
0003,溪洛渡,691000221,249.941,54,236
0003,溪洛渡,691000221,258.398,56,236
0003,溪洛渡,691000221,262.636,57,236
0003,溪洛渡,691000221,271.095,59,236
0003,溪洛渡,691000221,275.239,60,236
0003,溪洛渡,691000221,279.369,61,236
0003,溪洛渡,691000221,283.486,62,236
0003,溪洛渡,691000221,287.589,63,236
0003,溪洛渡,691000221,291.679,64,236
0003,溪洛渡,691000221,295.756,65,236
0003,溪洛渡,691000221,299.885,66,236
0003,溪洛渡,691000221,308.123,68,236
0003,溪洛渡,691000221,312.28,69,236
0003,溪洛渡,691000221,316.806,70,236
0003,溪洛渡,691000221,394.114,87,236
0003,溪洛渡,691000221,399.082,88,236
0003,溪洛渡,691000221,404.062,89,236
0003,溪洛渡,691000221,409.059,90,236
0003,溪洛渡,691000221,414.07,91,236
0003,溪洛渡,691000221,419.112,92,236
0003,溪洛渡,691000221,33.29,0,239
0003,溪洛渡,691000221,37.222,1,239
0003,溪洛渡,691000221,174.731,36,239
0003,溪洛渡,691000221,178.513,37,239
0003,溪洛渡,691000221,182.25,38,239
0003,溪洛渡,691000221,186.106,39,239
0003,溪洛渡,691000221,189.949,40,239
0003,溪洛渡,691000221,193.836,41,239
0003,溪洛渡,691000221,197.96,42,239
0003,溪洛渡,691000221,202.059,43,239
0003,溪洛渡,691000221,206.133,44,239
0003,溪洛渡,691000221,210.183,45,239
0003,溪洛渡,691000221,214.209,46,239
0003,溪洛渡,691000221,222.367,48,239
0003,溪洛渡,691000221,226.482,49,239
0003,溪洛渡,691000221,230.578,50,239
0003,溪洛渡,691000221,238.813,52,239
0003,溪洛渡,691000221,242.969,53,239
0003,溪洛渡,691000221,247.158,54,239
0003,溪洛渡,691000221,251.333,55,239
0003,溪洛渡,691000221,259.699,57,239
0003,溪洛渡,691000221,263.883,58,239
0003,溪洛渡,691000221,268.055,59,239
0003,溪洛渡,691000221,272.191,60,239
0003,溪洛渡,691000221,276.297,61,239
0003,溪洛渡,691000221,280.391,62,239
0003,溪洛渡,691000221,284.471,63,239
0003,溪洛渡,691000221,288.526,64,239
0003,溪洛渡,691000221,292.569,65,239
0003,溪洛渡,691000221,296.598,66,239
0003,溪洛渡,691000221,300.662,67,239
0003,溪洛渡,691000221,308.784,69,239
0003,溪洛渡,691000221,317.298,71,239
0003,溪洛渡,691000221,393.576,88,239
0003,溪洛渡,691000221,398.479,89,239
0003,溪洛渡,691000221,403.392,90,239
0003,溪洛渡,691000221,408.316,91,239
0003,溪洛渡,691000221,413.25,92,239
0004,向家坝,591000121,505,36,80
0004,向家坝,591000121,515,37,80
0004,向家坝,591000121,526,38,80
0004,向家坝,591000121,571,42,80
0004,向家坝,591000121,582,43,80
0004,向家坝,591000121,594,44,80
0004,向家坝,591000121,619,46,80
0004,向家坝,591000121,630,47,80
0004,向家坝,591000121,642,48,80
0004,向家坝,591000121,677,51,80
0004,向家坝,591000121,687,52,80
0004,向家坝,591000121,698,53,80
0004,向家坝,591000121,721,55,80
0004,向家坝,591000121,734,56,80
0004,向家坝,591000121,749,57,80
0004,向家坝,591000121,763,58,80
0004,向家坝,591000121,778,59,80
0004,向家坝,591000121,794,60,80
0004,向家坝,591000121,811,61,80
0004,向家坝,591000121,827,62,80
0004,向家坝,591000121,848,63,80
0004,向家坝,591000121,871,64,80
0004,向家坝,591000121,895,65,80
0004,向家坝,591000121,921,66,80
0004,向家坝,591000121,500,37,83
0004,向家坝,591000121,510,38,83
0004,向家坝,591000121,521,39,83
0004,向家坝,591000121,531,40,83
0004,向家坝,591000121,542,41,83
0004,向家坝,591000121,585,45,83
0004,向家坝,591000121,597,46,83
0004,向家坝,591000121,620,48,83
0004,向家坝,591000121,632,49,83
0004,向家坝,591000121,643,50,83
0004,向家坝,591000121,666,52,83
0004,向家坝,591000121,677,53,83
0004,向家坝,591000121,687,54,83
0004,向家坝,591000121,696,55,83
0004,向家坝,591000121,707,56,83
0004,向家坝,591000121,731,58,83
0004,向家坝,591000121,743,59,83
0004,向家坝,591000121,756,60,83
0004,向家坝,591000121,771,61,83
0004,向家坝,591000121,787,62,83
0004,向家坝,591000121,834,65,83
0004,向家坝,591000121,852,66,83
0004,向家坝,591000121,872,67,83
0004,向家坝,591000121,896,68,83
0004,向家坝,591000121,946,70,83
0004,向家坝,591000121,484,37,86
0004,向家坝,591000121,494,38,86
0004,向家坝,591000121,515,40,86
0004,向家坝,591000121,536,42,86
0004,向家坝,591000121,547,43,86
0004,向家坝,591000121,557,44,86
0004,向家坝,591000121,568,45,86
0004,向家坝,591000121,589,47,86
0004,向家坝,591000121,600,48,86
0004,向家坝,591000121,676,55,86
0004,向家坝,591000121,717,59,86
0004,向家坝,591000121,729,60,86
0004,向家坝,591000121,766,63,86
0004,向家坝,591000121,780,64,86
0004,向家坝,591000121,796,65,86
0004,向家坝,591000121,811,66,86
0004,向家坝,591000121,857,69,86
0004,向家坝,591000121,876,70,86
0004,向家坝,591000121,897,71,86
0004,向家坝,591000121,920,72,86
0004,向家坝,591000121,969,74,86
0004,向家坝,591000121,479,38,89
0004,向家坝,591000121,488,39,89
0004,向家坝,591000121,498,40,89
0004,向家坝,591000121,519,42,89
0004,向家坝,591000121,540,44,89
0004,向家坝,591000121,551,45,89
0004,向家坝,591000121,572,47,89
0004,向家坝,591000121,583,48,89
0004,向家坝,591000121,593,49,89
0004,向家坝,591000121,614,51,89
0004,向家坝,591000121,624,52,89
0004,向家坝,591000121,635,53,89
0004,向家坝,591000121,645,54,89
0004,向家坝,591000121,656,55,89
0004,向家坝,591000121,666,56,89
0004,向家坝,591000121,705,60,89
0004,向家坝,591000121,716,61,89
0004,向家坝,591000121,739,63,89
0004,向家坝,591000121,788,67,89
0004,向家坝,591000121,803,68,89
0004,向家坝,591000121,880,73,89
0004,向家坝,591000121,898,74,89
0004,向家坝,591000121,920,75,89
0004,向家坝,591000121,966,77,89
0004,向家坝,591000121,475,39,92
0004,向家坝,591000121,484,40,92
0004,向家坝,591000121,503,42,92
0004,向家坝,591000121,544,46,92
0004,向家坝,591000121,554,47,92
0004,向家坝,591000121,565,48,92
0004,向家坝,591000121,575,49,92
0004,向家坝,591000121,586,50,92
0004,向家坝,591000121,596,51,92
0004,向家坝,591000121,637,55,92
0004,向家坝,591000121,647,56,92
0004,向家坝,591000121,676,59,92
0004,向家坝,591000121,686,60,92
0004,向家坝,591000121,695,61,92
0004,向家坝,591000121,705,62,92
0004,向家坝,591000121,726,64,92
0004,向家坝,591000121,749,66,92
0004,向家坝,591000121,760,67,92
0004,向家坝,591000121,772,68,92
0004,向家坝,591000121,810,71,92
0004,向家坝,591000121,825,72,92
0004,向家坝,591000121,869,75,92
0004,向家坝,591000121,885,76,92
0004,向家坝,591000121,902,77,92
0004,向家坝,591000121,921,78,92
0004,向家坝,591000121,942,79,92
0004,向家坝,591000121,964,80,92
0004,向家坝,591000121,472,40,95
0004,向家坝,591000121,481,41,95
0004,向家坝,591000121,489,42,95
0004,向家坝,591000121,498,43,95
0004,向家坝,591000121,508,44,95
0004,向家坝,591000121,517,45,95
0004,向家坝,591000121,527,46,95
0004,向家坝,591000121,578,51,95
0004,向家坝,591000121,588,52,95
0004,向家坝,591000121,667,60,95
0004,向家坝,591000121,686,62,95
0004,向家坝,591000121,695,63,95
0004,向家坝,591000121,715,65,95
0004,向家坝,591000121,725,66,95
0004,向家坝,591000121,746,68,95
0004,向家坝,591000121,758,69,95
0004,向家坝,591000121,769,70,95
0004,向家坝,591000121,792,72,95
0004,向家坝,591000121,803,73,95
0004,向家坝,591000121,817,74,95
0004,向家坝,591000121,832,75,95
0004,向家坝,591000121,846,76,95
0004,向家坝,591000121,875,78,95
0004,向家坝,591000121,889,79,95
0004,向家坝,591000121,906,80,95
0004,向家坝,591000121,922,81,95
0004,向家坝,591000121,942,82,95
0004,向家坝,591000121,963,83,95
0004,向家坝,591000121,460,40,98
0004,向家坝,591000121,469,41,98
0004,向家坝,591000121,477,42,98
0004,向家坝,591000121,486,43,98
0004,向家坝,591000121,541,49,98
0004,向家坝,591000121,550,50,98
0004,向家坝,591000121,560,51,98
0004,向家坝,591000121,619,57,98
0004,向家坝,591000121,629,58,98
0004,向家坝,591000121,658,61,98
0004,向家坝,591000121,668,62,98
0004,向家坝,591000121,677,63,98
0004,向家坝,591000121,694,65,98
0004,向家坝,591000121,704,66,98
0004,向家坝,591000121,755,71,98
0004,向家坝,591000121,800,75,98
0004,向家坝,591000121,811,76,98
0004,向家坝,591000121,823,77,98
0004,向家坝,591000121,838,78,98
0004,向家坝,591000121,852,79,98
0004,向家坝,591000121,910,83,98
0004,向家坝,591000121,925,84,98
0004,向家坝,591000121,943,85,98
0004,向家坝,591000121,963,86,98
0004,向家坝,591000121,457,41,101
0004,向家坝,591000121,466,42,101
0004,向家坝,591000121,474,43,101
0004,向家坝,591000121,483,44,101
0004,向家坝,591000121,491,45,101
0004,向家坝,591000121,500,46,101
0004,向家坝,591000121,555,52,101
0004,向家坝,591000121,564,53,101
0004,向家坝,591000121,583,55,101
0004,向家坝,591000121,592,56,101
0004,向家坝,591000121,602,57,101
0004,向家坝,591000121,611,58,101
0004,向家坝,591000121,621,59,101
0004,向家坝,591000121,630,60,101
0004,向家坝,591000121,649,62,101
0004,向家坝,591000121,658,63,101
0004,向家坝,591000121,704,68,101
0004,向家坝,591000121,713,69,101
0004,向家坝,591000121,723,70,101
0004,向家坝,591000121,742,72,101
0004,向家坝,591000121,753,73,101
0004,向家坝,591000121,763,74,101
0004,向家坝,591000121,774,75,101
0004,向家坝,591000121,843,81,101
0004,向家坝,591000121,858,82,101
0004,向家坝,591000121,871,83,101
0004,向家坝,591000121,885,84,101
0004,向家坝,591000121,914,86,101
0004,向家坝,591000121,928,87,101
0004,向家坝,591000121,945,88,101
0004,向家坝,591000121,982,90,101
0004,向家坝,591000121,455,42,104
0004,向家坝,591000121,463,43,104
0004,向家坝,591000121,480,45,104
0004,向家坝,591000121,488,46,104
0004,向家坝,591000121,497,47,104
0004,向家坝,591000121,514,49,104
0004,向家坝,591000121,523,50,104
0004,向家坝,591000121,713,71,104
0004,向家坝,591000121,722,72,104
0004,向家坝,591000121,741,74,104
0004,向家坝,591000121,750,75,104
0004,向家坝,591000121,761,76,104
0004,向家坝,591000121,771,77,104
0004,向家坝,591000121,782,78,104
0004,向家坝,591000121,792,79,104
0004,向家坝,591000121,803,80,104
0004,向家坝,591000121,824,82,104
0004,向家坝,591000121,835,83,104
0004,向家坝,591000121,848,84,104
0004,向家坝,591000121,862,85,104
0004,向家坝,591000121,947,91,104
0004,向家坝,591000121,963,92,104
0004,向家坝,591000121,462,44,107
0004,向家坝,591000121,469,45,107
0004,向家坝,591000121,478,46,107
0004,向家坝,591000121,486,47,107
0004,向家坝,591000121,503,49,107
0004,向家坝,591000121,511,50,107
0004,向家坝,591000121,520,51,107
0004,向家坝,591000121,537,53,107
0004,向家坝,591000121,546,54,107
0004,向家坝,591000121,572,57,107
0004,向家坝,591000121,581,58,107
0004,向家坝,591000121,589,59,107
0004,向家坝,591000121,598,60,107
0004,向家坝,591000121,615,62,107
0004,向家坝,591000121,624,63,107
0004,向家坝,591000121,632,64,107
0004,向家坝,591000121,641,65,107
0004,向家坝,591000121,658,67,107
0004,向家坝,591000121,667,68,107
0004,向家坝,591000121,684,70,107
0004,向家坝,591000121,694,71,107
0004,向家坝,591000121,703,72,107
0004,向家坝,591000121,758,78,107
0004,向家坝,591000121,769,79,107
0004,向家坝,591000121,779,80,107
0004,向家坝,591000121,810,83,107
0004,向家坝,591000121,820,84,107
0004,向家坝,591000121,841,86,107
0004,向家坝,591000121,853,87,107
0004,向家坝,591000121,867,88,107
0004,向家坝,591000121,880,89,107
0004,向家坝,591000121,894,90,107
0004,向家坝,591000121,921,92,107
0004,向家坝,591000121,935,93,107
0004,向家坝,591000121,964,95,107
0004,向家坝,591000121,461,45,110
0004,向家坝,591000121,469,46,110
0004,向家坝,591000121,476,47,110
0004,向家坝,591000121,484,48,110
0004,向家坝,591000121,509,51,110
0004,向家坝,591000121,517,52,110
0004,向家坝,591000121,534,54,110
0004,向家坝,591000121,542,55,110
0004,向家坝,591000121,551,56,110
0004,向家坝,591000121,559,57,110
0004,向家坝,591000121,568,58,110
0004,向家坝,591000121,576,59,110
0004,向家坝,591000121,585,60,110
0004,向家坝,591000121,593,61,110
0004,向家坝,591000121,610,63,110
0004,向家坝,591000121,618,64,110
0004,向家坝,591000121,651,68,110
0004,向家坝,591000121,659,69,110
0004,向家坝,591000121,684,72,110
0004,向家坝,591000121,776,82,110
0004,向家坝,591000121,786,83,110
0004,向家坝,591000121,858,90,110
0004,向家坝,591000121,871,91,110
0004,向家坝,591000121,898,93,110
0004,向家坝,591000121,911,94,110
0004,向家坝,591000121,925,95,110
0004,向家坝,591000121,938,96,110
0004,向家坝,591000121,468,47,113
0004,向家坝,591000121,476,48,113
0004,向家坝,591000121,491,50,113
0004,向家坝,591000121,499,51,113
0004,向家坝,591000121,548,57,113
0004,向家坝,591000121,556,58,113
0004,向家坝,591000121,589,62,113
0004,向家坝,591000121,597,63,113
0004,向家坝,591000121,644,69,113
0004,向家坝,591000121,652,70,113
0004,向家坝,591000121,685,74,113
0004,向家坝,591000121,693,75,113
0004,向家坝,591000121,702,76,113
0004,向家坝,591000121,812,88,113
0004,向家坝,591000121,822,89,113
0004,向家坝,591000121,863,93,113
0004,向家坝,591000121,875,94,113
0004,向家坝,591000121,888,95,113
0004,向家坝,591000121,928,98,113
0004,向家坝,591000121,941,99,113
0004,向家坝,591000121,471,48,115
0004,向家坝,591000121,478,49,115
0004,向家坝,591000121,486,50,115
0004,向家坝,591000121,493,51,115
0004,向家坝,591000121,501,52,115
0004,向家坝,591000121,524,55,115
0004,向家坝,591000121,532,56,115
0004,向家坝,591000121,589,63,115
0004,向家坝,591000121,613,66,115
0004,向家坝,591000121,620,67,115
0004,向家坝,591000121,628,68,115
0004,向家坝,591000121,651,71,115
0004,向家坝,591000121,659,72,115
0004,向家坝,591000121,666,73,115
0004,向家坝,591000121,674,74,115
0004,向家坝,591000121,691,76,115
0004,向家坝,591000121,845,93,115
0004,向家坝,591000121,866,95,115
0004,向家坝,591000121,877,96,115
0004,向家坝,591000121,890,97,115
0004,向家坝,591000221,150,2,65
0004,向家坝,591000221,190,5,65
0004,向家坝,591000221,216,7,65
0004,向家坝,591000221,424,22,65
0004,向家坝,591000221,442,23,65
0004,向家坝,591000221,515,27,65
0004,向家坝,591000221,527,28,65
0004,向家坝,591000221,540,29,65
0004,向家坝,591000221,554,30,65
0004,向家坝,591000221,570,31,65
0004,向家坝,591000221,589,32,65
0004,向家坝,591000221,614,33,65
0004,向家坝,591000221,145,2,68
0004,向家坝,591000221,159,3,68
0004,向家坝,591000221,172,4,68
0004,向家坝,591000221,183,5,68
0004,向家坝,591000221,196,6,68
0004,向家坝,591000221,206,7,68
0004,向家坝,591000221,223,8,68
0004,向家坝,591000221,256,10,68
0004,向家坝,591000221,271,11,68
0004,向家坝,591000221,285,12,68
0004,向家坝,591000221,297,13,68
0004,向家坝,591000221,310,14,68
0004,向家坝,591000221,337,16,68
0004,向家坝,591000221,352,17,68
0004,向家坝,591000221,364,18,68
0004,向家坝,591000221,374,19,68
0004,向家坝,591000221,416,23,68
0004,向家坝,591000221,443,25,68
0004,向家坝,591000221,459,26,68
0004,向家坝,591000221,485,27,68
0004,向家坝,591000221,504,28,68
0004,向家坝,591000221,516,29,68
0004,向家坝,591000221,527,30,68
0004,向家坝,591000221,551,32,68
0004,向家坝,591000221,580,34,68
0004,向家坝,591000221,597,35,68
0004,向家坝,591000221,616,36,68
0004,向家坝,591000221,637,37,68
0004,向家坝,591000221,676,38,68
0004,向家坝,591000221,706,39,68
0004,向家坝,591000221,735,40,68
0004,向家坝,591000221,140,2,71
0004,向家坝,591000221,154,3,71
0004,向家坝,591000221,166,4,71
0004,向家坝,591000221,176,5,71
0004,向家坝,591000221,189,6,71
0004,向家坝,591000221,199,7,71
0004,向家坝,591000221,213,8,71
0004,向家坝,591000221,226,9,71
0004,向家坝,591000221,254,11,71
0004,向家坝,591000221,283,13,71
0004,向家坝,591000221,295,14,71
0004,向家坝,591000221,306,15,71
0004,向家坝,591000221,318,16,71
0004,向家坝,591000221,343,18,71
0004,向家坝,591000221,380,21,71
0004,向家坝,591000221,390,22,71
0004,向家坝,591000221,401,23,71
0004,向家坝,591000221,411,24,71
0004,向家坝,591000221,422,25,71
0004,向家坝,591000221,432,26,71
0004,向家坝,591000221,446,27,71
0004,向家坝,591000221,475,29,71
0004,向家坝,591000221,495,30,71
0004,向家坝,591000221,514,31,71
0004,向家坝,591000221,528,32,71
0004,向家坝,591000221,539,33,71
0004,向家坝,591000221,551,34,71
0004,向家坝,591000221,562,35,71
0004,向家坝,591000221,575,36,71
0004,向家坝,591000221,603,38,71
0004,向家坝,591000221,620,39,71
0004,向家坝,591000221,641,40,71
0004,向家坝,591000221,665,41,71
0004,向家坝,591000221,693,42,71
0004,向家坝,591000221,724,43,71
0004,向家坝,591000221,135,2,74
0004,向家坝,591000221,149,3,74
0004,向家坝,591000221,161,4,74
0004,向家坝,591000221,170,5,74
0004,向家坝,591000221,183,6,74
0004,向家坝,591000221,194,7,74
0004,向家坝,591000221,206,8,74
0004,向家坝,591000221,228,10,74
0004,向家坝,591000221,242,11,74
0004,向家坝,591000221,269,13,74
0004,向家坝,591000221,281,14,74
0004,向家坝,591000221,316,17,74
0004,向家坝,591000221,326,18,74
0004,向家坝,591000221,338,19,74
0004,向家坝,591000221,397,24,74
0004,向家坝,591000221,407,25,74
0004,向家坝,591000221,428,27,74
0004,向家坝,591000221,440,28,74
0004,向家坝,591000221,451,29,74
0004,向家坝,591000221,464,30,74
0004,向家坝,591000221,491,32,74
0004,向家坝,591000221,507,33,74
0004,向家坝,591000221,525,34,74
0004,向家坝,591000221,539,35,74
0004,向家坝,591000221,550,36,74
0004,向家坝,591000221,584,39,74
0004,向家坝,591000221,597,40,74
0004,向家坝,591000221,611,41,74
0004,向家坝,591000221,626,42,74
0004,向家坝,591000221,643,43,74
0004,向家坝,591000221,661,44,74
0004,向家坝,591000221,681,45,74
0004,向家坝,591000221,709,46,74
0004,向家坝,591000221,738,47,74
0004,向家坝,591000221,765,48,74
0004,向家坝,591000221,156,4,77
0004,向家坝,591000221,165,5,77
0004,向家坝,591000221,178,6,77
0004,向家坝,591000221,188,7,77
0004,向家坝,591000221,200,8,77
0004,向家坝,591000221,211,9,77
0004,向家坝,591000221,234,11,77
0004,向家坝,591000221,259,13,77
0004,向家坝,591000221,270,14,77
0004,向家坝,591000221,282,15,77
0004,向家坝,591000221,293,16,77
0004,向家坝,591000221,314,18,77
0004,向家坝,591000221,325,19,77
0004,向家坝,591000221,357,22,77
0004,向家坝,591000221,369,23,77
0004,向家坝,591000221,380,24,77
0004,向家坝,591000221,401,26,77
0004,向家坝,591000221,412,27,77
0004,向家坝,591000221,491,34,77
0004,向家坝,591000221,505,35,77
0004,向家坝,591000221,534,37,77
0004,向家坝,591000221,548,38,77
0004,向家坝,591000221,560,39,77
0004,向家坝,591000221,583,41,77
0004,向家坝,591000221,606,43,77
0004,向家坝,591000221,620,44,77
0004,向家坝,591000221,633,45,77
0004,向家坝,591000221,648,46,77
0004,向家坝,591000221,665,47,77
0004,向家坝,591000221,683,48,77
0004,向家坝,591000221,702,49,77
0004,向家坝,591000221,723,50,77
0004,向家坝,591000221,748,51,77
0004,向家坝,591000221,778,52,77
0004,向家坝,591000221,160,5,80
0004,向家坝,591000221,172,6,80
0004,向家坝,591000221,183,7,80
0004,向家坝,591000221,206,9,80
0004,向家坝,591000221,216,10,80
0004,向家坝,591000221,227,11,80
0004,向家坝,591000221,239,12,80
0004,向家坝,591000221,250,13,80
0004,向家坝,591000221,271,15,80
0004,向家坝,591000221,282,16,80
0004,向家坝,591000221,303,18,80
0004,向家坝,591000221,314,19,80
0004,向家坝,591000221,335,21,80
0004,向家坝,591000221,366,24,80
0004,向家坝,591000221,376,25,80
0004,向家坝,591000221,407,28,80
0004,向家坝,591000221,428,30,80
0004,向家坝,591000221,439,31,80
0004,向家坝,591000221,449,32,80
0004,向家坝,591000221,471,34,80
0004,向家坝,591000221,494,36,80
0004,向家坝,591000221,507,37,80
0004,向家坝,591000221,519,38,80
0004,向家坝,591000221,532,39,80
0004,向家坝,591000221,570,42,80
0004,向家坝,591000221,581,43,80
0004,向家坝,591000221,604,45,80
0004,向家坝,591000221,642,48,80
0004,向家坝,591000221,671,50,80
0004,向家坝,591000221,687,51,80
0004,向家坝,591000221,704,52,80
0004,向家坝,591000221,740,54,80
0004,向家坝,591000221,762,55,80
0004,向家坝,591000221,167,6,83
0004,向家坝,591000221,177,7,83
0004,向家坝,591000221,188,8,83
0004,向家坝,591000221,209,10,83
0004,向家坝,591000221,231,12,83
0004,向家坝,591000221,253,14,83
0004,向家坝,591000221,284,17,83
0004,向家坝,591000221,294,18,83
0004,向家坝,591000221,373,26,83
0004,向家坝,591000221,383,27,83
0004,向家坝,591000221,454,34,83
0004,向家坝,591000221,486,37,83
0004,向家坝,591000221,498,38,83
0004,向家坝,591000221,521,40,83
0004,向家坝,591000221,533,41,83
0004,向家坝,591000221,568,44,83
0004,向家坝,591000221,580,45,83
0004,向家坝,591000221,591,46,83
0004,向家坝,591000221,614,48,83
0004,向家坝,591000221,625,49,83
0004,向家坝,591000221,637,50,83
0004,向家坝,591000221,650,51,83
0004,向家坝,591000221,664,52,83
0004,向家坝,591000221,693,54,83
0004,向家坝,591000221,724,56,83
0004,向家坝,591000221,758,58,83
0004,向家坝,591000221,798,60,83
0004,向家坝,591000221,182,8,86
0004,向家坝,591000221,193,9,86
0004,向家坝,591000221,203,10,86
0004,向家坝,591000221,224,12,86
0004,向家坝,591000221,245,14,86
0004,向家坝,591000221,264,16,86
0004,向家坝,591000221,275,17,86
0004,向家坝,591000221,285,18,86
0004,向家坝,591000221,294,19,86
0004,向家坝,591000221,304,20,86
0004,向家坝,591000221,323,22,86
0004,向家坝,591000221,333,23,86
0004,向家坝,591000221,372,27,86
0004,向家坝,591000221,382,28,86
0004,向家坝,591000221,401,30,86
0004,向家坝,591000221,420,32,86
0004,向家坝,591000221,429,33,86
0004,向家坝,591000221,439,34,86
0004,向家坝,591000221,470,37,86
0004,向家坝,591000221,491,39,86
0004,向家坝,591000221,502,40,86
0004,向家坝,591000221,514,41,86
0004,向家坝,591000221,525,42,86
0004,向家坝,591000221,647,53,86
0004,向家坝,591000221,672,55,86
0004,向家坝,591000221,699,57,86
0004,向家坝,591000221,728,59,86
0004,向家坝,591000221,757,61,86
0004,向家坝,591000221,775,62,86
0004,向家坝,591000221,792,63,86
0004,向家坝,591000221,811,64,86
0004,向家坝,591000221,836,65,86
0004,向家坝,591000221,177,8,89
0004,向家坝,591000221,188,9,89
0004,向家坝,591000221,197,10,89
0004,向家坝,591000221,217,12,89
0004,向家坝,591000221,238,14,89
0004,向家坝,591000221,247,15,89
0004,向家坝,591000221,266,17,89
0004,向家坝,591000221,295,20,89
0004,向家坝,591000221,305,21,89
0004,向家坝,591000221,314,22,89
0004,向家坝,591000221,333,24,89
0004,向家坝,591000221,352,26,89
0004,向家坝,591000221,371,28,89
0004,向家坝,591000221,380,29,89
0004,向家坝,591000221,390,30,89
0004,向家坝,591000221,399,31,89
0004,向家坝,591000221,445,36,89
0004,向家坝,591000221,496,41,89
0004,向家坝,591000221,528,44,89
0004,向家坝,591000221,539,45,89
0004,向家坝,591000221,582,49,89
0004,向家坝,591000221,593,50,89
0004,向家坝,591000221,603,51,89
0004,向家坝,591000221,614,52,89
0004,向家坝,591000221,670,57,89
0004,向家坝,591000221,707,60,89
0004,向家坝,591000221,747,63,89
0004,向家坝,591000221,776,65,89
0004,向家坝,591000221,792,66,89
0004,向家坝,591000221,826,68,89
0004,向家坝,591000221,846,69,89
0004,向家坝,591000221,871,70,89
0004,向家坝,591000221,172,8,92
0004,向家坝,591000221,182,9,92
0004,向家坝,591000221,200,11,92
0004,向家坝,591000221,211,12,92
0004,向家坝,591000221,231,14,92
0004,向家坝,591000221,259,17,92
0004,向家坝,591000221,268,18,92
0004,向家坝,591000221,287,20,92
0004,向家坝,591000221,296,21,92
0004,向家坝,591000221,324,24,92
0004,向家坝,591000221,333,25,92
0004,向家坝,591000221,370,29,92
0004,向家坝,591000221,379,30,92
0004,向家坝,591000221,398,32,92
0004,向家坝,591000221,406,33,92
0004,向家坝,591000221,415,34,92
0004,向家坝,591000221,461,39,92
0004,向家坝,591000221,502,43,92
0004,向家坝,591000221,512,44,92
0004,向家坝,591000221,533,46,92
0004,向家坝,591000221,554,48,92
0004,向家坝,591000221,565,49,92
0004,向家坝,591000221,575,50,92
0004,向家坝,591000221,616,54,92
0004,向家坝,591000221,626,55,92
0004,向家坝,591000221,647,57,92
0004,向家坝,591000221,692,61,92
0004,向家坝,591000221,741,65,92
0004,向家坝,591000221,781,68,92
0004,向家坝,591000221,810,70,92
0004,向家坝,591000221,826,71,92
0004,向家坝,591000221,843,72,92
0004,向家坝,591000221,862,73,92
0004,向家坝,591000221,882,74,92
0004,向家坝,591000221,904,75,92
0004,向家坝,591000221,177,9,95
0004,向家坝,591000221,187,10,95
0004,向家坝,591000221,195,11,95
0004,向家坝,591000221,205,12,95
0004,向家坝,591000221,216,13,95
0004,向家坝,591000221,225,14,95
0004,向家坝,591000221,242,16,95
0004,向家坝,591000221,252,17,95
0004,向家坝,591000221,261,18,95
0004,向家坝,591000221,289,21,95
0004,向家坝,591000221,298,22,95
0004,向家坝,591000221,306,23,95
0004,向家坝,591000221,315,24,95
0004,向家坝,591000221,334,26,95
0004,向家坝,591000221,342,27,95
0004,向家坝,591000221,351,28,95
0004,向家坝,591000221,413,35,95
0004,向家坝,591000221,422,36,95
0004,向家坝,591000221,448,39,95
0004,向家坝,591000221,458,40,95
0004,向家坝,591000221,467,41,95
0004,向家坝,591000221,477,42,95
0004,向家坝,591000221,538,48,95
0004,向家坝,591000221,548,49,95
0004,向家坝,591000221,579,52,95
0004,向家坝,591000221,588,53,95
0004,向家坝,591000221,598,54,95
0004,向家坝,591000221,637,58,95
0004,向家坝,591000221,648,59,95
0004,向家坝,591000221,658,60,95
0004,向家坝,591000221,669,61,95
0004,向家坝,591000221,703,64,95
0004,向家坝,591000221,714,65,95
0004,向家坝,591000221,726,66,95
0004,向家坝,591000221,737,67,95
0004,向家坝,591000221,750,68,95
0004,向家坝,591000221,762,69,95
0004,向家坝,591000221,787,71,95
0004,向家坝,591000221,801,72,95
0004,向家坝,591000221,844,75,95
0004,向家坝,591000221,861,76,95
0004,向家坝,591000221,898,78,95
0004,向家坝,591000221,200,12,98
0004,向家坝,591000221,210,13,98
0004,向家坝,591000221,219,14,98
0004,向家坝,591000221,236,16,98
0004,向家坝,591000221,245,17,98
0004,向家坝,591000221,255,18,98
0004,向家坝,591000221,263,19,98
0004,向家坝,591000221,272,20,98
0004,向家坝,591000221,307,24,98
0004,向家坝,591000221,317,25,98
0004,向家坝,591000221,326,26,98
0004,向家坝,591000221,334,27,98
0004,向家坝,591000221,343,28,98
0004,向家坝,591000221,351,29,98
0004,向家坝,591000221,360,30,98
0004,向家坝,591000221,386,33,98
0004,向家坝,591000221,395,34,98
0004,向家坝,591000221,403,35,98
0004,向家坝,591000221,412,36,98
0004,向家坝,591000221,420,37,98
0004,向家坝,591000221,429,38,98
0004,向家坝,591000221,446,40,98
0004,向家坝,591000221,455,41,98
0004,向家坝,591000221,483,44,98
0004,向家坝,591000221,492,45,98
0004,向家坝,591000221,502,46,98
0004,向家坝,591000221,561,52,98
0004,向家坝,591000221,571,53,98
0004,向家坝,591000221,590,55,98
0004,向家坝,591000221,600,56,98
0004,向家坝,591000221,619,58,98
0004,向家坝,591000221,629,59,98
0004,向家坝,591000221,680,64,98
0004,向家坝,591000221,747,70,98
0004,向家坝,591000221,758,71,98
0004,向家坝,591000221,770,72,98
0004,向家坝,591000221,807,75,98
0004,向家坝,591000221,821,76,98
0004,向家坝,591000221,834,77,98
0004,向家坝,591000221,848,78,98
0004,向家坝,591000221,863,79,98
0004,向家坝,591000221,879,80,98
0004,向家坝,591000221,896,81,98
0004,向家坝,591000221,914,82,98
0004,向家坝,591000221,934,83,98
0004,向家坝,591000221,195,12,101
0004,向家坝,591000221,205,13,101
0004,向家坝,591000221,214,14,101
0004,向家坝,591000221,231,16,101
0004,向家坝,591000221,248,18,101
0004,向家坝,591000221,265,20,101
0004,向家坝,591000221,274,21,101
0004,向家坝,591000221,300,24,101
0004,向家坝,591000221,309,25,101
0004,向家坝,591000221,317,26,101
0004,向家坝,591000221,326,27,101
0004,向家坝,591000221,343,29,101
0004,向家坝,591000221,360,31,101
0004,向家坝,591000221,377,33,101
0004,向家坝,591000221,386,34,101
0004,向家坝,591000221,394,35,101
0004,向家坝,591000221,427,39,101
0004,向家坝,591000221,444,41,101
0004,向家坝,591000221,453,42,101
0004,向家坝,591000221,470,44,101
0004,向家坝,591000221,479,45,101
0004,向家坝,591000221,489,46,101
0004,向家坝,591000221,498,47,101
0004,向家坝,591000221,517,49,101
0004,向家坝,591000221,526,50,101
0004,向家坝,591000221,536,51,101
0004,向家坝,591000221,555,53,101
0004,向家坝,591000221,565,54,101
0004,向家坝,591000221,574,55,101
0004,向家坝,591000221,593,57,101
0004,向家坝,591000221,602,58,101
0004,向家坝,591000221,621,60,101
0004,向家坝,591000221,630,61,101
0004,向家坝,591000221,640,62,101
0004,向家坝,591000221,659,64,101
0004,向家坝,591000221,669,65,101
0004,向家坝,591000221,680,66,101
0004,向家坝,591000221,690,67,101
0004,向家坝,591000221,701,68,101
0004,向家坝,591000221,733,71,101
0004,向家坝,591000221,745,72,101
0004,向家坝,591000221,756,73,101
0004,向家坝,591000221,790,76,101
0004,向家坝,591000221,827,79,101
0004,向家坝,591000221,854,81,101
0004,向家坝,591000221,867,82,101
0004,向家坝,591000221,882,83,101
0004,向家坝,591000221,914,85,101
0004,向家坝,591000221,932,86,101
0004,向家坝,591000221,970,88,101
0004,向家坝,591000221,191,12,104
0004,向家坝,591000221,200,13,104
0004,向家坝,591000221,226,16,104
0004,向家坝,591000221,243,18,104
0004,向家坝,591000221,251,19,104
0004,向家坝,591000221,268,21,104
0004,向家坝,591000221,285,23,104
0004,向家坝,591000221,310,26,104
0004,向家坝,591000221,318,27,104
0004,向家坝,591000221,327,28,104
0004,向家坝,591000221,335,29,104
0004,向家坝,591000221,360,32,104
0004,向家坝,591000221,368,33,104
0004,向家坝,591000221,425,40,104
0004,向家坝,591000221,433,41,104
0004,向家坝,591000221,450,43,104
0004,向家坝,591000221,476,46,104
0004,向家坝,591000221,485,47,104
0004,向家坝,591000221,522,51,104
0004,向家坝,591000221,531,52,104
0004,向家坝,591000221,568,56,104
0004,向家坝,591000221,577,57,104
0004,向家坝,591000221,623,62,104
0004,向家坝,591000221,632,63,104
0004,向家坝,591000221,642,64,104
0004,向家坝,591000221,651,65,104
0004,向家坝,591000221,661,66,104
0004,向家坝,591000221,670,67,104
0004,向家坝,591000221,680,68,104
0004,向家坝,591000221,701,70,104
0004,向家坝,591000221,711,71,104
0004,向家坝,591000221,722,72,104
0004,向家坝,591000221,732,73,104
0004,向家坝,591000221,743,74,104
0004,向家坝,591000221,753,75,104
0004,向家坝,591000221,764,76,104
0004,向家坝,591000221,809,80,104
0004,向家坝,591000221,846,83,104
0004,向家坝,591000221,886,86,104
0004,向家坝,591000221,901,87,104
0004,向家坝,591000221,932,89,104
0004,向家坝,591000221,949,90,104
0004,向家坝,591000221,967,91,104
0004,向家坝,591000221,986,92,104
0004,向家坝,591000221,186,12,107
0004,向家坝,591000221,196,13,107
0004,向家坝,591000221,205,14,107
0004,向家坝,591000221,213,15,107
0004,向家坝,591000221,246,19,107
0004,向家坝,591000221,254,20,107
0004,向家坝,591000221,271,22,107
0004,向家坝,591000221,279,23,107
0004,向家坝,591000221,320,28,107
0004,向家坝,591000221,328,29,107
0004,向家坝,591000221,335,30,107
0004,向家坝,591000221,343,31,107
0004,向家坝,591000221,368,34,107
0004,向家坝,591000221,376,35,107
0004,向家坝,591000221,383,36,107
0004,向家坝,591000221,391,37,107
0004,向家坝,591000221,456,45,107
0004,向家坝,591000221,464,46,107
0004,向家坝,591000221,473,47,107
0004,向家坝,591000221,535,54,107
0004,向家坝,591000221,544,55,107
0004,向家坝,591000221,606,62,107
0004,向家坝,591000221,615,63,107
0004,向家坝,591000221,634,65,107
0004,向家坝,591000221,643,66,107
0004,向家坝,591000221,662,68,107
0004,向家坝,591000221,671,69,107
0004,向家坝,591000221,690,71,107
0004,向家坝,591000221,721,74,107
0004,向家坝,591000221,731,75,107
0004,向家坝,591000221,772,79,107
0004,向家坝,591000221,828,84,107
0004,向家坝,591000221,839,85,107
0004,向家坝,591000221,852,86,107
0004,向家坝,591000221,864,87,107
0004,向家坝,591000221,877,88,107
0004,向家坝,591000221,891,89,107
0004,向家坝,591000221,904,90,107
0004,向家坝,591000221,919,91,107
0004,向家坝,591000221,967,94,107
0004,向家坝,591000221,984,95,107
0004,向家坝,591000221,233,18,110
0004,向家坝,591000221,241,19,110
0004,向家坝,591000221,328,30,110
0004,向家坝,591000221,336,31,110
0004,向家坝,591000221,343,32,110
0004,向家坝,591000221,352,33,110
0004,向家坝,591000221,360,34,110
0004,向家坝,591000221,375,36,110
0004,向家坝,591000221,383,37,110
0004,向家坝,591000221,398,39,110
0004,向家坝,591000221,406,40,110
0004,向家坝,591000221,421,42,110
0004,向家坝,591000221,429,43,110
0004,向家坝,591000221,462,47,110
0004,向家坝,591000221,470,48,110
0004,向家坝,591000221,479,49,110
0004,向家坝,591000221,496,51,110
0004,向家坝,591000221,505,52,110
0004,向家坝,591000221,522,54,110
0004,向家坝,591000221,531,55,110
0004,向家坝,591000221,557,58,110
0004,向家坝,591000221,566,59,110
0004,向家坝,591000221,583,61,110
0004,向家坝,591000221,592,62,110
0004,向家坝,591000221,600,63,110
0004,向家坝,591000221,609,64,110
0004,向家坝,591000221,626,66,110
0004,向家坝,591000221,635,67,110
0004,向家坝,591000221,681,72,110
0004,向家坝,591000221,690,73,110
0004,向家坝,591000221,700,74,110
0004,向家坝,591000221,719,76,110
0004,向家坝,591000221,729,77,110
0004,向家坝,591000221,790,83,110
0004,向家坝,591000221,822,86,110
0004,向家坝,591000221,834,87,110
0004,向家坝,591000221,895,92,110
0004,向家坝,591000221,922,94,110
0004,向家坝,591000221,951,96,110
0004,向家坝,591000221,967,97,110
0004,向家坝,591000221,1000,99,110
0004,向家坝,591000221,228,18,113
0004,向家坝,591000221,237,19,113
0004,向家坝,591000221,245,20,113
0004,向家坝,591000221,252,21,113
0004,向家坝,591000221,260,22,113
0004,向家坝,591000221,283,25,113
0004,向家坝,591000221,291,26,113
0004,向家坝,591000221,314,29,113
0004,向家坝,591000221,322,30,113
0004,向家坝,591000221,337,32,113
0004,向家坝,591000221,352,34,113
0004,向家坝,591000221,375,37,113
0004,向家坝,591000221,383,38,113
0004,向家坝,591000221,390,39,113
0004,向家坝,591000221,405,41,113
0004,向家坝,591000221,412,42,113
0004,向家坝,591000221,420,43,113
0004,向家坝,591000221,435,45,113
0004,向家坝,591000221,443,46,113
0004,向家坝,591000221,468,49,113
0004,向家坝,591000221,476,50,113
0004,向家坝,591000221,493,52,113
0004,向家坝,591000221,501,53,113
0004,向家坝,591000221,510,54,113
0004,向家坝,591000221,518,55,113
0004,向家坝,591000221,527,56,113
0004,向家坝,591000221,535,57,113
0004,向家坝,591000221,544,58,113
0004,向家坝,591000221,552,59,113
0004,向家坝,591000221,569,61,113
0004,向家坝,591000221,577,62,113
0004,向家坝,591000221,586,63,113
0004,向家坝,591000221,594,64,113
0004,向家坝,591000221,603,65,113
0004,向家坝,591000221,611,66,113
0004,向家坝,591000221,628,68,113
0004,向家坝,591000221,645,70,113
0004,向家坝,591000221,654,71,113
0004,向家坝,591000221,700,76,113
0004,向家坝,591000221,709,77,113
0004,向家坝,591000221,719,78,113
0004,向家坝,591000221,728,79,113
0004,向家坝,591000221,738,80,113
0004,向家坝,591000221,747,81,113
0004,向家坝,591000221,757,82,113
0004,向家坝,591000221,808,87,113
0004,向家坝,591000221,818,88,113
0004,向家坝,591000221,829,89,113
0004,向家坝,591000221,863,92,113
0004,向家坝,591000221,874,93,113
0004,向家坝,591000221,886,94,113
0004,向家坝,591000221,912,96,113
0004,向家坝,591000221,925,97,113
0004,向家坝,591000221,939,98,113
0004,向家坝,591000221,968,100,113
0004,向家坝,591000221,233,19,116
0004,向家坝,591000221,241,20,116
0004,向家坝,591000221,248,21,116
0004,向家坝,591000221,256,22,116
0004,向家坝,591000221,263,23,116
0004,向家坝,591000221,271,24,116
0004,向家坝,591000221,286,26,116
0004,向家坝,591000221,294,27,116
0004,向家坝,591000221,301,28,116
0004,向家坝,591000221,309,29,116
0004,向家坝,591000221,324,31,116
0004,向家坝,591000221,332,32,116
0004,向家坝,591000221,339,33,116
0004,向家坝,591000221,354,35,116
0004,向家坝,591000221,361,36,116
0004,向家坝,591000221,369,37,116
0004,向家坝,591000221,376,38,116
0004,向家坝,591000221,391,40,116
0004,向家坝,591000221,398,41,116
0004,向家坝,591000221,420,44,116
0004,向家坝,591000221,435,46,116
0004,向家坝,591000221,450,48,116
0004,向家坝,591000221,515,56,116
0004,向家坝,591000221,523,57,116
0004,向家坝,591000221,540,59,116
0004,向家坝,591000221,548,60,116
0004,向家坝,591000221,589,65,116
0004,向家坝,591000221,597,66,116
0004,向家坝,591000221,622,69,116
0004,向家坝,591000221,630,70,116
0004,向家坝,591000221,647,72,116
0004,向家坝,591000221,655,73,116
0004,向家坝,591000221,664,74,116
0004,向家坝,591000221,699,78,116
0004,向家坝,591000221,708,79,116
0004,向家坝,591000221,718,80,116
0004,向家坝,591000221,727,81,116
0004,向家坝,591000221,746,83,116
0004,向家坝,591000221,755,84,116
0004,向家坝,591000221,765,85,116
0004,向家坝,591000221,784,87,116
0004,向家坝,591000221,794,88,116
0004,向家坝,591000221,805,89,116
0004,向家坝,591000221,815,90,116
0004,向家坝,591000221,846,93,116
0004,向家坝,591000221,880,96,116
0004,向家坝,591000221,891,97,116
0004,向家坝,591000221,903,98,116
0004,向家坝,591000221,928,100,116
0004,向家坝,591000221,229,19,119
0004,向家坝,591000221,237,20,119
0004,向家坝,591000221,252,22,119
0004,向家坝,591000221,267,24,119
0004,向家坝,591000221,282,26,119
0004,向家坝,591000221,290,27,119
0004,向家坝,591000221,297,28,119
0004,向家坝,591000221,312,30,119
0004,向家坝,591000221,319,31,119
0004,向家坝,591000221,327,32,119
0004,向家坝,591000221,334,33,119
0004,向家坝,591000221,363,37,119
0004,向家坝,591000221,370,38,119
0004,向家坝,591000221,385,40,119
0004,向家坝,591000221,392,41,119
0004,向家坝,591000221,428,46,119
0004,向家坝,591000221,435,47,119
0004,向家坝,591000221,450,49,119
0004,向家坝,591000221,457,50,119
0004,向家坝,591000221,465,51,119
0004,向家坝,591000221,472,52,119
0004,向家坝,591000221,480,53,119
0004,向家坝,591000221,657,75,119
0004,向家坝,591000221,665,76,119
0004,向家坝,591000221,674,77,119
0004,向家坝,591000221,682,78,119
0004,向家坝,591000221,691,79,119
0004,向家坝,591000221,699,80,119
0004,向家坝,591000221,708,81,119
0004,向家坝,591000221,754,86,119
0004,向家坝,591000221,763,87,119
0004,向家坝,591000221,782,89,119
0004,向家坝,591000221,843,95,119
0004,向家坝,591000221,853,96,119
0004,向家坝,591000221,864,97,119
0004,向家坝,591000221,874,98,119
0004,向家坝,591000221,885,99,119
0004,向家坝,591000221,233,20,122
0004,向家坝,591000221,241,21,122
0004,向家坝,591000221,256,23,122
0004,向家坝,591000221,271,25,122
0004,向家坝,591000221,278,26,122
0004,向家坝,591000221,286,27,122
0004,向家坝,591000221,293,28,122
0004,向家坝,591000221,322,32,122
0004,向家坝,591000221,329,33,122
0004,向家坝,591000221,365,38,122
0004,向家坝,591000221,372,39,122
0004,向家坝,591000221,443,49,122
0004,向家坝,591000221,450,50,122
0004,向家坝,591000221,472,53,122
0004,向家坝,591000221,479,54,122
0004,向家坝,591000221,494,56,122
0004,向家坝,591000221,525,60,122
0004,向家坝,591000221,533,61,122
0004,向家坝,591000221,580,67,122
0004,向家坝,591000221,588,68,122
0004,向家坝,591000221,595,69,122
0004,向家坝,591000221,603,70,122
0004,向家坝,591000221,618,72,122
0004,向家坝,591000221,626,73,122
0004,向家坝,591000221,667,78,122
0004,向家坝,591000221,675,79,122
0004,向家坝,591000221,692,81,122
0004,向家坝,591000221,700,82,122
0004,向家坝,591000221,709,83,122
0004,向家坝,591000221,717,84,122
0004,向家坝,591000221,726,85,122
0004,向家坝,591000221,734,86,122
0004,向家坝,591000221,743,87,122
0004,向家坝,591000221,780,91,122
0004,向家坝,591000221,789,92,122
0004,向家坝,591000221,799,93,122
0004,向家坝,591000221,840,97,122
0004,向家坝,591000221,850,98,122
0004,向家坝,591000221,229,20,125
0004,向家坝,591000221,237,21,125
0004,向家坝,591000221,252,23,125
0004,向家坝,591000221,260,24,125
0004,向家坝,591000221,267,25,125
0004,向家坝,591000221,282,27,125
0004,向家坝,591000221,289,28,125
0004,向家坝,591000221,486,56,125
0004,向家坝,591000221,493,57,125
0004,向家坝,591000221,508,59,125
0004,向家坝,591000221,523,61,125
0004,向家坝,591000221,531,62,125
0004,向家坝,591000221,546,64,125
0004,向家坝,591000221,554,65,125
0004,向家坝,591000221,569,67,125
0004,向家坝,591000221,577,68,125
0004,向家坝,591000221,584,69,125
0004,向家坝,591000221,592,70,125
0004,向家坝,591000221,599,71,125
0004,向家坝,591000221,607,72,125
0004,向家坝,591000221,614,73,125
0004,向家坝,591000221,622,74,125
0004,向家坝,591000221,629,75,125
0004,向家坝,591000221,637,76,125
0004,向家坝,591000221,644,77,125
0004,向家坝,591000221,652,78,125
0004,向家坝,591000221,685,82,125
0004,向家坝,591000221,693,83,125
0004,向家坝,591000221,710,85,125
0004,向家坝,591000221,718,86,125
0004,向家坝,591000221,743,89,125
0004,向家坝,591000221,751,90,125
0004,向家坝,591000221,768,92,125
0004,向家坝,591000221,787,94,125
0004,向家坝,591000221,796,95,125
0004,向家坝,591000221,806,96,125
0005,三峡,31100101,178,0,61
0005,三峡,31100101,189.6,1,61
0005,三峡,31100101,212.89,3,61
0005,三峡,31100101,224.75,4,61
0005,三峡,31100101,236.73,5,61
0005,三峡,31100101,248.83,6,61
0005,三峡,31100101,261.06,7,61
0005,三峡,31100101,273.41,8,61
0005,三峡,31100101,285.89,9,61
0005,三峡,31100101,298.51,10,61
0005,三峡,31100101,311.26,11,61
0005,三峡,31100101,324.14,12,61
0005,三峡,31100101,337.17,13,61
0005,三峡,31100101,350.34,14,61
0005,三峡,31100101,363.65,15,61
0005,三峡,31100101,377.11,16,61
0005,三峡,31100101,390.72,17,61
0005,三峡,31100101,404.48,18,61
0005,三峡,31100101,418.4,19,61
0005,三峡,31100101,432.47,20,61
0005,三峡,31100101,446.7,21,61
0005,三峡,31100101,461.1,22,61
0005,三峡,31100101,475.65,23,61
0005,三峡,31100101,490.38,24,61
0005,三峡,31100101,505.27,25,61
0005,三峡,31100101,520.34,26,61
0005,三峡,31100101,535.58,27,61
0005,三峡,31100101,551,28,61
0005,三峡,31100101,567.08,29,61
0005,三峡,31100101,584.09,30,61
0005,三峡,31100101,601.65,31,61
0005,三峡,31100101,619.42,32,61
0005,三峡,31100101,637.05,33,61
0005,三峡,31100101,654.17,34,61
0005,三峡,31100101,670.43,35,61
0005,三峡,31100101,685.48,36,61
0005,三峡,31100101,699.46,37,61
0005,三峡,31100101,712.89,38,61
0005,三峡,31100101,726.28,39,61
0005,三峡,31100101,740.13,40,61
0005,三峡,31100101,754.95,41,61
0005,三峡,31100101,771.27,42,61
0005,三峡,31100101,788.69,43,61
0005,三峡,31100101,928.11,51,61
0005,三峡,31100101,1032.83,57,61
0005,三峡,31100101,1050.72,58,61
0005,三峡,31100101,1068.87,59,61
0005,三峡,31100101,1087.25,60,61
0005,三峡,31100101,1105.78,61,61
0005,三峡,31100101,1124.43,62,61
0005,三峡,31100101,1143.13,63,61
0005,三峡,31100101,169,0,64
0005,三峡,31100101,180.25,1,64
0005,三峡,31100101,191.57,2,64
0005,三峡,31100101,202.97,3,64
0005,三峡,31100101,214.44,4,64
0005,三峡,31100101,225.99,5,64
0005,三峡,31100101,237.63,6,64
0005,三峡,31100101,249.37,7,64
0005,三峡,31100101,261.21,8,64
0005,三峡,31100101,273.15,9,64
0005,三峡,31100101,285.2,10,64
0005,三峡,31100101,297.36,11,64
0005,三峡,31100101,309.65,12,64
0005,三峡,31100101,322.06,13,64
0005,三峡,31100101,334.61,14,64
0005,三峡,31100101,347.29,15,64
0005,三峡,31100101,360.11,16,64
0005,三峡,31100101,373.08,17,64
0005,三峡,31100101,386.2,18,64
0005,三峡,31100101,399.48,19,64
0005,三峡,31100101,412.93,20,64
0005,三峡,31100101,426.54,21,64
0005,三峡,31100101,440.33,22,64
0005,三峡,31100101,454.29,23,64
0005,三峡,31100101,468.44,24,64
0005,三峡,31100101,482.78,25,64
0005,三峡,31100101,497.32,26,64
0005,三峡,31100101,512.06,27,64
0005,三峡,31100101,527,28,64
0005,三峡,31100101,542.41,29,64
0005,三峡,31100101,558.38,30,64
0005,三峡,31100101,574.68,31,64
0005,三峡,31100101,591.08,32,64
0005,三峡,31100101,607.34,33,64
0005,三峡,31100101,623.23,34,64
0005,三峡,31100101,638.51,35,64
0005,三峡,31100101,653.3,36,64
0005,三峡,31100101,668.03,37,64
0005,三峡,31100101,682.72,38,64
0005,三峡,31100101,697.39,39,64
0005,三峡,31100101,726.77,41,64
0005,三峡,31100101,741.52,42,64
0005,三峡,31100101,756.3,43,64
0005,三峡,31100101,785.89,45,64
0005,三峡,31100101,800.79,46,64
0005,三峡,31100101,815.82,47,64
0005,三峡,31100101,831.02,48,64
0005,三峡,31100101,846.44,49,64
0005,三峡,31100101,862.48,50,64
0005,三峡,31100101,879.54,51,64
0005,三峡,31100101,897.41,52,64
0005,三峡,31100101,915.91,53,64
0005,三峡,31100101,934.83,54,64
0005,三峡,31100101,953.96,55,64
0005,三峡,31100101,992.17,57,64
0005,三峡,31100101,1011.3,58,64
0005,三峡,31100101,1030.52,59,64
0005,三峡,31100101,1049.87,60,64
0005,三峡,31100101,1069.37,61,64
0005,三峡,31100101,1089.07,62,64
0005,三峡,31100101,1108.99,63,64
0005,三峡,31100101,162,0,67
0005,三峡,31100101,173.16,1,67
0005,三峡,31100101,184.34,2,67
0005,三峡,31100101,195.54,3,67
0005,三峡,31100101,206.76,4,67
0005,三峡,31100101,218.03,5,67
0005,三峡,31100101,229.34,6,67
0005,三峡,31100101,240.71,7,67
0005,三峡,31100101,252.15,8,67
0005,三峡,31100101,263.65,9,67
0005,三峡,31100101,275.24,10,67
0005,三峡,31100101,286.91,11,67
0005,三峡,31100101,298.68,12,67
0005,三峡,31100101,310.56,13,67
0005,三峡,31100101,322.55,14,67
0005,三峡,31100101,334.66,15,67
0005,三峡,31100101,346.9,16,67
0005,三峡,31100101,359.28,17,67
0005,三峡,31100101,371.81,18,67
0005,三峡,31100101,384.49,19,67
0005,三峡,31100101,397.34,20,67
0005,三峡,31100101,410.35,21,67
0005,三峡,31100101,423.55,22,67
0005,三峡,31100101,436.94,23,67
0005,三峡,31100101,450.53,24,67
0005,三峡,31100101,464.32,25,67
0005,三峡,31100101,478.32,26,67
0005,三峡,31100101,492.54,27,67
0005,三峡,31100101,507,28,67
0005,三峡,31100101,521.6,29,67
0005,三峡,31100101,536.24,30,67
0005,三峡,31100101,550.91,31,67
0005,三峡,31100101,594.92,34,67
0005,三峡,31100101,609.54,35,67
0005,三峡,31100101,624.13,36,67
0005,三峡,31100101,653.3,38,67
0005,三峡,31100101,682.43,40,67
0005,三峡,31100101,711.54,42,67
0005,三峡,31100101,725.63,43,67
0005,三峡,31100101,738.81,44,67
0005,三峡,31100101,751.45,45,67
0005,三峡,31100101,763.95,46,67
0005,三峡,31100101,776.7,47,67
0005,三峡,31100101,790.08,48,67
0005,三峡,31100101,804.49,49,67
0005,三峡,31100101,820.17,50,67
0005,三峡,31100101,836.96,51,67
0005,三峡,31100101,854.68,52,67
0005,三峡,31100101,873.13,53,67
0005,三峡,31100101,892.14,54,67
0005,三峡,31100101,911.51,55,67
0005,三峡,31100101,931.04,56,67
0005,三峡,31100101,950.63,57,67
0005,三峡,31100101,970.31,58,67
0005,三峡,31100101,990.13,59,67
0005,三峡,31100101,1010.15,60,67
0005,三峡,31100101,1030.41,61,67
0005,三峡,31100101,1050.98,62,67
0005,三峡,31100101,1071.89,63,67
0005,三峡,31100101,155,0,70
0005,三峡,31100101,166.22,1,70
0005,三峡,31100101,177.48,2,70
0005,三峡,31100101,188.78,3,70
0005,三峡,31100101,200.12,4,70
0005,三峡,31100101,211.5,5,70
0005,三峡,31100101,222.92,6,70
0005,三峡,31100101,234.39,7,70
0005,三峡,31100101,245.91,8,70
0005,三峡,31100101,257.48,9,70
0005,三峡,31100101,269.1,10,70
0005,三峡,31100101,280.77,11,70
0005,三峡,31100101,292.5,12,70
0005,三峡,31100101,304.29,13,70
0005,三峡,31100101,316.13,14,70
0005,三峡,31100101,328.03,15,70
0005,三峡,31100101,339.99,16,70
0005,三峡,31100101,352.02,17,70
0005,三峡,31100101,364.11,18,70
0005,三峡,31100101,376.27,19,70
0005,三峡,31100101,388.5,20,70
0005,三峡,31100101,400.8,21,70
0005,三峡,31100101,413.17,22,70
0005,三峡,31100101,425.61,23,70
0005,三峡,31100101,438.13,24,70
0005,三峡,31100101,450.73,25,70
0005,三峡,31100101,463.41,26,70
0005,三峡,31100101,476.16,27,70
0005,三峡,31100101,489,28,70
0005,三峡,31100101,501.97,29,70
0005,三峡,31100101,515.1,30,70
0005,三峡,31100101,528.38,31,70
0005,三峡,31100101,541.8,32,70
0005,三峡,31100101,555.32,33,70
0005,三峡,31100101,568.94,34,70
0005,三峡,31100101,582.63,35,70
0005,三峡,31100101,596.47,36,70
0005,三峡,31100101,610.54,37,70
0005,三峡,31100101,624.77,38,70
0005,三峡,31100101,639.07,39,70
0005,三峡,31100101,653.36,40,70
0005,三峡,31100101,667.56,41,70
0005,三峡,31100101,681.61,42,70
0005,三峡,31100101,695.01,43,70
0005,三峡,31100101,707.4,44,70
0005,三峡,31100101,719.19,45,70
0005,三峡,31100101,730.8,46,70
0005,三峡,31100101,742.62,47,70
0005,三峡,31100101,755.08,48,70
0005,三峡,31100101,768.58,49,70
0005,三峡,31100101,783.35,50,70
0005,三峡,31100101,799.19,51,70
0005,三峡,31100101,815.94,52,70
0005,三峡,31100101,833.46,53,70
0005,三峡,31100101,851.6,54,70
0005,三峡,31100101,870.19,55,70
0005,三峡,31100101,889.1,56,70
0005,三峡,31100101,908.2,57,70
0005,三峡,31100101,927.51,58,70
0005,三峡,31100101,947.08,59,70
0005,三峡,31100101,966.95,60,70
0005,三峡,31100101,987.17,61,70
0005,三峡,31100101,1007.8,62,70
0005,三峡,31100101,1028.87,63,70
0005,三峡,31100101,150,0,73
0005,三峡,31100101,161.42,1,73
0005,三峡,31100101,172.86,2,73
0005,三峡,31100101,184.32,3,73
0005,三峡,31100101,195.8,4,73
0005,三峡,31100101,207.3,5,73
0005,三峡,31100101,218.82,6,73
0005,三峡,31100101,230.36,7,73
0005,三峡,31100101,241.92,8,73
0005,三峡,31100101,253.49,9,73
0005,三峡,31100101,265.08,10,73
0005,三峡,31100101,276.69,11,73
0005,三峡,31100101,288.32,12,73
0005,三峡,31100101,311.61,14,73
0005,三峡,31100101,334.96,16,73
0005,三峡,31100101,358.36,18,73
0005,三峡,31100101,381.81,20,73
0005,三峡,31100101,428.84,24,73
0005,三峡,31100101,464.2,27,73
0005,三峡,31100101,487.82,29,73
0005,三峡,31100101,499.69,30,73
0005,三峡,31100101,511.63,31,73
0005,三峡,31100101,523.67,32,73
0005,三峡,31100101,535.85,33,73
0005,三峡,31100101,548.2,34,73
0005,三峡,31100101,560.73,35,73
0005,三峡,31100101,573.48,36,73
0005,三峡,31100101,586.39,37,73
0005,三峡,31100101,599.42,38,73
0005,三峡,31100101,612.52,39,73
0005,三峡,31100101,625.64,40,73
0005,三峡,31100101,638.72,41,73
0005,三峡,31100101,651.71,42,73
0005,三峡,31100101,664.57,43,73
0005,三峡,31100101,677.31,44,73
0005,三峡,31100101,689.98,45,73
0005,三峡,31100101,702.61,46,73
0005,三峡,31100101,727.94,48,73
0005,三峡,31100101,740.72,49,73
0005,三峡,31100101,753.79,50,73
0005,三峡,31100101,767.4,51,73
0005,三峡,31100101,781.58,52,73
0005,三峡,31100101,796.35,53,73
0005,三峡,31100101,811.71,54,73
0005,三峡,31100101,827.69,55,73
0005,三峡,31100101,844.3,56,73
0005,三峡,31100101,861.6,57,73
0005,三峡,31100101,879.58,58,73
0005,三峡,31100101,898.16,59,73
0005,三峡,31100101,917.27,60,73
0005,三峡,31100101,936.83,61,73
0005,三峡,31100101,956.75,62,73
0005,三峡,31100101,976.97,63,73
0005,三峡,31100101,997.35,64,73
0005,三峡,31100101,1017.87,65,73
0005,三峡,31100101,1038.55,66,73
0005,三峡,31100101,1059.44,67,73
0005,三峡,31100101,1080.58,68,73
0005,三峡,31100101,1102.02,69,73
0005,三峡,31100101,1123.8,70,73
0005,三峡,31100101,146,0,76
0005,三峡,31100101,157.84,1,76
0005,三峡,31100101,169.64,2,76
0005,三峡,31100101,181.41,3,76
0005,三峡,31100101,193.14,4,76
0005,三峡,31100101,204.83,5,76
0005,三峡,31100101,216.48,6,76
0005,三峡,31100101,228.11,7,76
0005,三峡,31100101,239.69,8,76
0005,三峡,31100101,251.25,9,76
0005,三峡,31100101,262.78,10,76
0005,三峡,31100101,274.27,11,76
0005,三峡,31100101,285.74,12,76
0005,三峡,31100101,297.18,13,76
0005,三峡,31100101,308.59,14,76
0005,三峡,31100101,319.97,15,76
0005,三峡,31100101,331.33,16,76
0005,三峡,31100101,342.66,17,76
0005,三峡,31100101,353.97,18,76
0005,三峡,31100101,365.26,19,76
0005,三峡,31100101,376.53,20,76
0005,三峡,31100101,387.77,21,76
0005,三峡,31100101,410.21,23,76
0005,三峡,31100101,421.4,24,76
0005,三峡,31100101,432.57,25,76
0005,三峡,31100101,454.87,27,76
0005,三峡,31100101,476.89,29,76
0005,三峡,31100101,487.41,30,76
0005,三峡,31100101,497.71,31,76
0005,三峡,31100101,507.96,32,76
0005,三峡,31100101,518.3,33,76
0005,三峡,31100101,528.89,34,76
0005,三峡,31100101,539.87,35,76
0005,三峡,31100101,551.29,36,76
0005,三峡,31100101,563,37,76
0005,三峡,31100101,574.96,38,76
0005,三峡,31100101,587.15,39,76
0005,三峡,31100101,599.53,40,76
0005,三峡,31100101,612.07,41,76
0005,三峡,31100101,624.73,42,76
0005,三峡,31100101,637.56,43,76
0005,三峡,31100101,650.61,44,76
0005,三峡,31100101,663.82,45,76
0005,三峡,31100101,677.1,46,76
0005,三峡,31100101,703.61,48,76
0005,三峡,31100101,716.7,49,76
0005,三峡,31100101,729.28,50,76
0005,三峡,31100101,741.09,51,76
0005,三峡,31100101,752.48,52,76
0005,三峡,31100101,763.78,53,76
0005,三峡,31100101,775.35,54,76
0005,三峡,31100101,787.51,55,76
0005,三峡,31100101,800.62,56,76
0005,三峡,31100101,815.15,57,76
0005,三峡,31100101,831.23,58,76
0005,三峡,31100101,848.55,59,76
0005,三峡,31100101,866.81,60,76
0005,三峡,31100101,885.69,61,76
0005,三峡,31100101,904.89,62,76
0005,三峡,31100101,943.24,64,76
0005,三峡,31100101,962.6,65,76
0005,三峡,31100101,982.24,66,76
0005,三峡,31100101,1002.22,67,76
0005,三峡,31100101,1022.61,68,76
0005,三峡,31100101,1043.45,69,76
0005,三峡,31100101,1064.83,70,76
0005,三峡,31100101,1087.05,71,76
0005,三峡,31100101,1110.44,72,76
0005,三峡,31100101,1134.86,73,76
0005,三峡,31100101,1160.2,74,76
0005,三峡,31100101,1186.32,75,76
0005,三峡,31100101,139,0,79
0005,三峡,31100101,151.6,1,79
0005,三峡,31100101,164.1,2,79
0005,三峡,31100101,176.51,3,79
0005,三峡,31100101,188.81,4,79
0005,三峡,31100101,201.02,5,79
0005,三峡,31100101,213.13,6,79
0005,三峡,31100101,225.15,7,79
0005,三峡,31100101,237.08,8,79
0005,三峡,31100101,248.91,9,79
0005,三峡,31100101,260.65,10,79
0005,三峡,31100101,272.31,11,79
0005,三峡,31100101,283.87,12,79
0005,三峡,31100101,295.35,13,79
0005,三峡,31100101,306.75,14,79
0005,三峡,31100101,318.06,15,79
0005,三峡,31100101,329.28,16,79
0005,三峡,31100101,340.43,17,79
0005,三峡,31100101,351.5,18,79
0005,三峡,31100101,362.48,19,79
0005,三峡,31100101,373.39,20,79
0005,三峡,31100101,384.22,21,79
0005,三峡,31100101,394.98,22,79
0005,三峡,31100101,405.66,23,79
0005,三峡,31100101,416.27,24,79
0005,三峡,31100101,426.81,25,79
0005,三峡,31100101,437.27,26,79
0005,三峡,31100101,447.67,27,79
0005,三峡,31100101,458,28,79
0005,三峡,31100101,467.59,29,79
0005,三峡,31100101,476.08,30,79
0005,三峡,31100101,484,31,79
0005,三峡,31100101,491.83,32,79
0005,三峡,31100101,500.08,33,79
0005,三峡,31100101,509.25,34,79
0005,三峡,31100101,519.84,35,79
0005,三峡,31100101,531.57,36,79
0005,三峡,31100101,543.48,37,79
0005,三峡,31100101,555.53,38,79
0005,三峡,31100101,567.71,39,79
0005,三峡,31100101,579.98,40,79
0005,三峡,31100101,592.34,41,79
0005,三峡,31100101,604.76,42,79
0005,三峡,31100101,617.24,43,79
0005,三峡,31100101,629.81,44,79
0005,三峡,31100101,642.43,45,79
0005,三峡,31100101,655.07,46,79
0005,三峡,31100101,667.69,47,79
0005,三峡,31100101,680.27,48,79
0005,三峡,31100101,692.76,49,79
0005,三峡,31100101,704.82,50,79
0005,三峡,31100101,716.15,51,79
0005,三峡,31100101,727.01,52,79
0005,三峡,31100101,737.64,53,79
0005,三峡,31100101,748.32,54,79
0005,三峡,31100101,759.28,55,79
0005,三峡,31100101,770.81,56,79
0005,三峡,31100101,783.11,57,79
0005,三峡,31100101,796.25,58,79
0005,三峡,31100101,810.21,59,79
0005,三峡,31100101,825,60,79
0005,三峡,31100101,840.6,61,79
0005,三峡,31100101,857.02,62,79
0005,三峡,31100101,874.23,63,79
0005,三峡,31100101,892.21,64,79
0005,三峡,31100101,910.87,65,79
0005,三峡,31100101,930.17,66,79
0005,三峡,31100101,950.06,67,79
0005,三峡,31100101,970.49,68,79
0005,三峡,31100101,991.43,69,79
0005,三峡,31100101,1012.84,70,79
0005,三峡,31100101,1034.59,71,79
0005,三峡,31100101,1056.64,72,79
0005,三峡,31100101,1079.06,73,79
0005,三峡,31100101,1101.92,74,79
0005,三峡,31100101,1125.29,75,79
0005,三峡,31100101,134,0,82
0005,三峡,31100101,146.8,1,82
0005,三峡,31100101,159.48,2,82
0005,三峡,31100101,172.04,3,82
0005,三峡,31100101,184.49,4,82
0005,三峡,31100101,196.81,5,82
0005,三峡,31100101,209.02,6,82
0005,三峡,31100101,221.11,7,82
0005,三峡,31100101,233.08,8,82
0005,三峡,31100101,244.94,9,82
0005,三峡,31100101,256.68,10,82
0005,三峡,31100101,268.31,11,82
0005,三峡,31100101,279.82,12,82
0005,三峡,31100101,291.22,13,82
0005,三峡,31100101,302.51,14,82
0005,三峡,31100101,313.68,15,82
0005,三峡,31100101,324.75,16,82
0005,三峡,31100101,335.7,17,82
0005,三峡,31100101,346.54,18,82
0005,三峡,31100101,357.27,19,82
0005,三峡,31100101,367.89,20,82
0005,三峡,31100101,378.41,21,82
0005,三峡,31100101,388.81,22,82
0005,三峡,31100101,399.11,23,82
0005,三峡,31100101,409.3,24,82
0005,三峡,31100101,419.38,25,82
0005,三峡,31100101,429.36,26,82
0005,三峡,31100101,439.23,27,82
0005,三峡,31100101,449,28,82
0005,三峡,31100101,457.9,29,82
0005,三峡,31100101,465.53,30,82
0005,三峡,31100101,472.48,31,82
0005,三峡,31100101,479.32,32,82
0005,三峡,31100101,486.62,33,82
0005,三峡,31100101,494.96,34,82
0005,三峡,31100101,504.9,35,82
0005,三峡,31100101,516.1,36,82
0005,三峡,31100101,527.44,37,82
0005,三峡,31100101,538.92,38,82
0005,三峡,31100101,550.5,39,82
0005,三峡,31100101,562.18,40,82
0005,三峡,31100101,573.96,41,82
0005,三峡,31100101,585.81,42,82
0005,三峡,31100101,597.75,43,82
0005,三峡,31100101,609.79,44,82
0005,三峡,31100101,621.87,45,82
0005,三峡,31100101,646.01,47,82
0005,三峡,31100101,657.98,48,82
0005,三峡,31100101,669.82,49,82
0005,三峡,31100101,681.36,50,82
0005,三峡,31100101,692.44,51,82
0005,三峡,31100101,703.19,52,82
0005,三峡,31100101,713.78,53,82
0005,三峡,31100101,724.33,54,82
0005,三峡,31100101,734.98,55,82
0005,三峡,31100101,745.89,56,82
0005,三峡,31100101,757.11,57,82
0005,三峡,31100101,768.62,58,82
0005,三峡,31100101,780.49,59,82
0005,三峡,31100101,792.75,60,82
0005,三峡,31100101,805.49,61,82
0005,三峡,31100101,818.74,62,82
0005,三峡,31100101,832.58,63,82
0005,三峡,31100101,847.31,64,82
0005,三峡,31100101,863.27,65,82
0005,三峡,31100101,880.4,66,82
0005,三峡,31100101,898.59,67,82
0005,三峡,31100101,917.79,68,82
0005,三峡,31100101,937.91,69,82
0005,三峡,31100101,958.86,70,82
0005,三峡,31100101,980.29,71,82
0005,三峡,31100101,1001.78,72,82
0005,三峡,31100101,1023.32,73,82
0005,三峡,31100101,1044.96,74,82
0005,三峡,31100101,1066.7,75,82
0005,三峡,31100101,1088.57,76,82
0005,三峡,31100101,1110.45,77,82
0005,三峡,31100101,1176.09,80,82
0005,三峡,31100101,1198,81,82
0005,三峡,31100101,1219.95,82,82
0005,三峡,31100101,1241.95,83,82
0005,三峡,31100101,1264,84,82
0005,三峡,31100101,1266,85,82
0005,三峡,31100101,131,0,85
0005,三峡,31100101,143.46,1,85
0005,三峡,31100101,155.81,2,85
0005,三峡,31100101,168.05,3,85
0005,三峡,31100101,180.18,4,85
0005,三峡,31100101,192.19,5,85
0005,三峡,31100101,204.09,6,85
0005,三峡,31100101,215.88,7,85
0005,三峡,31100101,227.55,8,85
0005,三峡,31100101,239.11,9,85
0005,三峡,31100101,250.56,10,85
0005,三峡,31100101,261.89,11,85
0005,三峡,31100101,273.11,12,85
0005,三峡,31100101,284.21,13,85
0005,三峡,31100101,295.2,14,85
0005,三峡,31100101,306.08,15,85
0005,三峡,31100101,316.84,16,85
0005,三峡,31100101,327.48,17,85
0005,三峡,31100101,338.02,18,85
0005,三峡,31100101,348.43,19,85
0005,三峡,31100101,358.74,20,85
0005,三峡,31100101,368.92,21,85
0005,三峡,31100101,379,22,85
0005,三峡,31100101,388.95,23,85
0005,三峡,31100101,398.79,24,85
0005,三峡,31100101,408.52,25,85
0005,三峡,31100101,418.13,26,85
0005,三峡,31100101,427.62,27,85
0005,三峡,31100101,437,28,85
0005,三峡,31100101,445.61,29,85
0005,三峡,31100101,453.12,30,85
0005,三峡,31100101,460.02,31,85
0005,三峡,31100101,466.77,32,85
0005,三峡,31100101,473.87,33,85
0005,三峡,31100101,481.78,34,85
0005,三峡,31100101,490.99,35,85
0005,三峡,31100101,501.25,36,85
0005,三峡,31100101,511.72,37,85
0005,三峡,31100101,522.37,38,85
0005,三峡,31100101,533.21,39,85
0005,三峡,31100101,544.24,40,85
0005,三峡,31100101,555.45,41,85
0005,三峡,31100101,566.85,42,85
0005,三峡,31100101,578.47,43,85
0005,三峡,31100101,590.3,44,85
0005,三峡,31100101,602.23,45,85
0005,三峡,31100101,625.99,47,85
0005,三峡,31100101,637.6,48,85
0005,三峡,31100101,648.89,49,85
0005,三峡,31100101,659.86,50,85
0005,三峡,31100101,670.66,51,85
0005,三峡,31100101,681.34,52,85
0005,三峡,31100101,691.95,53,85
0005,三峡,31100101,702.55,54,85
0005,三峡,31100101,713.19,55,85
0005,三峡,31100101,723.92,56,85
0005,三峡,31100101,734.78,57,85
0005,三峡,31100101,745.75,58,85
0005,三峡,31100101,756.83,59,85
0005,三峡,31100101,767.99,60,85
0005,三峡,31100101,779.23,61,85
0005,三峡,31100101,790.52,62,85
0005,三峡,31100101,801.86,63,85
0005,三峡,31100101,813.53,64,85
0005,三峡,31100101,826,65,85
0005,三峡,31100101,839.37,66,85
0005,三峡,31100101,853.77,67,85
0005,三峡,31100101,869.29,68,85
0005,三峡,31100101,886.04,69,85
0005,三峡,31100101,904.11,70,85
0005,三峡,31100101,923.83,71,85
0005,三峡,31100101,945.09,72,85
0005,三峡,31100101,967.15,73,85
0005,三峡,31100101,989.29,74,85
0005,三峡,31100101,1010.76,75,85
0005,三峡,31100101,1030.92,76,85
0005,三峡,31100101,1050.65,77,85
0005,三峡,31100101,1070.34,78,85
0005,三峡,31100101,1089.94,79,85
0005,三峡,31100101,1109.41,80,85
0005,三峡,31100101,1128.69,81,85
0005,三峡,31100101,1147.75,82,85
0005,三峡,31100101,1166.53,83,85
0005,三峡,31100101,1185,84,85
0005,三峡,31100101,1187,85,85
0005,三峡,31100101,127,0,88
0005,三峡,31100101,138.88,1,88
0005,三峡,31100101,150.67,2,88
0005,三峡,31100101,162.36,3,88
0005,三峡,31100101,173.96,4,88
0005,三峡,31100101,185.45,5,88
0005,三峡,31100101,196.86,6,88
0005,三峡,31100101,208.16,7,88
0005,三峡,31100101,219.36,8,88
0005,三峡,31100101,230.47,9,88
0005,三峡,31100101,241.47,10,88
0005,三峡,31100101,252.38,11,88
0005,三峡,31100101,263.18,12,88
0005,三峡,31100101,273.89,13,88
0005,三峡,31100101,284.49,14,88
0005,三峡,31100101,294.99,15,88
0005,三峡,31100101,305.39,16,88
0005,三峡,31100101,315.69,17,88
0005,三峡,31100101,325.88,18,88
0005,三峡,31100101,335.97,19,88
0005,三峡,31100101,345.95,20,88
0005,三峡,31100101,355.83,21,88
0005,三峡,31100101,365.6,22,88
0005,三峡,31100101,375.27,23,88
0005,三峡,31100101,384.83,24,88
0005,三峡,31100101,394.28,25,88
0005,三峡,31100101,403.63,26,88
0005,三峡,31100101,412.87,27,88
0005,三峡,31100101,422,28,88
0005,三峡,31100101,430.51,29,88
0005,三峡,31100101,438.14,30,88
0005,三峡,31100101,445.25,31,88
0005,三峡,31100101,452.23,32,88
0005,三峡,31100101,459.44,33,88
0005,三峡,31100101,467.26,34,88
0005,三峡,31100101,476.05,35,88
0005,三峡,31100101,485.67,36,88
0005,三峡,31100101,495.48,37,88
0005,三峡,31100101,505.49,38,88
0005,三峡,31100101,515.73,39,88
0005,三峡,31100101,526.2,40,88
0005,三峡,31100101,536.91,41,88
0005,三峡,31100101,547.89,42,88
0005,三峡,31100101,559.15,43,88
0005,三峡,31100101,570.64,44,88
0005,三峡,31100101,582.26,45,88
0005,三峡,31100101,593.9,46,88
0005,三峡,31100101,605.46,47,88
0005,三峡,31100101,616.83,48,88
0005,三峡,31100101,627.91,49,88
0005,三峡,31100101,638.72,50,88
0005,三峡,31100101,649.42,51,88
0005,三峡,31100101,660.03,52,88
0005,三峡,31100101,670.57,53,88
0005,三峡,31100101,681.06,54,88
0005,三峡,31100101,691.52,55,88
0005,三峡,31100101,701.96,56,88
0005,三峡,31100101,712.28,57,88
0005,三峡,31100101,722.35,58,88
0005,三峡,31100101,732.26,59,88
0005,三峡,31100101,742.1,60,88
0005,三峡,31100101,761.87,62,88
0005,三峡,31100101,771.98,63,88
0005,三峡,31100101,782.5,64,88
0005,三峡,31100101,793.73,65,88
0005,三峡,31100101,805.69,66,88
0005,三峡,31100101,818.42,67,88
0005,三峡,31100101,831.93,68,88
0005,三峡,31100101,846.26,69,88
0005,三峡,31100101,861.44,70,88
0005,三峡,31100101,878.24,71,88
0005,三峡,31100101,897.18,72,88
0005,三峡,31100101,917.25,73,88
0005,三峡,31100101,937.41,74,88
0005,三峡,31100101,956.64,75,88
0005,三峡,31100101,974.03,76,88
0005,三峡,31100101,990.7,77,88
0005,三峡,31100101,1007.15,78,88
0005,三峡,31100101,1023.35,79,88
0005,三峡,31100101,1039.24,80,88
0005,三峡,31100101,1054.8,81,88
0005,三峡,31100101,1069.97,82,88
0005,三峡,31100101,1084.72,83,88
0005,三峡,31100101,1099,84,88
0005,三峡,31100101,124,0,91
0005,三峡,31100101,135.3,1,91
0005,三峡,31100101,146.52,2,91
0005,三峡,31100101,157.66,3,91
0005,三峡,31100101,168.72,4,91
0005,三峡,31100101,179.69,5,91
0005,三峡,31100101,190.58,6,91
0005,三峡,31100101,201.39,7,91
0005,三峡,31100101,212.11,8,91
0005,三峡,31100101,222.75,9,91
0005,三峡,31100101,233.31,10,91
0005,三峡,31100101,243.77,11,91
0005,三峡,31100101,254.15,12,91
0005,三峡,31100101,264.45,13,91
0005,三峡,31100101,274.65,14,91
0005,三峡,31100101,284.77,15,91
0005,三峡,31100101,294.8,16,91
0005,三峡,31100101,304.74,17,91
0005,三峡,31100101,314.59,18,91
0005,三峡,31100101,324.35,19,91
0005,三峡,31100101,334.01,20,91
0005,三峡,31100101,343.59,21,91
0005,三峡,31100101,353.07,22,91
0005,三峡,31100101,362.46,23,91
0005,三峡,31100101,371.76,24,91
0005,三峡,31100101,380.96,25,91
0005,三峡,31100101,390.07,26,91
0005,三峡,31100101,399.08,27,91
0005,三峡,31100101,408,28,91
0005,三峡,31100101,416.4,29,91
0005,三峡,31100101,424.07,30,91
0005,三峡,31100101,431.32,31,91
0005,三峡,31100101,438.44,32,91
0005,三峡,31100101,445.73,33,91
0005,三峡,31100101,453.52,34,91
0005,三峡,31100101,462.09,35,91
0005,三峡,31100101,471.31,36,91
0005,三峡,31100101,480.68,37,91
0005,三峡,31100101,490.24,38,91
0005,三峡,31100101,500.01,39,91
0005,三峡,31100101,510.02,40,91
0005,三峡,31100101,520.32,41,91
0005,三峡,31100101,530.92,42,91
0005,三峡,31100101,541.79,43,91
0005,三峡,31100101,552.8,44,91
0005,三峡,31100101,563.88,45,91
0005,三峡,31100101,574.99,46,91
0005,三峡,31100101,586.07,47,91
0005,三峡,31100101,597.06,48,91
0005,三峡,31100101,607.92,49,91
0005,三峡,31100101,618.66,50,91
0005,三峡,31100101,629.33,51,91
0005,三峡,31100101,639.95,52,91
0005,三峡,31100101,650.51,53,91
0005,三峡,31100101,661.04,54,91
0005,三峡,31100101,671.52,55,91
0005,三峡,31100101,681.96,56,91
0005,三峡,31100101,692.18,57,91
0005,三峡,31100101,702,58,91
0005,三峡,31100101,711.56,59,91
0005,三峡,31100101,720.99,60,91
0005,三峡,31100101,730.45,61,91
0005,三峡,31100101,740.06,62,91
0005,三峡,31100101,749.99,63,91
0005,三峡,31100101,760.33,64,91
0005,三峡,31100101,771.11,65,91
0005,三峡,31100101,782.33,66,91
0005,三峡,31100101,794,67,91
0005,三峡,31100101,806.11,68,91
0005,三峡,31100101,818.67,69,91
0005,三峡,31100101,831.67,70,91
0005,三峡,31100101,845.44,71,91
0005,三峡,31100101,860.15,72,91
0005,三峡,31100101,875.34,73,91
0005,三峡,31100101,890.52,74,91
0005,三峡,31100101,905.23,75,91
0005,三峡,31100101,919.06,76,91
0005,三峡,31100101,932.52,77,91
0005,三峡,31100101,945.84,78,91
0005,三峡,31100101,959.02,79,91
0005,三峡,31100101,972.03,80,91
0005,三峡,31100101,984.85,81,91
0005,三峡,31100101,997.47,82,91
0005,三峡,31100101,1009.86,83,91
0005,三峡,31100101,1022,84,91
0005,三峡,31100101,122,0,94
0005,三峡,31100101,132.45,1,94
0005,三峡,31100101,153.33,3,94
0005,三峡,31100101,163.75,4,94
0005,三峡,31100101,174.14,5,94
0005,三峡,31100101,184.51,6,94
0005,三峡,31100101,194.85,7,94
0005,三峡,31100101,205.15,8,94
0005,三峡,31100101,215.42,9,94
0005,三峡,31100101,225.63,10,94
0005,三峡,31100101,235.8,11,94
0005,三峡,31100101,245.9,12,94
0005,三峡,31100101,255.95,13,94
0005,三峡,31100101,265.93,14,94
0005,三峡,31100101,275.84,15,94
0005,三峡,31100101,285.68,16,94
0005,三峡,31100101,295.43,17,94
0005,三峡,31100101,305.1,18,94
0005,三峡,31100101,314.68,19,94
0005,三峡,31100101,324.16,20,94
0005,三峡,31100101,333.55,21,94
0005,三峡,31100101,342.82,22,94
0005,三峡,31100101,351.99,23,94
0005,三峡,31100101,361.04,24,94
0005,三峡,31100101,369.98,25,94
0005,三峡,31100101,378.78,26,94
0005,三峡,31100101,387.46,27,94
0005,三峡,31100101,396,28,94
0005,三峡,31100101,404.47,29,94
0005,三峡,31100101,412.93,30,94
0005,三峡,31100101,455.16,35,94
0005,三峡,31100101,463.36,36,94
0005,三峡,31100101,471.17,37,94
0005,三峡,31100101,478.85,38,94
0005,三峡,31100101,486.68,39,94
0005,三峡,31100101,494.95,40,94
0005,三峡,31100101,503.94,41,94
0005,三峡,31100101,513.94,42,94
0005,三峡,31100101,524.64,43,94
0005,三峡,31100101,535.36,44,94
0005,三峡,31100101,675,57,94
0005,三峡,31100101,684.4,58,94
0005,三峡,31100101,694.05,59,94
0005,三峡,31100101,703.49,60,94
0005,三峡,31100101,712.87,61,94
0005,三峡,31100101,722.33,62,94
0005,三峡,31100101,732.01,63,94
0005,三峡,31100101,741.85,64,94
0005,三峡,31100101,751.66,65,94
0005,三峡,31100101,761.54,66,94
0005,三峡,31100101,771.59,67,94
0005,三峡,31100101,781.92,68,94
0005,三峡,31100101,792.64,69,94
0005,三峡,31100101,803.85,70,94
0005,三峡,31100101,815.75,71,94
0005,三峡,31100101,828.33,72,94
0005,三峡,31100101,841.31,73,94
0005,三峡,31100101,854.39,74,94
0005,三峡,31100101,867.26,75,94
0005,三峡,31100101,879.68,76,94
0005,三峡,31100101,891.95,77,94
0005,三峡,31100101,904.21,78,94
0005,三峡,31100101,928.69,80,94
0005,三峡,31100101,940.87,81,94
0005,三峡,31100101,952.99,82,94
0005,三峡,31100101,965.04,83,94
0005,三峡,31100101,977,84,94
0005,三峡,31100101,120,0,97
0005,三峡,31100101,129.96,1,97
0005,三峡,31100101,139.91,2,97
0005,三峡,31100101,149.83,3,97
0005,三峡,31100101,159.73,4,97
0005,三峡,31100101,169.6,5,97
0005,三峡,31100101,179.45,6,97
0005,三峡,31100101,189.27,7,97
0005,三峡,31100101,199.05,8,97
0005,三峡,31100101,208.8,9,97
0005,三峡,31100101,218.52,10,97
0005,三峡,31100101,228.2,11,97
0005,三峡,31100101,237.84,12,97
0005,三峡,31100101,247.44,13,97
0005,三峡,31100101,256.99,14,97
0005,三峡,31100101,266.5,15,97
0005,三峡,31100101,275.96,16,97
0005,三峡,31100101,285.38,17,97
0005,三峡,31100101,294.73,18,97
0005,三峡,31100101,304.04,19,97
0005,三峡,31100101,313.29,20,97
0005,三峡,31100101,322.48,21,97
0005,三峡,31100101,331.61,22,97
0005,三峡,31100101,340.67,23,97
0005,三峡,31100101,349.68,24,97
0005,三峡,31100101,358.61,25,97
0005,三峡,31100101,367.48,26,97
0005,三峡,31100101,376.28,27,97
0005,三峡,31100101,385,28,97
0005,三峡,31100101,393.64,29,97
0005,三峡,31100101,402.19,30,97
0005,三峡,31100101,410.67,31,97
0005,三峡,31100101,419.09,32,97
0005,三峡,31100101,427.47,33,97
0005,三峡,31100101,435.82,34,97
0005,三峡,31100101,452.4,36,97
0005,三峡,31100101,460.43,37,97
0005,三峡,31100101,468.35,38,97
0005,三峡,31100101,484.32,40,97
0005,三峡,31100101,492.56,41,97
0005,三峡,31100101,501.12,42,97
0005,三峡,31100101,510.13,43,97
0005,三峡,31100101,519.63,44,97
0005,三峡,31100101,529.51,45,97
0005,三峡,31100101,539.68,46,97
0005,三峡,31100101,550.04,47,97
0005,三峡,31100101,560.5,48,97
0005,三峡,31100101,581.46,50,97
0005,三峡,31100101,592.14,51,97
0005,三峡,31100101,602.9,52,97
0005,三峡,31100101,624.32,54,97
0005,三峡,31100101,634.79,55,97
0005,三峡,31100101,645,56,97
0005,三峡,31100101,654.97,57,97
0005,三峡,31100101,664.89,58,97
0005,三峡,31100101,674.76,59,97
0005,三峡,31100101,684.59,60,97
0005,三峡,31100101,694.4,61,97
0005,三峡,31100101,723.78,64,97
0005,三峡,31100101,733.45,65,97
0005,三峡,31100101,743.06,66,97
0005,三峡,31100101,752.68,67,97
0005,三峡,31100101,762.34,68,97
0005,三峡,31100101,772.1,69,97
0005,三峡,31100101,782,70,97
0005,三峡,31100101,792.5,71,97
0005,三峡,31100101,803.96,72,97
0005,三峡,31100101,815.98,73,97
0005,三峡,31100101,828.14,74,97
0005,三峡,31100101,840.04,75,97
0005,三峡,31100101,851.32,76,97
0005,三峡,31100101,862.36,77,97
0005,三峡,31100101,873.38,78,97
0005,三峡,31100101,884.35,79,97
0005,三峡,31100101,895.26,80,97
0005,三峡,31100101,906.09,81,97
0005,三峡,31100101,916.83,82,97
0005,三峡,31100101,927.48,83,97
0005,三峡,31100101,938,84,97
0005,三峡,31100101,117,0,100
0005,三峡,31100101,126.59,1,100
0005,三峡,31100101,136.15,2,100
0005,三峡,31100101,145.69,3,100
0005,三峡,31100101,155.21,4,100
0005,三峡,31100101,164.71,5,100
0005,三峡,31100101,174.18,6,100
0005,三峡,31100101,183.63,7,100
0005,三峡,31100101,193.06,8,100
0005,三峡,31100101,202.45,9,100
0005,三峡,31100101,211.82,10,100
0005,三峡,31100101,221.17,11,100
0005,三峡,31100101,230.48,12,100
0005,三峡,31100101,239.76,13,100
0005,三峡,31100101,249.02,14,100
0005,三峡,31100101,258.24,15,100
0005,三峡,31100101,267.43,16,100
0005,三峡,31100101,276.59,17,100
0005,三峡,31100101,285.72,18,100
0005,三峡,31100101,294.81,19,100
0005,三峡,31100101,303.87,20,100
0005,三峡,31100101,312.89,21,100
0005,三峡,31100101,321.88,22,100
0005,三峡,31100101,330.83,23,100
0005,三峡,31100101,339.74,24,100
0005,三峡,31100101,348.62,25,100
0005,三峡,31100101,357.45,26,100
0005,三峡,31100101,366.25,27,100
0005,三峡,31100101,375,28,100
0005,三峡,31100101,383.68,29,100
0005,三峡,31100101,392.26,30,100
0005,三峡,31100101,400.75,31,100
0005,三峡,31100101,409.17,32,100
0005,三峡,31100101,417.54,33,100
0005,三峡,31100101,425.87,34,100
0005,三峡,31100101,434.17,35,100
0005,三峡,31100101,442.34,36,100
0005,三峡,31100101,450.26,37,100
0005,三峡,31100101,458.05,38,100
0005,三峡,31100101,465.82,39,100
0005,三峡,31100101,473.68,40,100
0005,三峡,31100101,481.75,41,100
0005,三峡,31100101,490.14,42,100
0005,三峡,31100101,498.88,43,100
0005,三峡,31100101,507.89,44,100
0005,三峡,31100101,517.15,45,100
0005,三峡,31100101,526.61,46,100
0005,三峡,31100101,536.26,47,100
0005,三峡,31100101,546.07,48,100
0005,三峡,31100101,556,49,100
0005,三峡,31100101,566,50,100
0005,三峡,31100101,705.78,64,100
0005,三峡,31100101,715.14,65,100
0005,三峡,31100101,724.22,66,100
0005,三峡,31100101,733.18,67,100
0005,三峡,31100101,742.2,68,100
0005,三峡,31100101,751.42,69,100
0005,三峡,31100101,761.01,70,100
0005,三峡,31100101,771.13,71,100
0005,三峡,31100101,781.68,72,100
0005,三峡,31100101,792.46,73,100
0005,三峡,31100101,813.83,75,100
0005,三峡,31100101,824.01,76,100
0005,三峡,31100101,834.03,77,100
0005,三峡,31100101,843.98,78,100
0005,三峡,31100101,853.87,79,100
0005,三峡,31100101,863.68,80,100
0005,三峡,31100101,873.4,81,100
0005,三峡,31100101,883.04,82,100
0005,三峡,31100101,892.57,83,100
0005,三峡,31100101,902,84,100
0005,三峡,31100101,114,0,103
0005,三峡,31100101,123.34,1,103
0005,三峡,31100101,132.65,2,103
0005,三峡,31100101,141.94,3,103
0005,三峡,31100101,160.47,5,103
0005,三峡,31100101,169.7,6,103
0005,三峡,31100101,178.91,7,103
0005,三峡,31100101,188.09,8,103
0005,三峡,31100101,197.25,9,103
0005,三峡,31100101,206.38,10,103
0005,三峡,31100101,215.49,11,103
0005,三峡,31100101,224.58,12,103
0005,三峡,31100101,233.64,13,103
0005,三峡,31100101,242.67,14,103
0005,三峡,31100101,251.67,15,103
0005,三峡,31100101,260.65,16,103
0005,三峡,31100101,269.6,17,103
0005,三峡,31100101,278.51,18,103
0005,三峡,31100101,287.4,19,103
0005,三峡,31100101,296.26,20,103
0005,三峡,31100101,305.09,21,103
0005,三峡,31100101,313.89,22,103
0005,三峡,31100101,322.66,23,103
0005,三峡,31100101,331.39,24,103
0005,三峡,31100101,340.1,25,103
0005,三峡,31100101,348.76,26,103
0005,三峡,31100101,357.4,27,103
0005,三峡,31100101,366,28,103
0005,三峡,31100101,374.54,29,103
0005,三峡,31100101,382.98,30,103
0005,三峡,31100101,391.35,31,103
0005,三峡,31100101,399.65,32,103
0005,三峡,31100101,407.88,33,103
0005,三峡,31100101,416.06,34,103
0005,三峡,31100101,424.19,35,103
0005,三峡,31100101,432.22,36,103
0005,三峡,31100101,440.08,37,103
0005,三峡,31100101,447.85,38,103
0005,三峡,31100101,455.58,39,103
0005,三峡,31100101,463.34,40,103
0005,三峡,31100101,471.18,41,103
0005,三峡,31100101,479.19,42,103
0005,三峡,31100101,487.34,43,103
0005,三峡,31100101,495.59,44,103
0005,三峡,31100101,503.98,45,103
0005,三峡,31100101,512.57,46,103
0005,三峡,31100101,521.41,47,103
0005,三峡,31100101,530.55,48,103
0005,三峡,31100101,540.03,49,103
0005,三峡,31100101,549.74,50,103
0005,三峡,31100101,569.17,52,103
0005,三峡,31100101,578.89,53,103
0005,三峡,31100101,608.03,56,103
0005,三峡,31100101,637.17,59,103
0005,三峡,31100101,646.89,60,103
0005,三峡,31100101,676.03,63,103
0005,三峡,31100101,685.52,64,103
0005,三峡,31100101,694.58,65,103
0005,三峡,31100101,703.36,66,103
0005,三峡,31100101,712.03,67,103
0005,三峡,31100101,720.76,68,103
0005,三峡,31100101,729.7,69,103
0005,三峡,31100101,739.04,70,103
0005,三峡,31100101,748.68,71,103
0005,三峡,31100101,111,0,106
0005,三峡,31100101,120.14,1,106
0005,三峡,31100101,129.25,2,106
0005,三峡,31100101,138.34,3,106
0005,三峡,31100101,147.41,4,106
0005,三峡,31100101,156.46,5,106
0005,三峡,31100101,165.48,6,106
0005,三峡,31100101,174.48,7,106
0005,三峡,31100101,183.46,8,106
0005,三峡,31100101,192.41,9,106
0005,三峡,31100101,201.34,10,106
0005,三峡,31100101,210.25,11,106
0005,三峡,31100101,219.14,12,106
0005,三峡,31100101,228,13,106
0005,三峡,31100101,236.83,14,106
0005,三峡,31100101,245.65,15,106
0005,三峡,31100101,254.44,16,106
0005,三峡,31100101,263.2,17,106
0005,三峡,31100101,271.94,18,106
0005,三峡,31100101,280.66,19,106
0005,三峡,31100101,289.35,20,106
0005,三峡,31100101,298.02,21,106
0005,三峡,31100101,306.66,22,106
0005,三峡,31100101,315.28,23,106
0005,三峡,31100101,323.87,24,106
0005,三峡,31100101,332.44,25,106
0005,三峡,31100101,340.99,26,106
0005,三峡,31100101,349.51,27,106
0005,三峡,31100101,358,28,106
0005,三峡,31100101,366.43,29,106
0005,三峡,31100101,374.76,30,106
0005,三峡,31100101,382.99,31,106
0005,三峡,31100101,391.15,32,106
0005,三峡,31100101,399.23,33,106
0005,三峡,31100101,407.24,34,106
0005,三峡,31100101,415.21,35,106
0005,三峡,31100101,423.01,36,106
0005,三峡,31100101,430.56,37,106
0005,三峡,31100101,437.96,38,106
0005,三峡,31100101,445.31,39,106
0005,三峡,31100101,452.73,40,106
0005,三峡,31100101,460.32,41,106
0005,三峡,31100101,468.19,42,106
0005,三峡,31100101,476.33,43,106
0005,三峡,31100101,484.6,44,106
0005,三峡,31100101,493.02,45,106
0005,三峡,31100101,501.57,46,106
0005,三峡,31100101,510.27,47,106
0005,三峡,31100101,519.11,48,106
0005,三峡,31100101,528.09,49,106
0005,三峡,31100101,537.17,50,106
0005,三峡,31100101,546.27,51,106
0005,三峡,31100101,555.39,52,106
0005,三峡,31100101,573.68,54,106
0005,三峡,31100101,582.87,55,106
0005,三峡,31100101,592.08,56,106
0005,三峡,31100101,601.33,57,106
0005,三峡,31100101,610.62,58,106
0005,三峡,31100101,619.94,59,106
0005,三峡,31100101,638.58,61,106
0005,三峡,31100101,647.86,62,106
0005,三峡,31100101,657.08,63,106
0005,三峡,31100101,666.17,64,106
0005,三峡,31100101,675.08,65,106
0005,三峡,31100101,683.86,66,106
0005,三峡,31100101,692.59,67,106
0005,三峡,31100101,710.14,69,106
0005,三峡,31100101,719.1,70,106
0005,三峡,31100101,728.19,71,106
0005,三峡,31100101,737.36,72,106
0005,三峡,31100101,746.61,73,106
0005,三峡,31100101,755.95,74,106
0005,三峡,31100101,765.36,75,106
0005,三峡,31100101,774.86,76,106
0005,三峡,31100101,784.42,77,106
0005,三峡,31100101,794.04,78,106
0005,三峡,31100101,803.72,79,106
0005,三峡,31100101,813.46,80,106
0005,三峡,31100101,823.26,81,106
0005,三峡,31100101,833.12,82,106
0005,三峡,31100101,843.03,83,106
0005,三峡,31100101,853,84,106
0005,三峡,31100101,108,0,109
0005,三峡,31100101,117.45,1,109
0005,三峡,31100101,126.88,2,109
0005,三峡,31100101,136.28,3,109
0005,三峡,31100101,145.64,4,109
0005,三峡,31100101,154.98,5,109
0005,三峡,31100101,164.27,6,109
0005,三峡,31100101,173.53,7,109
0005,三峡,31100101,182.74,8,109
0005,三峡,31100101,191.9,9,109
0005,三峡,31100101,201.02,10,109
0005,三峡,31100101,210.08,11,109
0005,三峡,31100101,219.08,12,109
0005,三峡,31100101,228.03,13,109
0005,三峡,31100101,236.91,14,109
0005,三峡,31100101,245.73,15,109
0005,三峡,31100101,254.48,16,109
0005,三峡,31100101,263.16,17,109
0005,三峡,31100101,271.76,18,109
0005,三峡,31100101,280.29,19,109
0005,三峡,31100101,288.73,20,109
0005,三峡,31100101,297.09,21,109
0005,三峡,31100101,305.37,22,109
0005,三峡,31100101,313.55,23,109
0005,三峡,31100101,321.64,24,109
0005,三峡,31100101,329.63,25,109
0005,三峡,31100101,337.53,26,109
0005,三峡,31100101,345.32,27,109
0005,三峡,31100101,353,28,109
0005,三峡,31100101,360.52,29,109
0005,三峡,31100101,367.86,30,109
0005,三峡,31100101,375.09,31,109
0005,三峡,31100101,382.27,32,109
0005,三峡,31100101,389.48,33,109
0005,三峡,31100101,396.78,34,109
0005,三峡,31100101,404.24,35,109
0005,三峡,31100101,411.8,36,109
0005,三峡,31100101,419.33,37,109
0005,三峡,31100101,426.87,38,109
0005,三峡,31100101,434.48,39,109
0005,三峡,31100101,442.2,40,109
0005,三峡,31100101,450.09,41,109
0005,三峡,31100101,458.18,42,109
0005,三峡,31100101,466.45,43,109
0005,三峡,31100101,474.79,44,109
0005,三峡,31100101,483.2,45,109
0005,三峡,31100101,491.65,46,109
0005,三峡,31100101,500.13,47,109
0005,三峡,31100101,508.64,48,109
0005,三峡,31100101,542.69,52,109
0005,三峡,31100101,551.24,53,109
0005,三峡,31100101,559.82,54,109
0005,三峡,31100101,568.45,55,109
0005,三峡,31100101,577.13,56,109
0005,三峡,31100101,585.96,57,109
0005,三峡,31100101,595.02,58,109
0005,三峡,31100101,604.24,59,109
0005,三峡,31100101,613.54,60,109
0005,三峡,31100101,632.05,62,109
0005,三峡,31100101,641.11,63,109
0005,三峡,31100101,649.95,64,109
0005,三峡,31100101,658.63,65,109
0005,三峡,31100101,667.22,66,109
0005,三峡,31100101,675.79,67,109
0005,三峡,31100101,684.41,68,109
0005,三峡,31100101,693.16,69,109
0005,三峡,31100101,702.09,70,109
0005,三峡,31100101,711.21,71,109
0005,三峡,31100101,720.41,72,109
0005,三峡,31100101,729.67,73,109
0005,三峡,31100101,739.01,74,109
0005,三峡,31100101,748.4,75,109
0005,三峡,31100101,757.84,76,109
0005,三峡,31100101,776.76,78,109
0005,三峡,31100101,795.74,80,109
0005,三峡,31100101,805.26,81,109
0005,三峡,31100101,814.81,82,109
0005,三峡,31100101,824.38,83,109
0005,三峡,31100101,834,84,109
0005,三峡,31100101,106,0,112
0005,三峡,31100101,115.2,1,112
0005,三峡,31100101,124.39,2,112
0005,三峡,31100101,133.55,3,112
0005,三峡,31100101,142.69,4,112
0005,三峡,31100101,151.8,5,112
0005,三峡,31100101,160.88,6,112
0005,三峡,31100101,169.92,7,112
0005,三峡,31100101,178.92,8,112
0005,三峡,31100101,187.87,9,112
0005,三峡,31100101,196.78,10,112
0005,三峡,31100101,205.64,11,112
0005,三峡,31100101,214.44,12,112
0005,三峡,31100101,223.19,13,112
0005,三峡,31100101,231.87,14,112
0005,三峡,31100101,240.49,15,112
0005,三峡,31100101,249.04,16,112
0005,三峡,31100101,257.52,17,112
0005,三峡,31100101,265.93,18,112
0005,三峡,31100101,274.25,19,112
0005,三峡,31100101,282.49,20,112
0005,三峡,31100101,290.65,21,112
0005,三峡,31100101,298.71,22,112
0005,三峡,31100101,306.68,23,112
0005,三峡,31100101,314.55,24,112
0005,三峡,31100101,322.32,25,112
0005,三峡,31100101,329.99,26,112
0005,三峡,31100101,337.55,27,112
0005,三峡,31100101,345,28,112
0005,三峡,31100101,352.32,29,112
0005,三峡,31100101,359.52,30,112
0005,三峡,31100101,366.65,31,112
0005,三峡,31100101,373.75,32,112
0005,三峡,31100101,388.02,34,112
0005,三峡,31100101,395.27,35,112
0005,三峡,31100101,409.63,37,112
0005,三峡,31100101,423.93,39,112
0005,三峡,31100101,431.32,40,112
0005,三峡,31100101,439.03,41,112
0005,三峡,31100101,447.16,42,112
0005,三峡,31100101,455.59,43,112
0005,三峡,31100101,523.01,51,112
0005,三峡,31100101,531.44,52,112
0005,三峡,31100101,573.65,57,112
0005,三峡,31100101,582.29,58,112
0005,三峡,31100101,591.02,59,112
0005,三峡,31100101,599.82,60,112
0005,三峡,31100101,617.41,62,112
0005,三峡,31100101,626.13,63,112
0005,三峡,31100101,634.74,64,112
0005,三峡,31100101,643.25,65,112
0005,三峡,31100101,651.7,66,112
0005,三峡,31100101,668.67,68,112
0005,三峡,31100101,677.31,69,112
0005,三峡,31100101,686.11,70,112
0005,三峡,31100101,695.09,71,112
0005,三峡,31100101,704.18,72,112
0005,三峡,31100101,713.34,73,112
0005,三峡,31100101,731.64,75,112
0005,三峡,31100101,740.71,76,112
0005,三峡,31100101,749.76,77,112
0005,三峡,31100101,776.9,80,112
0005,三峡,31100101,794.97,82,112
0005,三峡,31100101,106,0,113
0005,三峡,31100101,115.03,1,113
0005,三峡,31100101,124.04,2,113
0005,三峡,31100101,133.04,3,113
0005,三峡,31100101,142.01,4,113
0005,三峡,31100101,159.89,6,113
0005,三峡,31100101,168.79,7,113
0005,三峡,31100101,177.65,8,113
0005,三峡,31100101,186.47,9,113
0005,三峡,31100101,195.26,10,113
0005,三峡,31100101,204,11,113
0005,三峡,31100101,212.7,12,113
0005,三峡,31100101,221.34,13,113
0005,三峡,31100101,229.94,14,113
0005,三峡,31100101,238.48,15,113
0005,三峡,31100101,246.96,16,113
0005,三峡,31100101,255.38,17,113
0005,三峡,31100101,263.73,18,113
0005,三峡,31100101,272.02,19,113
0005,三峡,31100101,280.23,20,113
0005,三峡,31100101,288.37,21,113
0005,三峡,31100101,296.44,22,113
0005,三峡,31100101,304.42,23,113
0005,三峡,31100101,312.31,24,113
0005,三峡,31100101,320.12,25,113
0005,三峡,31100101,327.84,26,113
0005,三峡,31100101,335.47,27,113
0005,三峡,31100101,343,28,113
0005,三峡,31100101,350.45,29,113
0005,三峡,31100101,357.85,30,113
0005,三峡,31100101,365.19,31,113
0005,三峡,31100101,372.5,32,113
0005,三峡,31100101,379.78,33,113
0005,三峡,31100101,387.04,34,113
0005,三峡,31100101,394.28,35,113
0005,三峡,31100101,401.46,36,113
0005,三峡,31100101,408.54,37,113
0005,三峡,31100101,415.57,38,113
0005,三峡,31100101,429.69,40,113
0005,三峡,31100101,436.89,41,113
0005,三峡,31100101,444.25,42,113
0005,三峡,31100101,451.87,43,113
0005,三峡,31100101,459.8,44,113
0005,三峡,31100101,467.99,45,113
0005,三峡,31100101,476.37,46,113
0005,三峡,31100101,484.89,47,113
0005,三峡,31100101,493.5,48,113
0005,三峡,31100101,502.14,49,113
0005,三峡,31100101,510.81,50,113
0005,三峡,31100101,519.55,51,113
0005,三峡,31100101,528.34,52,113
0005,三峡,31100101,545.88,54,113
0005,三峡,31100101,554.57,55,113
0005,三峡,31100101,563.15,56,113
0005,三峡,31100101,571.63,57,113
0005,三峡,31100101,580.05,58,113
0005,三峡,31100101,588.45,59,113
0005,三峡,31100101,596.84,60,113
0005,三峡,31100101,613.67,62,113
0005,三峡,31100101,622.15,63,113
0005,三峡,31100101,630.68,64,113
0005,三峡,31100101,639.25,65,113
0005,三峡,31100101,647.84,66,113
0005,三峡,31100101,682.15,70,113
0005,三峡,31100101,690.62,71,113
0005,三峡,31100101,699,72,113
0005,三峡,31100101,707.34,73,113
0005,三峡,31100101,724.07,75,113
0005,三峡,31100101,732.56,76,113
0005,三峡,31100101,741.14,77,113
0005,三峡,31100101,749.8,78,113
0005,三峡,31100101,758.53,79,113
0005,三峡,31100101,767.32,80,113
0005,三峡,31100101,776.18,81,113
0005,三峡,31100101,785.08,82,113
0005,三峡,31100101,794.02,83,113
0005,三峡,31100101,803,84,113
0005,三峡,31100201,209,0,60
0005,三峡,31100201,222,1,60
0005,三峡,31100201,234,2,60
0005,三峡,31100201,293,7,60
0005,三峡,31100201,305,8,60
0005,三峡,31100201,328.395,10,60
0005,三峡,31100201,342.328,11,60
0005,三峡,31100201,357.43,12,60
0005,三峡,31100201,370.854,13,60
0005,三峡,31100201,383.88,14,60
0005,三峡,31100201,396.464,15,60
0005,三峡,31100201,408.766,16,60
0005,三峡,31100201,420.984,17,60
0005,三峡,31100201,433.148,18,60
0005,三峡,31100201,445.288,19,60
0005,三峡,31100201,458.612,20,60
0005,三峡,31100201,470.613,21,60
0005,三峡,31100201,482.517,22,60
0005,三峡,31100201,494.434,23,60
0005,三峡,31100201,506.474,24,60
0005,三峡,31100201,518.96,25,60
0005,三峡,31100201,532.601,26,60
0005,三峡,31100201,547.568,27,60
0005,三峡,31100201,565.006,28,60
0005,三峡,31100201,581.232,29,60
0005,三峡,31100201,597.624,30,60
0005,三峡,31100201,614.416,31,60
0005,三峡,31100201,631.64,32,60
0005,三峡,31100201,648.938,33,60
0005,三峡,31100201,665.962,34,60
0005,三峡,31100201,682.112,35,60
0005,三峡,31100201,698.16,36,60
0005,三峡,31100201,711.645,37,60
0005,三峡,31100201,725.08,38,60
0005,三峡,31100201,739.455,39,60
0005,三峡,31100201,756,40,60
0005,三峡,31100201,774,41,60
0005,三峡,31100201,794,42,60
0005,三峡,31100201,815,43,60
0005,三峡,31100201,840,44,60
0005,三峡,31100201,864,45,60
0005,三峡,31100201,889,46,60
0005,三峡,31100201,1142,56,60
0005,三峡,31100201,1171,57,60
0005,三峡,31100201,1199,58,60
0005,三峡,31100201,1256,60,60
0005,三峡,31100201,197,0,63
0005,三峡,31100201,209,1,63
0005,三峡,31100201,222,2,63
0005,三峡,31100201,234,3,63
0005,三峡,31100201,245,4,63
0005,三峡,31100201,257,5,63
0005,三峡,31100201,268,6,63
0005,三峡,31100201,280,7,63
0005,三峡,31100201,291,8,63
0005,三峡,31100201,303,9,63
0005,三峡,31100201,314.302,10,63
0005,三峡,31100201,327.307,11,63
0005,三峡,31100201,341.444,12,63
0005,三峡,31100201,354.198,13,63
0005,三峡,31100201,366.88,14,63
0005,三峡,31100201,379.504,15,63
0005,三峡,31100201,391.982,16,63
0005,三峡,31100201,404.26,17,63
0005,三峡,31100201,416.388,18,63
0005,三峡,31100201,428.416,19,63
0005,三峡,31100201,441.369,20,63
0005,三峡,31100201,452.296,21,63
0005,三峡,31100201,462.423,22,63
0005,三峡,31100201,472.447,23,63
0005,三峡,31100201,483.055,24,63
0005,三峡,31100201,494.765,25,63
0005,三峡,31100201,507.564,26,63
0005,三峡,31100201,521.16,27,63
0005,三峡,31100201,536.918,28,63
0005,三峡,31100201,551.85,29,63
0005,三峡,31100201,567.324,30,63
0005,三峡,31100201,583.314,31,63
0005,三峡,31100201,599.606,32,63
0005,三峡,31100201,615.85,33,63
0005,三峡,31100201,631.706,34,63
0005,三峡,31100201,647.016,35,63
0005,三峡,31100201,663.515,36,63
0005,三峡,31100201,678.405,37,63
0005,三峡,31100201,693.16,38,63
0005,三峡,31100201,707.75,39,63
0005,三峡,31100201,722,40,63
0005,三峡,31100201,737,41,63
0005,三峡,31100201,751,42,63
0005,三峡,31100201,780,44,63
0005,三峡,31100201,797,45,63
0005,三峡,31100201,819,46,63
0005,三峡,31100201,839,47,63
0005,三峡,31100201,862,48,63
0005,三峡,31100201,889,49,63
0005,三峡,31100201,941,51,63
0005,三峡,31100201,1095,57,63
0005,三峡,31100201,1154,59,63
0005,三峡,31100201,1183,60,63
0005,三峡,31100201,188,0,66
0005,三峡,31100201,200,1,66
0005,三峡,31100201,223,3,66
0005,三峡,31100201,246,5,66
0005,三峡,31100201,257,6,66
0005,三峡,31100201,301.254,10,66
0005,三峡,31100201,313.785,11,66
0005,三峡,31100201,327.466,12,66
0005,三峡,31100201,339.836,13,66
0005,三峡,31100201,352.16,14,66
0005,三峡,31100201,364.446,15,66
0005,三峡,31100201,376.65,16,66
0005,三峡,31100201,388.728,17,66
0005,三峡,31100201,400.696,18,66
0005,三峡,31100201,412.56,19,66
0005,三峡,31100201,425.393,20,66
0005,三峡,31100201,436.511,21,66
0005,三峡,31100201,447.106,22,66
0005,三峡,31100201,457.562,23,66
0005,三峡,31100201,468.258,24,66
0005,三峡,31100201,479.477,25,66
0005,三峡,31100201,491.172,26,66
0005,三峡,31100201,503.235,27,66
0005,三峡,31100201,517,28,66
0005,三峡,31100201,530.008,29,66
0005,三峡,31100201,543.504,30,66
0005,三峡,31100201,557.376,31,66
0005,三峡,31100201,571.508,32,66
0005,三峡,31100201,585.834,33,66
0005,三峡,31100201,600.288,34,66
0005,三峡,31100201,614.904,35,66
0005,三峡,31100201,631.295,36,66
0005,三峡,31100201,646.425,37,66
0005,三峡,31100201,661.58,38,66
0005,三峡,31100201,676.57,39,66
0005,三峡,31100201,691,40,66
0005,三峡,31100201,704,41,66
0005,三峡,31100201,716,42,66
0005,三峡,31100201,742,44,66
0005,三峡,31100201,772,46,66
0005,三峡,31100201,789,47,66
0005,三峡,31100201,808,48,66
0005,三峡,31100201,847,50,66
0005,三峡,31100201,871,51,66
0005,三峡,31100201,896,52,66
0005,三峡,31100201,1023,57,66
0005,三峡,31100201,1051,58,66
0005,三峡,31100201,1080,59,66
0005,三峡,31100201,1108,60,66
0005,三峡,31100201,181,0,69
0005,三峡,31100201,192,1,69
0005,三峡,31100201,257,7,69
0005,三峡,31100201,268,8,69
0005,三峡,31100201,278,9,69
0005,三峡,31100201,288.2,10,69
0005,三峡,31100201,300.2,11,69
0005,三峡,31100201,313.4,12,69
0005,三峡,31100201,325.4,13,69
0005,三峡,31100201,349.412,15,69
0005,三峡,31100201,361.486,16,69
0005,三峡,31100201,373.61,17,69
0005,三峡,31100201,385.684,18,69
0005,三峡,31100201,397.608,19,69
0005,三峡,31100201,410.438,20,69
0005,三峡,31100201,421.829,21,69
0005,三峡,31100201,433.02,22,69
0005,三峡,31100201,444.111,23,69
0005,三峡,31100201,466.36,25,69
0005,三峡,31100201,477.56,26,69
0005,三峡,31100201,501.08,28,69
0005,三峡,31100201,512.28,29,69
0005,三峡,31100201,523.592,30,69
0005,三峡,31100201,535.28,31,69
0005,三峡,31100201,547.468,32,69
0005,三峡,31100201,560.09,33,69
0005,三峡,31100201,573.08,34,69
0005,三峡,31100201,586.6,35,69
0005,三峡,31100201,602.45,36,69
0005,三峡,31100201,617.5,37,69
0005,三峡,31100201,647,39,69
0005,三峡,31100201,661,40,69
0005,三峡,31100201,674,41,69
0005,三峡,31100201,714,44,69
0005,三峡,31100201,727,45,69
0005,三峡,31100201,739,46,69
0005,三峡,31100201,752,47,69
0005,三峡,31100201,764,48,69
0005,三峡,31100201,806,51,69
0005,三峡,31100201,826,52,69
0005,三峡,31100201,848,53,69
0005,三峡,31100201,894,55,69
0005,三峡,31100201,921,56,69
0005,三峡,31100201,1004,59,69
0005,三峡,31100201,1036,60,69
0005,三峡,31100201,1136,63,69
0005,三峡,31100201,1175,64,69
0005,三峡,31100201,1213,65,69
0005,三峡,31100201,175,0,72
0005,三峡,31100201,185,1,72
0005,三峡,31100201,216,4,72
0005,三峡,31100201,226,5,72
0005,三峡,31100201,276.2,10,72
0005,三峡,31100201,288.2,11,72
0005,三峡,31100201,301.4,12,72
0005,三峡,31100201,313.4,13,72
0005,三峡,31100201,398.534,20,72
0005,三峡,31100201,410.203,21,72
0005,三峡,31100201,421.523,22,72
0005,三峡,31100201,432.573,23,72
0005,三峡,31100201,443.447,24,72
0005,三峡,31100201,454.153,25,72
0005,三峡,31100201,464.552,26,72
0005,三峡,31100201,474.647,27,72
0005,三峡,31100201,485.66,28,72
0005,三峡,31100201,495.814,29,72
0005,三峡,31100201,506.188,30,72
0005,三峡,31100201,516.69,31,72
0005,三峡,31100201,527.392,32,72
0005,三峡,31100201,538.578,33,72
0005,三峡,31100201,550.512,34,72
0005,三峡,31100201,563.26,35,72
0005,三峡,31100201,577.815,36,72
0005,三峡,31100201,591.21,37,72
0005,三峡,31100201,604.705,38,72
0005,三峡,31100201,618.235,39,72
0005,三峡,31100201,632,40,72
0005,三峡,31100201,645,41,72
0005,三峡,31100201,659,42,72
0005,三峡,31100201,688,44,72
0005,三峡,31100201,701,45,72
0005,三峡,31100201,713,46,72
0005,三峡,31100201,724,47,72
0005,三峡,31100201,747,49,72
0005,三峡,31100201,760,50,72
0005,三峡,31100201,774,51,72
0005,三峡,31100201,790,52,72
0005,三峡,31100201,807,53,72
0005,三峡,31100201,842,55,72
0005,三峡,31100201,863,56,72
0005,三峡,31100201,885,57,72
0005,三峡,31100201,908,58,72
0005,三峡,31100201,933,59,72
0005,三峡,31100201,959,60,72
0005,三峡,31100201,1012,62,72
0005,三峡,31100201,1040,63,72
0005,三峡,31100201,1070,64,72
0005,三峡,31100201,1133,66,72
0005,三峡,31100201,1167,67,72
0005,三峡,31100201,1202,68,72
0005,三峡,31100201,1235,69,72
0005,三峡,31100201,169,0,75
0005,三峡,31100201,179,1,75
0005,三峡,31100201,188,2,75
0005,三峡,31100201,198,3,75
0005,三峡,31100201,207,4,75
0005,三峡,31100201,217,5,75
0005,三峡,31100201,236,7,75
0005,三峡,31100201,246,8,75
0005,三峡,31100201,266.145,10,75
0005,三峡,31100201,277.605,11,75
0005,三峡,31100201,290.324,12,75
0005,三峡,31100201,301.954,13,75
0005,三峡,31100201,313.632,14,75
0005,三峡,31100201,325.372,15,75
0005,三峡,31100201,337.27,16,75
0005,三峡,31100201,349.336,17,75
0005,三峡,31100201,361.454,18,75
0005,三峡,31100201,373.488,19,75
0005,三峡,31100201,386.48,20,75
0005,三峡,31100201,397.99,21,75
0005,三峡,31100201,409.2,22,75
0005,三峡,31100201,420.11,23,75
0005,三峡,31100201,430.72,24,75
0005,三峡,31100201,441.015,25,75
0005,三峡,31100201,450.978,26,75
0005,三峡,31100201,460.699,27,75
0005,三峡,31100201,471.312,28,75
0005,三峡,31100201,481.072,29,75
0005,三峡,31100201,491.028,30,75
0005,三峡,31100201,501.142,31,75
0005,三峡,31100201,511.39,32,75
0005,三峡,31100201,521.824,33,75
0005,三峡,31100201,532.496,34,75
0005,三峡,31100201,543.528,35,75
0005,三峡,31100201,556.265,36,75
0005,三峡,31100201,568.375,37,75
0005,三峡,31100201,580.86,38,75
0005,三峡,31100201,593.59,39,75
0005,三峡,31100201,607,40,75
0005,三峡,31100201,620,41,75
0005,三峡,31100201,634,42,75
0005,三峡,31100201,674,45,75
0005,三峡,31100201,760,52,75
0005,三峡,31100201,772,53,75
0005,三峡,31100201,797,55,75
0005,三峡,31100201,812,56,75
0005,三峡,31100201,829,57,75
0005,三峡,31100201,847,58,75
0005,三峡,31100201,887,60,75
0005,三峡,31100201,932,62,75
0005,三峡,31100201,956,63,75
0005,三峡,31100201,982,64,75
0005,三峡,31100201,1036,66,75
0005,三峡,31100201,1065,67,75
0005,三峡,31100201,1129,69,75
0005,三峡,31100201,164,0,78
0005,三峡,31100201,173,1,78
0005,三峡,31100201,228,7,78
0005,三峡,31100201,237,8,78
0005,三峡,31100201,247,9,78
0005,三峡,31100201,257.113,10,78
0005,三峡,31100201,268.247,11,78
0005,三峡,31100201,280.544,12,78
0005,三峡,31100201,291.766,13,78
0005,三峡,31100201,303,14,78
0005,三峡,31100201,314.264,15,78
0005,三峡,31100201,325.606,16,78
0005,三峡,31100201,337.042,17,78
0005,三峡,31100201,348.498,18,78
0005,三峡,31100201,359.92,19,78
0005,三峡,31100201,372.36,20,78
0005,三峡,31100201,383.509,21,78
0005,三峡,31100201,394.479,22,78
0005,三峡,31100201,405.24,23,78
0005,三峡,31100201,415.762,24,78
0005,三峡,31100201,426.042,25,78
0005,三峡,31100201,436.152,26,78
0005,三峡,31100201,446.168,27,78
0005,三峡,31100201,457.112,28,78
0005,三峡,31100201,467.042,29,78
0005,三峡,31100201,476.936,30,78
0005,三峡,31100201,486.732,31,78
0005,三峡,31100201,496.45,32,78
0005,三峡,31100201,506.182,33,78
0005,三峡,31100201,516.03,34,78
0005,三峡,31100201,526.156,35,78
0005,三峡,31100201,537.875,36,78
0005,三峡,31100201,549.1,37,78
0005,三峡,31100201,560.795,38,78
0005,三峡,31100201,572.875,39,78
0005,三峡,31100201,585,40,78
0005,三峡,31100201,598,41,78
0005,三峡,31100201,610,42,78
0005,三峡,31100201,636,44,78
0005,三峡,31100201,648,45,78
0005,三峡,31100201,661,46,78
0005,三峡,31100201,673,47,78
0005,三峡,31100201,686,48,78
0005,三峡,31100201,698,49,78
0005,三峡,31100201,721,51,78
0005,三峡,31100201,733,52,78
0005,三峡,31100201,743,53,78
0005,三峡,31100201,754,54,78
0005,三峡,31100201,777,56,78
0005,三峡,31100201,790,57,78
0005,三峡,31100201,817,59,78
0005,三峡,31100201,833,60,78
0005,三峡,31100201,851,61,78
0005,三峡,31100201,870,62,78
0005,三峡,31100201,890,63,78
0005,三峡,31100201,912,64,78
0005,三峡,31100201,933,65,78
0005,三峡,31100201,955,66,78
0005,三峡,31100201,978,67,78
0005,三峡,31100201,1004,68,78
0005,三峡,31100201,1027,69,78
0005,三峡,31100201,1078,71,78
0005,三峡,31100201,1108,72,78
0005,三峡,31100201,1169,74,78
0005,三峡,31100201,1204,75,78
0005,三峡,31100201,159,0,81
0005,三峡,31100201,167,1,81
0005,三峡,31100201,176,2,81
0005,三峡,31100201,184,3,81
0005,三峡,31100201,193,4,81
0005,三峡,31100201,201,5,81
0005,三峡,31100201,210,6,81
0005,三峡,31100201,229,8,81
0005,三峡,31100201,238,9,81
0005,三峡,31100201,248,10,81
0005,三峡,31100201,259,11,81
0005,三峡,31100201,271,12,81
0005,三峡,31100201,282,13,81
0005,三峡,31100201,347,19,81
0005,三峡,31100201,359,20,81
0005,三峡,31100201,370,21,81
0005,三峡,31100201,402,24,81
0005,三峡,31100201,413,25,81
0005,三峡,31100201,434,27,81
0005,三峡,31100201,483,32,81
0005,三峡,31100201,493,33,81
0005,三峡,31100201,502,34,81
0005,三峡,31100201,512,35,81
0005,三峡,31100201,523,36,81
0005,三峡,31100201,533,37,81
0005,三峡,31100201,544,38,81
0005,三峡,31100201,565,40,81
0005,三峡,31100201,576,41,81
0005,三峡,31100201,599,43,81
0005,三峡,31100201,636,46,81
0005,三峡,31100201,674,49,81
0005,三峡,31100201,696,51,81
0005,三峡,31100201,708,52,81
0005,三峡,31100201,719,53,81
0005,三峡,31100201,762,57,81
0005,三峡,31100201,774,58,81
0005,三峡,31100201,785,59,81
0005,三峡,31100201,798,60,81
0005,三峡,31100201,812,61,81
0005,三峡,31100201,828,62,81
0005,三峡,31100201,861,64,81
0005,三峡,31100201,914,67,81
0005,三峡,31100201,937,68,81
0005,三峡,31100201,958,69,81
0005,三峡,31100201,981,70,81
0005,三峡,31100201,1007,71,81
0005,三峡,31100201,1035,72,81
0005,三峡,31100201,1065,73,81
0005,三峡,31100201,1097,74,81
0005,三峡,31100201,1127,75,81
0005,三峡,31100201,1158,76,81
0005,三峡,31100201,1190,77,81
0005,三峡,31100201,155,0,84
0005,三峡,31100201,163,1,84
0005,三峡,31100201,178,3,84
0005,三峡,31100201,186,4,84
0005,三峡,31100201,195,5,84
0005,三峡,31100201,203,6,84
0005,三峡,31100201,212,7,84
0005,三峡,31100201,240,10,84
0005,三峡,31100201,262,12,84
0005,三峡,31100201,272,13,84
0005,三峡,31100201,283,14,84
0005,三峡,31100201,293,15,84
0005,三峡,31100201,304,16,84
0005,三峡,31100201,336,19,84
0005,三峡,31100201,348,20,84
0005,三峡,31100201,359,21,84
0005,三峡,31100201,380,23,84
0005,三峡,31100201,391,24,84
0005,三峡,31100201,401,25,84
0005,三峡,31100201,422,27,84
0005,三峡,31100201,442,29,84
0005,三峡,31100201,452,30,84
0005,三峡,31100201,461,31,84
0005,三峡,31100201,498,35,84
0005,三峡,31100201,517,37,84
0005,三峡,31100201,527,38,84
0005,三峡,31100201,536,39,84
0005,三峡,31100201,546,40,84
0005,三峡,31100201,589,44,84
0005,三峡,31100201,600,45,84
0005,三峡,31100201,613,46,84
0005,三峡,31100201,651,49,84
0005,三峡,31100201,674,51,84
0005,三峡,31100201,686,52,84
0005,三峡,31100201,697,53,84
0005,三峡,31100201,718,55,84
0005,三峡,31100201,729,56,84
0005,三峡,31100201,738,57,84
0005,三峡,31100201,749,58,84
0005,三峡,31100201,759,59,84
0005,三峡,31100201,771,60,84
0005,三峡,31100201,796,62,84
0005,三峡,31100201,836,65,84
0005,三峡,31100201,851,66,84
0005,三峡,31100201,884,68,84
0005,三峡,31100201,901,69,84
0005,三峡,31100201,920,70,84
0005,三峡,31100201,940,71,84
0005,三峡,31100201,961,72,84
0005,三峡,31100201,984,73,84
0005,三峡,31100201,1008,74,84
0005,三峡,31100201,1057,76,84
0005,三峡,31100201,1135,79,84
0005,三峡,31100201,151,0,87
0005,三峡,31100201,158,1,87
0005,三峡,31100201,173,3,87
0005,三峡,31100201,180,4,87
0005,三峡,31100201,188,5,87
0005,三峡,31100201,213,8,87
0005,三峡,31100201,232.01,10,87
0005,三峡,31100201,242.113,11,87
0005,三峡,31100201,253.266,12,87
0005,三峡,31100201,263.46,13,87
0005,三峡,31100201,273.728,14,87
0005,三峡,31100201,284.08,15,87
0005,三峡,31100201,294.48,16,87
0005,三峡,31100201,337.12,20,87
0005,三峡,31100201,347.52,21,87
0005,三峡,31100201,389.108,25,87
0005,三峡,31100201,399.435,26,87
0005,三峡,31100201,409.628,27,87
0005,三峡,31100201,420.598,28,87
0005,三峡,31100201,430.294,29,87
0005,三峡,31100201,439.692,30,87
0005,三峡,31100201,448.85,31,87
0005,三峡,31100201,457.86,32,87
0005,三峡,31100201,466.782,33,87
0005,三峡,31100201,475.666,34,87
0005,三峡,31100201,494.23,36,87
0005,三峡,31100201,502.985,37,87
0005,三峡,31100201,520.565,39,87
0005,三峡,31100201,529.55,40,87
0005,三峡,31100201,538.835,41,87
0005,三峡,31100201,548.535,42,87
0005,三峡,31100201,558.725,43,87
0005,三峡,31100201,570.58,44,87
0005,三峡,31100201,581.882,45,87
0005,三峡,31100201,593.442,46,87
0005,三峡,31100201,605.098,47,87
0005,三峡,31100201,616.772,48,87
0005,三峡,31100201,628.376,49,87
0005,三峡,31100201,639.93,50,87
0005,三峡,31100201,651.51,51,87
0005,三峡,31100201,664.214,52,87
0005,三峡,31100201,675.601,53,87
0005,三峡,31100201,686.7,54,87
0005,三峡,31100201,697.406,55,87
0005,三峡,31100201,707.741,56,87
0005,三峡,31100201,717.838,57,87
0005,三峡,31100201,727.857,58,87
0005,三峡,31100201,737.958,59,87
0005,三峡,31100201,749.216,60,87
0005,三峡,31100201,759.526,61,87
0005,三峡,31100201,769.902,62,87
0005,三峡,31100201,780.348,63,87
0005,三峡,31100201,790.888,64,87
0005,三峡,31100201,802.24,65,87
0005,三峡,31100201,815.014,66,87
0005,三峡,31100201,828.91,67,87
0005,三峡,31100201,844.897,68,87
0005,三峡,31100201,859.536,69,87
0005,三峡,31100201,874.365,70,87
0005,三峡,31100201,889.899,71,87
0005,三峡,31100201,906.202,72,87
0005,三峡,31100201,923.293,73,87
0005,三峡,31100201,941.201,74,87
0005,三峡,31100201,960.676,75,87
0005,三峡,31100201,984.52,76,87
0005,三峡,31100201,1008.28,77,87
0005,三峡,31100201,1033.56,78,87
0005,三峡,31100201,1060,79,87
0005,三峡,31100201,148,0,90
0005,三峡,31100201,155,1,90
0005,三峡,31100201,161,2,90
0005,三峡,31100201,168,3,90
0005,三峡,31100201,190,6,90
0005,三峡,31100201,215,9,90
0005,三峡,31100201,225,10,90
0005,三峡,31100201,246,12,90
0005,三峡,31100201,256,13,90
0005,三峡,31100201,327,20,90
0005,三峡,31100201,337,21,90
0005,三峡,31100201,377.054,25,90
0005,三峡,31100201,387.303,26,90
0005,三峡,31100201,397.716,27,90
0005,三峡,31100201,409.094,28,90
0005,三峡,31100201,419.132,29,90
0005,三峡,31100201,428.708,30,90
0005,三峡,31100201,437.83,31,90
0005,三峡,31100201,446.634,32,90
0005,三峡,31100201,455.254,33,90
0005,三峡,31100201,463.834,34,90
0005,三峡,31100201,472.452,35,90
0005,三峡,31100201,481.915,36,90
0005,三峡,31100201,490.48,37,90
0005,三峡,31100201,507.675,39,90
0005,三峡,31100201,516.385,40,90
0005,三峡,31100201,525.265,41,90
0005,三峡,31100201,534.41,42,90
0005,三峡,31100201,543.915,43,90
0005,三峡,31100201,554.908,44,90
0005,三峡,31100201,565.36,45,90
0005,三峡,31100201,576.038,46,90
0005,三峡,31100201,586.828,47,90
0005,三峡,31100201,598.084,48,90
0005,三峡,31100201,608.88,49,90
0005,三峡,31100201,619.588,50,90
0005,三峡,31100201,630.592,51,90
0005,三峡,31100201,642.728,52,90
0005,三峡,31100201,653.747,53,90
0005,三峡,31100201,664.715,54,90
0005,三峡,31100201,675.525,55,90
0005,三峡,31100201,686.107,56,90
0005,三峡,31100201,696.484,57,90
0005,三峡,31100201,706.741,58,90
0005,三峡,31100201,716.943,59,90
0005,三峡,31100201,727.832,60,90
0005,三峡,31100201,737.174,61,90
0005,三峡,31100201,746.236,62,90
0005,三峡,31100201,755.408,63,90
0005,三峡,31100201,765.05,64,90
0005,三峡,31100201,775.464,65,90
0005,三峡,31100201,786.652,66,90
0005,三峡,31100201,798.488,67,90
0005,三峡,31100201,812.049,68,90
0005,三峡,31100201,824.729,69,90
0005,三峡,31100201,837.799,70,90
0005,三峡,31100201,851.386,71,90
0005,三峡,31100201,865.422,72,90
0005,三峡,31100201,879.835,73,90
0005,三峡,31100201,894.528,74,90
0005,三峡,31100201,909.725,75,90
0005,三峡,31100201,927.31,76,90
0005,三峡,31100201,944.15,77,90
0005,三峡,31100201,961.72,78,90
0005,三峡,31100201,980,79,90
0005,三峡,31100201,999.42,80,90
0005,三峡,31100201,1020.32,81,90
0005,三峡,31100201,1042.51,82,90
0005,三峡,31100201,1065.8,83,90
0005,三峡,31100201,145,0,93
0005,三峡,31100201,151,1,93
0005,三峡,31100201,164,3,93
0005,三峡,31100201,170,4,93
0005,三峡,31100201,177,5,93
0005,三峡,31100201,192,7,93
0005,三峡,31100201,209,9,93
0005,三峡,31100201,218.98,10,93
0005,三峡,31100201,228.78,11,93
0005,三峡,31100201,239.56,12,93
0005,三峡,31100201,249.36,13,93
0005,三峡,31100201,318.889,20,93
0005,三峡,31100201,328.441,21,93
0005,三峡,31100201,337.778,22,93
0005,三峡,31100201,347.047,23,93
0005,三峡,31100201,356.385,24,93
0005,三峡,31100201,365.985,25,93
0005,三峡,31100201,376.085,26,93
0005,三峡,31100201,386.571,27,93
0005,三峡,31100201,398.102,28,93
0005,三峡,31100201,408.18,29,93
0005,三峡,31100201,417.66,30,93
0005,三峡,31100201,426.726,31,93
0005,三峡,31100201,435.594,32,93
0005,三峡,31100201,444.298,33,93
0005,三峡,31100201,452.882,34,93
0005,三峡,31100201,461.376,35,93
0005,三峡,31100201,470.625,36,93
0005,三峡,31100201,478.985,37,93
0005,三峡,31100201,495.77,39,93
0005,三峡,31100201,504.285,40,93
0005,三峡,31100201,512.915,41,93
0005,三峡,31100201,521.66,42,93
0005,三峡,31100201,530.515,43,93
0005,三峡,31100201,540.388,44,93
0005,三峡,31100201,549.526,45,93
0005,三峡,31100201,558.898,46,93
0005,三峡,31100201,568.552,47,93
0005,三峡,31100201,578.514,48,93
0005,三峡,31100201,588.82,49,93
0005,三峡,31100201,599.426,50,93
0005,三峡,31100201,610.196,51,93
0005,三峡,31100201,622.122,52,93
0005,三峡,31100201,632.975,53,93
0005,三峡,31100201,643.769,54,93
0005,三峡,31100201,654.525,55,93
0005,三峡,31100201,675.986,57,93
0005,三峡,31100201,686.561,58,93
0005,三峡,31100201,696.916,59,93
0005,三峡,31100201,707.824,60,93
0005,三峡,31100201,717.172,61,93
0005,三峡,31100201,726.172,62,93
0005,三峡,31100201,735.088,63,93
0005,三峡,31100201,744.174,64,93
0005,三峡,31100201,753.408,65,93
0005,三峡,31100201,762.676,66,93
0005,三峡,31100201,772.074,67,93
0005,三峡,31100201,782.753,68,93
0005,三峡,31100201,792.973,69,93
0005,三峡,31100201,804.233,70,93
0005,三峡,31100201,816.773,71,93
0005,三峡,31100201,830.163,72,93
0005,三峡,31100201,843.948,73,93
0005,三峡,31100201,857.633,74,93
0005,三峡,31100201,871.168,75,93
0005,三峡,31100201,886.21,76,93
0005,三峡,31100201,900.15,77,93
0005,三峡,31100201,914.39,78,93
0005,三峡,31100201,929,79,93
0005,三峡,31100201,944.69,80,93
0005,三峡,31100201,961.95,81,93
0005,三峡,31100201,980.46,82,93
0005,三峡,31100201,999.91,83,93
0005,三峡,31100201,142,0,96
0005,三峡,31100201,148,1,96
0005,三峡,31100201,153,2,96
0005,三峡,31100201,159,3,96
0005,三峡,31100201,172,5,96
0005,三峡,31100201,195,8,96
0005,三峡,31100201,203,9,96
0005,三峡,31100201,212.987,10,96
0005,三峡,31100201,222.853,11,96
0005,三峡,31100201,233.656,12,96
0005,三峡,31100201,243.434,13,96
0005,三峡,31100201,253.2,14,96
0005,三峡,31100201,262.944,15,96
0005,三峡,31100201,272.652,16,96
0005,三峡,31100201,282.3,17,96
0005,三峡,31100201,291.888,18,96
0005,三峡,31100201,301.416,19,96
0005,三峡,31100201,311.772,20,96
0005,三峡,31100201,320.922,21,96
0005,三峡,31100201,329.826,22,96
0005,三峡,31100201,338.664,23,96
0005,三峡,31100201,347.616,24,96
0005,三峡,31100201,356.835,25,96
0005,三峡,31100201,366.348,26,96
0005,三峡,31100201,376.029,27,96
0005,三峡,31100201,386.712,28,96
0005,三峡,31100201,397,29,96
0005,三峡,31100201,406,30,96
0005,三峡,31100201,424.158,32,96
0005,三峡,31100201,433.136,33,96
0005,三峡,31100201,441.864,34,96
0005,三峡,31100201,450.324,35,96
0005,三峡,31100201,459.4,36,96
0005,三峡,31100201,467.55,37,96
0005,三峡,31100201,475.685,38,96
0005,三峡,31100201,483.88,39,96
0005,三峡,31100201,492.165,40,96
0005,三峡,31100201,500.515,41,96
0005,三峡,31100201,508.9,42,96
0005,三峡,31100201,517.315,43,96
0005,三峡,31100201,526.612,44,96
0005,三峡,31100201,535.136,45,96
0005,三峡,31100201,543.792,46,96
0005,三峡,31100201,552.65,47,96
0005,三峡,31100201,561.768,48,96
0005,三峡,31100201,571.184,49,96
0005,三峡,31100201,580.916,50,96
0005,三峡,31100201,590.92,51,96
0005,三峡,31100201,602.149,52,96
0005,三峡,31100201,612.489,53,96
0005,三峡,31100201,622.88,54,96
0005,三峡,31100201,633.42,55,96
0005,三峡,31100201,644.188,56,96
0005,三峡,31100201,655.028,57,96
0005,三峡,31100201,665.7,58,96
0005,三峡,31100201,675.964,59,96
0005,三峡,31100201,686.736,60,96
0005,三峡,31100201,696.238,61,96
0005,三峡,31100201,705.586,62,96
0005,三峡,31100201,714.866,63,96
0005,三峡,31100201,733.4,65,96
0005,三峡,31100201,742.578,66,96
0005,三峡,31100201,751.714,67,96
0005,三峡,31100201,761.793,68,96
0005,三峡,31100201,771.071,69,96
0005,三峡,31100201,780.802,70,96
0005,三峡,31100201,791.257,71,96
0005,三峡,31100201,802.336,72,96
0005,三峡,31100201,813.899,73,96
0005,三峡,31100201,825.806,74,96
0005,三峡,31100201,838.088,75,96
0005,三峡,31100201,852.08,76,96
0005,三峡,31100201,865.19,77,96
0005,三峡,31100201,878.53,78,96
0005,三峡,31100201,892,79,96
0005,三峡,31100201,905.71,80,96
0005,三峡,31100201,919.84,81,96
0005,三峡,31100201,934.43,82,96
0005,三峡,31100201,949.47,83,96
0005,三峡,31100201,140,0,99
0005,三峡,31100201,145,1,99
0005,三峡,31100201,161,4,99
0005,三峡,31100201,174,6,99
0005,三峡,31100201,189,8,99
0005,三峡,31100201,207.117,10,99
0005,三峡,31100201,218.267,11,99
0005,三峡,31100201,230.26,12,99
0005,三峡,31100201,240.742,13,99
0005,三峡,31100201,250.6,14,99
0005,三峡,31100201,259.76,15,99
0005,三峡,31100201,268.56,16,99
0005,三峡,31100201,304.64,20,99
0005,三峡,31100201,313.44,21,99
0005,三峡,31100201,348.664,25,99
0005,三峡,31100201,357.58,26,99
0005,三峡,31100201,366.598,27,99
0005,三峡,31100201,376.564,28,99
0005,三峡,31100201,385.6,29,99
0005,三峡,31100201,394.596,30,99
0005,三峡,31100201,412.56,32,99
0005,三峡,31100201,421.384,33,99
0005,三峡,31100201,429.966,34,99
0005,三峡,31100201,438.28,35,99
0005,三峡,31100201,447.3,36,99
0005,三峡,31100201,455.5,37,99
0005,三峡,31100201,513.72,44,99
0005,三峡,31100201,522.022,45,99
0005,三峡,31100201,530.572,46,99
0005,三峡,31100201,539.374,47,99
0005,三峡,31100201,548.336,48,99
0005,三峡,31100201,557.376,49,99
0005,三峡,31100201,566.472,50,99
0005,三峡,31100201,575.664,51,99
0005,三峡,31100201,585.933,52,99
0005,三峡,31100201,595.428,53,99
0005,三峡,31100201,605.087,54,99
0005,三峡,31100201,615.007,55,99
0005,三峡,31100201,625.213,56,99
0005,三峡,31100201,635.58,57,99
0005,三峡,31100201,645.903,58,99
0005,三峡,31100201,655.997,59,99
0005,三峡,31100201,666.832,60,99
0005,三峡,31100201,676.59,61,99
0005,三峡,31100201,686.252,62,99
0005,三峡,31100201,695.788,63,99
0005,三峡,31100201,705.138,64,99
0005,三峡,31100201,714.36,65,99
0005,三峡,31100201,723.56,66,99
0005,三峡,31100201,742.88,68,99
0005,三峡,31100201,752.08,69,99
0005,三峡,31100201,808.126,75,99
0005,三峡,31100201,820.78,76,99
0005,三峡,31100201,833.36,77,99
0005,三峡,31100201,846.29,78,99
0005,三峡,31100201,859,79,99
0005,三峡,31100201,871.46,80,99
0005,三峡,31100201,884.03,81,99
0005,三峡,31100201,896.77,82,99
0005,三峡,31100201,909.75,83,99
0005,三峡,31100201,138,0,102
0005,三峡,31100201,142.545,1,102
0005,三峡,31100201,147.379,2,102
0005,三峡,31100201,163,5,102
0005,三峡,31100201,169,6,102
0005,三峡,31100201,176,7,102
0005,三峡,31100201,184,8,102
0005,三峡,31100201,202,10,102
0005,三峡,31100201,213,11,102
0005,三峡,31100201,244,14,102
0005,三峡,31100201,254,15,102
0005,三峡,31100201,263,16,102
0005,三峡,31100201,289,19,102
0005,三峡,31100201,298,20,102
0005,三峡,31100201,315,22,102
0005,三峡,31100201,322.77,23,102
0005,三峡,31100201,331.106,24,102
0005,三峡,31100201,339.646,25,102
0005,三峡,31100201,348.556,26,102
0005,三峡,31100201,357.703,27,102
0005,三峡,31100201,367.786,28,102
0005,三峡,31100201,376.744,29,102
0005,三峡,31100201,385.4,30,102
0005,三峡,31100201,393.884,31,102
0005,三峡,31100201,402.324,32,102
0005,三峡,31100201,410.71,33,102
0005,三峡,31100201,419.032,34,102
0005,三峡,31100201,427.296,35,102
0005,三峡,31100201,436.355,36,102
0005,三峡,31100201,444.57,37,102
0005,三峡,31100201,452.76,38,102
0005,三峡,31100201,460.925,39,102
0005,三峡,31100201,469.03,40,102
0005,三峡,31100201,477.045,41,102
0005,三峡,31100201,485,42,102
0005,三峡,31100201,501.776,44,102
0005,三峡,31100201,509.926,45,102
0005,三峡,31100201,518.22,46,102
0005,三峡,31100201,526.624,47,102
0005,三峡,31100201,535.094,48,102
0005,三峡,31100201,543.596,49,102
0005,三峡,31100201,560.664,51,102
0005,三峡,31100201,570.204,52,102
0005,三峡,31100201,579.085,53,102
0005,三峡,31100201,588.231,54,102
0005,三峡,31100201,597.762,55,102
0005,三峡,31100201,607.695,56,102
0005,三峡,31100201,617.864,57,102
0005,三峡,31100201,628.049,58,102
0005,三峡,31100201,638.03,59,102
0005,三峡,31100201,648.752,60,102
0005,三峡,31100201,658.41,61,102
0005,三峡,31100201,668.02,62,102
0005,三峡,31100201,677.588,63,102
0005,三峡,31100201,687.1,64,102
0005,三峡,31100201,696.512,65,102
0005,三峡,31100201,705.806,66,102
0005,三峡,31100201,714.988,67,102
0005,三峡,31100201,725.019,68,102
0005,三峡,31100201,734.093,69,102
0005,三峡,31100201,742.848,70,102
0005,三峡,31100201,751.136,71,102
0005,三峡,31100201,759.232,72,102
0005,三峡,31100201,767.456,73,102
0005,三峡,31100201,776.128,74,102
0005,三峡,31100201,785.451,75,102
0005,三峡,31100201,796.36,76,102
0005,三峡,31100201,806.84,77,102
0005,三峡,31100201,817.75,78,102
0005,三峡,31100201,829,79,102
0005,三峡,31100201,840.51,80,102
0005,三峡,31100201,852.24,81,102
0005,三峡,31100201,864.22,82,102
0005,三峡,31100201,876.47,83,102
0005,三峡,31100201,890.277,84,102
0005,三峡,31100201,136,0,105
0005,三峡,31100201,140.871,1,105
0005,三峡,31100201,156,4,105
0005,三峡,31100201,162,5,105
0005,三峡,31100201,175,7,105
0005,三峡,31100201,183,8,105
0005,三峡,31100201,200.972,10,105
0005,三峡,31100201,210.676,11,105
0005,三峡,31100201,221.16,12,105
0005,三峡,31100201,230.528,13,105
0005,三峡,31100201,239.736,14,105
0005,三峡,31100201,248.782,15,105
0005,三峡,31100201,257.66,16,105
0005,三峡,31100201,266.378,17,105
0005,三峡,31100201,274.938,18,105
0005,三峡,31100201,283.352,19,105
0005,三峡,31100201,292.397,20,105
0005,三峡,31100201,300.288,21,105
0005,三峡,31100201,307.915,22,105
0005,三峡,31100201,315.513,23,105
0005,三峡,31100201,323.337,24,105
0005,三峡,31100201,331.583,25,105
0005,三峡,31100201,340.286,26,105
0005,三峡,31100201,349.236,27,105
0005,三峡,31100201,359.11,28,105
0005,三峡,31100201,367.87,29,105
0005,三峡,31100201,376.3,30,105
0005,三峡,31100201,384.522,31,105
0005,三峡,31100201,392.694,32,105
0005,三峡,31100201,409.056,34,105
0005,三峡,31100201,417.344,35,105
0005,三峡,31100201,426.585,36,105
0005,三峡,31100201,435.05,37,105
0005,三峡,31100201,443.5,38,105
0005,三峡,31100201,451.855,39,105
0005,三峡,31100201,459.955,40,105
0005,三峡,31100201,467.655,41,105
0005,三峡,31100201,475.07,42,105
0005,三峡,31100201,482.465,43,105
0005,三峡,31100201,490.876,44,105
0005,三峡,31100201,498.866,45,105
0005,三峡,31100201,507.012,46,105
0005,三峡,31100201,515.206,47,105
0005,三峡,31100201,523.434,48,105
0005,三峡,31100201,531.692,49,105
0005,三峡,31100201,548.178,51,105
0005,三峡,31100201,557.287,52,105
0005,三峡,31100201,565.716,53,105
0005,三峡,31100201,574.378,54,105
0005,三峡,31100201,583.342,55,105
0005,三峡,31100201,592.591,56,105
0005,三峡,31100201,602.033,57,105
0005,三峡,31100201,611.579,58,105
0005,三峡,31100201,621.135,59,105
0005,三峡,31100201,631.672,60,105
0005,三峡,31100201,641.326,61,105
0005,三峡,31100201,651.012,62,105
0005,三峡,31100201,660.638,63,105
0005,三峡,31100201,670.112,64,105
0005,三峡,31100201,679.344,65,105
0005,三峡,31100201,688.308,66,105
0005,三峡,31100201,697.074,67,105
0005,三峡,31100201,706.569,68,105
0005,三峡,31100201,715.143,69,105
0005,三峡,31100201,723.641,70,105
0005,三峡,31100201,732.041,71,105
0005,三峡,31100201,740.377,72,105
0005,三峡,31100201,748.725,73,105
0005,三峡,31100201,757.156,74,105
0005,三峡,31100201,765.704,75,105
0005,三峡,31100201,775.28,76,105
0005,三峡,31100201,784.22,77,105
0005,三峡,31100201,793.44,78,105
0005,三峡,31100201,803,79,105
0005,三峡,31100201,813.09,80,105
0005,三峡,31100201,823.78,81,105
0005,三峡,31100201,834.92,82,105
0005,三峡,31100201,846.37,83,105
0005,三峡,31100201,859.171,84,105
0005,三峡,31100201,134,0,108
0005,三峡,31100201,138.827,1,108
0005,三峡,31100201,149,3,108
0005,三峡,31100201,155,4,108
0005,三峡,31100201,160,5,108
0005,三峡,31100201,167,6,108
0005,三峡,31100201,182,8,108
0005,三峡,31100201,199.895,10,108
0005,三峡,31100201,208.836,11,108
0005,三峡,31100201,218.566,12,108
0005,三峡,31100201,227.336,13,108
0005,三峡,31100201,236.056,14,108
0005,三峡,31100201,244.722,15,108
0005,三峡,31100201,253.312,16,108
0005,三峡,31100201,261.8,17,108
0005,三峡,31100201,270.178,18,108
0005,三峡,31100201,278.448,19,108
0005,三峡,31100201,287.358,20,108
0005,三峡,31100201,295.101,21,108
0005,三峡,31100201,302.532,22,108
0005,三峡,31100201,309.911,23,108
0005,三峡,31100201,317.498,24,108
0005,三峡,31100201,325.484,25,108
0005,三峡,31100201,333.824,26,108
0005,三峡,31100201,342.322,27,108
0005,三峡,31100201,351.684,28,108
0005,三峡,31100201,360.056,29,108
0005,三峡,31100201,368.216,30,108
0005,三峡,31100201,376.228,31,108
0005,三峡,31100201,384.194,32,108
0005,三峡,31100201,400.17,34,108
0005,三峡,31100201,408.28,35,108
0005,三峡,31100201,417.36,36,108
0005,三峡,31100201,425.68,37,108
0005,三峡,31100201,433.94,38,108
0005,三峡,31100201,442.02,39,108
0005,三峡,31100201,449.9,40,108
0005,三峡,31100201,457.7,41,108
0005,三峡,31100201,481.88,44,108
0005,三峡,31100201,489.68,45,108
0005,三峡,31100201,528.704,50,108
0005,三峡,31100201,536.592,51,108
0005,三峡,31100201,545.36,52,108
0005,三峡,31100201,553.416,53,108
0005,三峡,31100201,561.552,54,108
0005,三峡,31100201,569.852,55,108
0005,三峡,31100201,578.408,56,108
0005,三峡,31100201,587.209,57,108
0005,三峡,31100201,596.177,58,108
0005,三峡,31100201,605.264,59,108
0005,三峡,31100201,615.432,60,108
0005,三峡,31100201,624.89,61,108
0005,三峡,31100201,634.43,62,108
0005,三峡,31100201,643.9,63,108
0005,三峡,31100201,653.158,64,108
0005,三峡,31100201,662.2,65,108
0005,三峡,31100201,671.136,66,108
0005,三峡,31100201,679.968,67,108
0005,三峡,31100201,689.56,68,108
0005,三峡,31100201,698.143,69,108
0005,三峡,31100201,706.605,70,108
0005,三峡,31100201,715.001,71,108
0005,三峡,31100201,723.364,72,108
0005,三峡,31100201,740.157,74,108
0005,三峡,31100201,748.65,75,108
0005,三峡,31100201,758.07,76,108
0005,三峡,31100201,766.69,77,108
0005,三峡,31100201,775.34,78,108
0005,三峡,31100201,792.84,80,108
0005,三峡,31100201,801.99,81,108
0005,三峡,31100201,811.43,82,108
0005,三峡,31100201,821.11,83,108
0005,三峡,31100201,832.039,84,108
0005,三峡,31100201,132,0,111
0005,三峡,31100201,137.263,1,111
0005,三峡,31100201,142,2,111
0005,三峡,31100201,148,3,111
0005,三峡,31100201,174,7,111
0005,三峡,31100201,199.785,10,111
0005,三峡,31100201,207.645,11,111
0005,三峡,31100201,216.404,12,111
0005,三峡,31100201,224.434,13,111
0005,三峡,31100201,232.512,14,111
0005,三峡,31100201,240.656,15,111
0005,三峡,31100201,248.982,16,111
0005,三峡,31100201,257.502,17,111
0005,三峡,31100201,266.042,18,111
0005,三峡,31100201,274.448,19,111
0005,三峡,31100201,283.31,20,111
0005,三峡,31100201,290.887,21,111
0005,三峡,31100201,298.132,22,111
0005,三峡,31100201,305.305,23,111
0005,三峡,31100201,312.666,24,111
0005,三峡,31100201,320.388,25,111
0005,三峡,31100201,328.372,26,111
0005,三峡,31100201,336.418,27,111
0005,三峡,31100201,345.268,28,111
0005,三峡,31100201,353.248,29,111
0005,三峡,31100201,361.128,30,111
0005,三峡,31100201,368.928,31,111
0005,三峡,31100201,376.694,32,111
0005,三峡,31100201,392.284,34,111
0005,三峡,31100201,400.18,35,111
0005,三峡,31100201,408.955,36,111
0005,三峡,31100201,416.98,37,111
0005,三峡,31100201,433.015,39,111
0005,三峡,31100201,440.96,40,111
0005,三峡,31100201,448.855,41,111
0005,三峡,31100201,456.7,42,111
0005,三峡,31100201,464.48,43,111
0005,三峡,31100201,472.94,44,111
0005,三峡,31100201,480.512,45,111
0005,三峡,31100201,487.954,46,111
0005,三峡,31100201,495.314,47,111
0005,三峡,31100201,502.654,48,111
0005,三峡,31100201,510.036,49,111
0005,三峡,31100201,517.494,50,111
0005,三峡,31100201,525.014,51,111
0005,三峡,31100201,533.343,52,111
0005,三峡,31100201,540.982,53,111
0005,三峡,31100201,548.684,54,111
0005,三峡,31100201,556.537,55,111
0005,三峡,31100201,564.629,56,111
0005,三峡,31100201,572.981,57,111
0005,三峡,31100201,581.565,58,111
0005,三峡,31100201,590.348,59,111
0005,三峡,31100201,600.256,60,111
0005,三峡,31100201,609.486,61,111
0005,三峡,31100201,618.796,62,111
0005,三峡,31100201,628.076,63,111
0005,三峡,31100201,637.186,64,111
0005,三峡,31100201,646.144,65,111
0005,三峡,31100201,655.042,66,111
0005,三峡,31100201,663.892,67,111
0005,三峡,31100201,673.517,68,111
0005,三峡,31100201,682.139,69,111
0005,三峡,31100201,690.659,70,111
0005,三峡,31100201,699.115,71,111
0005,三峡,31100201,707.52,72,111
0005,三峡,31100201,715.875,73,111
0005,三峡,31100201,724.171,74,111
0005,三峡,31100201,732.416,75,111
0005,三峡,31100201,741.44,76,111
0005,三峡,31100201,749.62,77,111
0005,三峡,31100201,766,79,111
0005,三峡,31100201,774.25,80,111
0005,三峡,31100201,782.58,81,111
0005,三峡,31100201,790.98,82,111
0005,三峡,31100201,800,83,111
0005,三峡,31100201,808.913,84,111
0005,三峡,31100201,131,0,113
0005,三峡,31100201,136.263,1,113
0005,三峡,31100201,141,2,113
0005,三峡,31100201,147,3,113
0005,三峡,31100201,173,7,113
0005,三峡,31100201,198.786,10,113
0005,三峡,31100201,206.655,11,113
0005,三峡,31100201,215.416,12,113
0005,三峡,31100201,223.454,13,113
0005,三峡,31100201,231.528,14,113
0005,三峡,31100201,239.658,15,113
0005,三峡,31100201,248,16,113
0005,三峡,31100201,256.562,17,113
0005,三峡,31100201,265.142,18,113
0005,三峡,31100201,273.528,19,113
0005,三峡,31100201,282.235,20,113
0005,三峡,31100201,289.52,21,113
0005,三峡,31100201,296.354,22,113
0005,三峡,31100201,303.061,23,113
0005,三峡,31100201,309.96,24,113
0005,三峡,31100201,317.259,25,113
0005,三峡,31100201,324.792,26,113
0005,三峡,31100201,332.347,27,113
0005,三峡,31100201,340.712,28,113
0005,三峡,31100201,348.374,29,113
0005,三峡,31100201,356.104,30,113
0005,三峡,31100201,363.872,31,113
0005,三峡,31100201,371.66,32,113
0005,三峡,31100201,379.468,33,113
0005,三峡,31100201,387.296,34,113
0005,三峡,31100201,395.2,35,113
0005,三峡,31100201,404.09,36,113
0005,三峡,31100201,412.27,37,113
0005,三峡,31100201,420.36,38,113
0005,三峡,31100201,428.18,39,113
0005,三峡,31100201,435.7,40,113
0005,三峡,31100201,443.1,41,113
0005,三峡,31100201,466.04,44,113
0005,三峡,31100201,473.44,45,113
0005,三峡,31100201,525.98,52,113
0005,三峡,31100201,533.38,53,113
0005,三峡,31100201,548.313,55,113
0005,三峡,31100201,556.155,56,113
0005,三峡,31100201,564.308,57,113
0005,三峡,31100201,572.737,58,113
0005,三峡,31100201,581.387,59,113
0005,三峡,31100201,591.04,60,113
0005,三峡,31100201,599.84,61,113
0005,三峡,31100201,662.32,68,113
0005,三峡,31100201,671.12,69,113
0005,三峡,31100201,679.83,70,113
0005,三峡,31100201,688.377,71,113
0005,三峡,31100201,696.772,72,113
0005,三峡,31100201,705.035,73,113
0005,三峡,31100201,713.186,74,113
0005,三峡,31100201,721.173,75,113
0005,三峡,31100201,729.76,76,113
0005,三峡,31100201,737.47,77,113
0005,三峡,31100201,753,79,113
0005,三峡,31100201,760.96,80,113
0005,三峡,31100201,769.04,81,113
0005,三峡,31100201,777.23,82,113
0005,三峡,31100201,785.55,83,113
0005,三峡,31100201,794.885,84,113
0005,三峡,31100301,12.2,0,61
0005,三峡,31100301,13.2,0.1,61
0005,三峡,31100301,14.3,0.2,61
0005,三峡,31100301,15.5,0.3,61
0005,三峡,31100301,16.8,0.4,61
0005,三峡,31100301,17.9,0.5,61
0005,三峡,31100301,19.2,0.6,61
0005,三峡,31100301,20.3,0.7,61
0005,三峡,31100301,21.5,0.8,61
0005,三峡,31100301,22.8,0.9,61
0005,三峡,31100301,24,1,61
0005,三峡,31100301,26.5,1.2,61
0005,三峡,31100301,29,1.4,61
0005,三峡,31100301,30.4,1.5,61
0005,三峡,31100301,31.6,1.6,61
0005,三峡,31100301,33.1,1.7,61
0005,三峡,31100301,34.5,1.8,61
0005,三峡,31100301,36.1,1.9,61
0005,三峡,31100301,37.6,2,61
0005,三峡,31100301,42,2.3,61
0005,三峡,31100301,46.3,2.6,61
0005,三峡,31100301,48.1,2.7,61
0005,三峡,31100301,50.6,2.8,61
0005,三峡,31100301,54.5,2.9,61
0005,三峡,31100301,60.9,3,61
0005,三峡,31100301,11.7,0,64
0005,三峡,31100301,12.7,0.1,64
0005,三峡,31100301,13.8,0.2,64
0005,三峡,31100301,16.2,0.4,64
0005,三峡,31100301,17.4,0.5,64
0005,三峡,31100301,19.7,0.7,64
0005,三峡,31100301,22,0.9,64
0005,三峡,31100301,23.1,1,64
0005,三峡,31100301,24.3,1.1,64
0005,三峡,31100301,25.6,1.2,64
0005,三峡,31100301,26.8,1.3,64
0005,三峡,31100301,28.1,1.4,64
0005,三峡,31100301,29.2,1.5,64
0005,三峡,31100301,30.4,1.6,64
0005,三峡,31100301,32.9,1.8,64
0005,三峡,31100301,34.3,1.9,64
0005,三峡,31100301,37.2,2.1,64
0005,三峡,31100301,38.6,2.2,64
0005,三峡,31100301,40.1,2.3,64
0005,三峡,31100301,41.4,2.4,64
0005,三峡,31100301,42.8,2.5,64
0005,三峡,31100301,44.1,2.6,64
0005,三峡,31100301,45.5,2.7,64
0005,三峡,31100301,47,2.8,64
0005,三峡,31100301,48.7,2.9,64
0005,三峡,31100301,51.2,3,64
0005,三峡,31100301,54.1,3.1,64
0005,三峡,31100301,63.6,3.3,64
0005,三峡,31100301,11.1,0,67
0005,三峡,31100301,12.2,0.1,67
0005,三峡,31100301,15.6,0.4,67
0005,三峡,31100301,16.7,0.5,67
0005,三峡,31100301,17.9,0.6,67
0005,三峡,31100301,19,0.7,67
0005,三峡,31100301,21.3,0.9,67
0005,三峡,31100301,22.4,1,67
0005,三峡,31100301,23.6,1.1,67
0005,三峡,31100301,25.9,1.3,67
0005,三峡,31100301,27.1,1.4,67
0005,三峡,31100301,28.2,1.5,67
0005,三峡,31100301,29.4,1.6,67
0005,三峡,31100301,30.5,1.7,67
0005,三峡,31100301,31.7,1.8,67
0005,三峡,31100301,34.2,2,67
0005,三峡,31100301,38.2,2.3,67
0005,三峡,31100301,40.9,2.5,67
0005,三峡,31100301,42.3,2.6,67
0005,三峡,31100301,43.6,2.7,67
0005,三峡,31100301,47.8,3,67
0005,三峡,31100301,49.5,3.1,67
0005,三峡,31100301,51.6,3.2,67
0005,三峡,31100301,54.3,3.3,67
0005,三峡,31100301,57.6,3.4,67
0005,三峡,31100301,62.6,3.5,67
0005,三峡,31100301,10.6,0,70
0005,三峡,31100301,11.7,0.1,70
0005,三峡,31100301,19.5,0.8,70
0005,三峡,31100301,20.6,0.9,70
0005,三峡,31100301,24,1.2,70
0005,三峡,31100301,25.1,1.3,70
0005,三峡,31100301,29.6,1.7,70
0005,三峡,31100301,30.7,1.8,70
0005,三峡,31100301,33,2,70
0005,三峡,31100301,35.3,2.2,70
0005,三峡,31100301,36.6,2.3,70
0005,三峡,31100301,40.6,2.6,70
0005,三峡,31100301,41.9,2.7,70
0005,三峡,31100301,43.1,2.8,70
0005,三峡,31100301,45.6,3,70
0005,三峡,31100301,47.1,3.1,70
0005,三峡,31100301,50.2,3.3,70
0005,三峡,31100301,52.2,3.4,70
0005,三峡,31100301,54.7,3.5,70
0005,三峡,31100301,57.4,3.6,70
0005,三峡,31100301,60.7,3.7,70
0005,三峡,31100301,65,3.8,70
0005,三峡,31100301,70.2,3.9,70
0005,三峡,31100301,10.2,0,73
0005,三峡,31100301,11.3,0.1,73
0005,三峡,31100301,12.3,0.2,73
0005,三峡,31100301,13.4,0.3,73
0005,三峡,31100301,16.6,0.6,73
0005,三峡,31100301,17.7,0.7,73
0005,三峡,31100301,18.9,0.8,73
0005,三峡,31100301,19.9,0.9,73
0005,三峡,31100301,21,1,73
0005,三峡,31100301,23.3,1.2,73
0005,三峡,31100301,24.4,1.3,73
0005,三峡,31100301,25.4,1.4,73
0005,三峡,31100301,26.5,1.5,73
0005,三峡,31100301,28.6,1.7,73
0005,三峡,31100301,29.7,1.8,73
0005,三峡,31100301,35.3,2.3,73
0005,三峡,31100301,39,2.6,73
0005,三峡,31100301,40.2,2.7,73
0005,三峡,31100301,41.5,2.8,73
0005,三峡,31100301,42.7,2.9,73
0005,三峡,31100301,47.7,3.3,73
0005,三峡,31100301,50.9,3.5,73
0005,三峡,31100301,52.9,3.6,73
0005,三峡,31100301,55.1,3.7,73
0005,三峡,31100301,57.5,3.8,73
0005,三峡,31100301,60.2,3.9,73
0005,三峡,31100301,63,4,73
0005,三峡,31100301,67,4.1,73
0005,三峡,31100301,71.6,4.2,73
0005,三峡,31100301,80,4.3,73
0005,三峡,31100301,9.9,0,76
0005,三峡,31100301,10.9,0.1,76
0005,三峡,31100301,11.8,0.2,76
0005,三峡,31100301,12.9,0.3,76
0005,三峡,31100301,15,0.5,76
0005,三峡,31100301,16.1,0.6,76
0005,三峡,31100301,17.1,0.7,76
0005,三峡,31100301,18.2,0.8,76
0005,三峡,31100301,21.4,1.1,76
0005,三峡,31100301,22.6,1.2,76
0005,三峡,31100301,23.6,1.3,76
0005,三峡,31100301,24.7,1.4,76
0005,三峡,31100301,25.7,1.5,76
0005,三峡,31100301,27.8,1.7,76
0005,三峡,31100301,28.8,1.8,76
0005,三峡,31100301,30.9,2,76
0005,三峡,31100301,31.9,2.1,76
0005,三峡,31100301,33,2.2,76
0005,三峡,31100301,37.5,2.6,76
0005,三峡,31100301,41.2,2.9,76
0005,三峡,31100301,42.4,3,76
0005,三峡,31100301,44.7,3.2,76
0005,三峡,31100301,47,3.4,76
0005,三峡,31100301,48.4,3.5,76
0005,三峡,31100301,51.7,3.7,76
0005,三峡,31100301,55.7,3.9,76
0005,三峡,31100301,60,4.1,76
0005,三峡,31100301,63.2,4.2,76
0005,三峡,31100301,67,4.3,76
0005,三峡,31100301,72.4,4.4,76
0005,三峡,31100301,9.5,0,79
0005,三峡,31100301,10.4,0.1,79
0005,三峡,31100301,11.4,0.2,79
0005,三峡,31100301,13.5,0.4,79
0005,三峡,31100301,14.5,0.5,79
0005,三峡,31100301,17.6,0.8,79
0005,三峡,31100301,18.6,0.9,79
0005,三峡,31100301,19.7,1,79
0005,三峡,31100301,20.7,1.1,79
0005,三峡,31100301,21.8,1.2,79
0005,三峡,31100301,25,1.5,79
0005,三峡,31100301,34.1,2.4,79
0005,三峡,31100301,35.1,2.5,79
0005,三峡,31100301,36.2,2.6,79
0005,三峡,31100301,37.4,2.7,79
0005,三峡,31100301,38.5,2.8,79
0005,三峡,31100301,39.7,2.9,79
0005,三峡,31100301,44.4,3.3,79
0005,三峡,31100301,47.9,3.6,79
0005,三峡,31100301,49.3,3.7,79
0005,三峡,31100301,50.6,3.8,79
0005,三峡,31100301,52.3,3.9,79
0005,三峡,31100301,54.2,4,79
0005,三峡,31100301,56.2,4.1,79
0005,三峡,31100301,58.1,4.2,79
0005,三峡,31100301,60.2,4.3,79
0005,三峡,31100301,62.4,4.4,79
0005,三峡,31100301,64.9,4.5,79
0005,三峡,31100301,68.1,4.6,79
0005,三峡,31100301,75.2,4.7,79
0005,三峡,31100301,9.2,0,82
0005,三峡,31100301,10.1,0.1,82
0005,三峡,31100301,12,0.3,82
0005,三峡,31100301,13.1,0.4,82
0005,三峡,31100301,14.1,0.5,82
0005,三峡,31100301,21.2,1.2,82
0005,三峡,31100301,22.2,1.3,82
0005,三峡,31100301,23.3,1.4,82
0005,三峡,31100301,24.3,1.5,82
0005,三峡,31100301,25.4,1.6,82
0005,三峡,31100301,26.3,1.7,82
0005,三峡,31100301,27.3,1.8,82
0005,三峡,31100301,28.2,1.9,82
0005,三峡,31100301,29.2,2,82
0005,三峡,31100301,31.1,2.2,82
0005,三峡,31100301,32.1,2.3,82
0005,三峡,31100301,36.2,2.7,82
0005,三峡,31100301,41.8,3.2,82
0005,三峡,31100301,42.9,3.3,82
0005,三峡,31100301,44.1,3.4,82
0005,三峡,31100301,45.2,3.5,82
0005,三峡,31100301,48.7,3.8,82
0005,三峡,31100301,52.8,4.1,82
0005,三峡,31100301,54.7,4.2,82
0005,三峡,31100301,62.4,4.6,82
0005,三峡,31100301,64.6,4.7,82
0005,三峡,31100301,67,4.8,82
0005,三峡,31100301,71,4.9,82
0005,三峡,31100301,76,5,82
0005,三峡,31100301,82,5.1,82
0005,三峡,31100301,95,5.3,82
0005,三峡,31100301,9,0,85
0005,三峡,31100301,9.9,0.1,85
0005,三峡,31100301,12.7,0.4,85
0005,三峡,31100301,18.6,1,85
0005,三峡,31100301,19.6,1.1,85
0005,三峡,31100301,27.5,1.9,85
0005,三峡,31100301,28.5,2,85
0005,三峡,31100301,29.4,2.1,85
0005,三峡,31100301,30.4,2.2,85
0005,三峡,31100301,31.3,2.3,85
0005,三峡,31100301,33.2,2.5,85
0005,三峡,31100301,37.3,2.9,85
0005,三峡,31100301,38.3,3,85
0005,三峡,31100301,39.4,3.1,85
0005,三峡,31100301,48.1,3.9,85
0005,三峡,31100301,49.3,4,85
0005,三峡,31100301,50.4,4.1,85
0005,三峡,31100301,51.7,4.2,85
0005,三峡,31100301,53.6,4.3,85
0005,三峡,31100301,55.3,4.4,85
0005,三峡,31100301,57.1,4.5,85
0005,三峡,31100301,58.8,4.6,85
0005,三峡,31100301,60.6,4.7,85
0005,三峡,31100301,62.5,4.8,85
0005,三峡,31100301,66.6,5,85
0005,三峡,31100301,69.1,5.1,85
0005,三峡,31100301,72.5,5.2,85
0005,三峡,31100301,77,5.3,85
0005,三峡,31100301,8.7,0,88
0005,三峡,31100301,9.7,0.1,88
0005,三峡,31100301,10.6,0.2,88
0005,三峡,31100301,12.5,0.4,88
0005,三峡,31100301,13.4,0.5,88
0005,三峡,31100301,15.3,0.7,88
0005,三峡,31100301,18.2,1,88
0005,三峡,31100301,19.2,1.1,88
0005,三峡,31100301,20.1,1.2,88
0005,三峡,31100301,22,1.4,88
0005,三峡,31100301,23.9,1.6,88
0005,三峡,31100301,24.9,1.7,88
0005,三峡,31100301,25.8,1.8,88
0005,三峡,31100301,26.8,1.9,88
0005,三峡,31100301,27.7,2,88
0005,三峡,31100301,29.6,2.2,88
0005,三峡,31100301,30.5,2.3,88
0005,三峡,31100301,32.4,2.5,88
0005,三峡,31100301,33.3,2.6,88
0005,三峡,31100301,34.3,2.7,88
0005,三峡,31100301,35.2,2.8,88
0005,三峡,31100301,36.2,2.9,88
0005,三峡,31100301,38.3,3.1,88
0005,三峡,31100301,39.3,3.2,88
0005,三峡,31100301,41.4,3.4,88
0005,三峡,31100301,42.4,3.5,88
0005,三峡,31100301,43.5,3.6,88
0005,三峡,31100301,44.5,3.7,88
0005,三峡,31100301,45.6,3.8,88
0005,三峡,31100301,47.7,4,88
0005,三峡,31100301,48.6,4.1,88
0005,三峡,31100301,49.6,4.2,88
0005,三峡,31100301,51.3,4.3,88
0005,三峡,31100301,52.6,4.4,88
0005,三峡,31100301,54.2,4.5,88
0005,三峡,31100301,57.5,4.7,88
0005,三峡,31100301,60.8,4.9,88
0005,三峡,31100301,62.6,5,88
0005,三峡,31100301,66.3,5.2,88
0005,三峡,31100301,68.1,5.3,88
0005,三峡,31100301,8.5,0,91
0005,三峡,31100301,9.4,0.1,91
0005,三峡,31100301,11.3,0.3,91
0005,三峡,31100301,12.2,0.4,91
0005,三峡,31100301,15.9,0.8,91
0005,三峡,31100301,17.7,1,91
0005,三峡,31100301,18.8,1.1,91
0005,三峡,31100301,19.6,1.2,91
0005,三峡,31100301,20.5,1.3,91
0005,三峡,31100301,23.3,1.6,91
0005,三峡,31100301,24.2,1.7,91
0005,三峡,31100301,27,2,91
0005,三峡,31100301,27.9,2.1,91
0005,三峡,31100301,32.5,2.6,91
0005,三峡,31100301,33.4,2.7,91
0005,三峡,31100301,35.3,2.9,91
0005,三峡,31100301,36.2,3,91
0005,三峡,31100301,37.2,3.1,91
0005,三峡,31100301,45.3,3.9,91
0005,三峡,31100301,46.3,4,91
0005,三峡,31100301,49.4,4.3,91
0005,三峡,31100301,50.6,4.4,91
0005,三峡,31100301,51.9,4.5,91
0005,三峡,31100301,53.3,4.6,91
0005,三峡,31100301,56.2,4.8,91
0005,三峡,31100301,57.9,4.9,91
0005,三峡,31100301,59.5,5,91
0005,三峡,31100301,64.1,5.3,91
0005,三峡,31100301,8.3,0,94
0005,三峡,31100301,9.2,0.1,94
0005,三峡,31100301,14.5,0.7,94
0005,三峡,31100301,15.4,0.8,94
0005,三峡,31100301,16.4,0.9,94
0005,三峡,31100301,17.3,1,94
0005,三峡,31100301,18.3,1.1,94
0005,三峡,31100301,19.1,1.2,94
0005,三峡,31100301,20.8,1.4,94
0005,三峡,31100301,27.2,2.1,94
0005,三峡,31100301,28.1,2.2,94
0005,三峡,31100301,28.9,2.3,94
0005,三峡,31100301,29.8,2.4,94
0005,三峡,31100301,35.3,3,94
0005,三峡,31100301,36.2,3.1,94
0005,三峡,31100301,38.1,3.3,94
0005,三峡,31100301,40,3.5,94
0005,三峡,31100301,41,3.6,94
0005,三峡,31100301,47.9,4.3,94
0005,三峡,31100301,49,4.4,94
0005,三峡,31100301,51.3,4.6,94
0005,三峡,31100301,53.9,4.8,94
0005,三峡,31100301,58.3,5.1,94
0005,三峡,31100301,61.1,5.3,94
0005,三峡,31100301,8.2,0,97
0005,三峡,31100301,9,0.1,97
0005,三峡,31100301,10.8,0.3,97
0005,三峡,31100301,11.5,0.4,97
0005,三峡,31100301,12.4,0.5,97
0005,三峡,31100301,15,0.8,97
0005,三峡,31100301,16,0.9,97
0005,三峡,31100301,16.8,1,97
0005,三峡,31100301,17.7,1.1,97
0005,三峡,31100301,20.3,1.4,97
0005,三峡,31100301,21.2,1.5,97
0005,三峡,31100301,23.8,1.8,97
0005,三峡,31100301,24.7,1.9,97
0005,三峡,31100301,28.2,2.3,97
0005,三峡,31100301,29.9,2.5,97
0005,三峡,31100301,39.9,3.6,97
0005,三峡,31100301,40.8,3.7,97
0005,三峡,31100301,41.8,3.8,97
0005,三峡,31100301,42.7,3.9,97
0005,三峡,31100301,43.7,4,97
0005,三峡,31100301,46.6,4.3,97
0005,三峡,31100301,48.5,4.5,97
0005,三峡,31100301,49.6,4.6,97
0005,三峡,31100301,51.9,4.8,97
0005,三峡,31100301,54.4,5,97
0005,三峡,31100301,57.1,5.2,97
0005,三峡,31100301,58.3,5.3,97
0005,三峡,31100301,8,0,100
0005,三峡,31100301,8.8,0.1,100
0005,三峡,31100301,10.5,0.3,100
0005,三峡,31100301,11.2,0.4,100
0005,三峡,31100301,12.1,0.5,100
0005,三峡,31100301,13.8,0.7,100
0005,三峡,31100301,15.5,0.9,100
0005,三峡,31100301,16.3,1,100
0005,三峡,31100301,17.2,1.1,100
0005,三峡,31100301,19.8,1.4,100
0005,三峡,31100301,20.7,1.5,100
0005,三峡,31100301,22.4,1.7,100
0005,三峡,31100301,23.3,1.8,100
0005,三峡,31100301,24.1,1.9,100
0005,三峡,31100301,25,2,100
0005,三峡,31100301,25.8,2.1,100
0005,三峡,31100301,26.7,2.2,100
0005,三峡,31100301,27.5,2.3,100
0005,三峡,31100301,28.4,2.4,100
0005,三峡,31100301,29.2,2.5,100
0005,三峡,31100301,30.1,2.6,100
0005,三峡,31100301,30.9,2.7,100
0005,三峡,31100301,31.8,2.8,100
0005,三峡,31100301,33.5,3,100
0005,三峡,31100301,34.4,3.1,100
0005,三峡,31100301,35.2,3.2,100
0005,三峡,31100301,36.2,3.3,100
0005,三峡,31100301,37.1,3.4,100
0005,三峡,31100301,38.8,3.6,100
0005,三峡,31100301,39.7,3.7,100
0005,三峡,31100301,40.7,3.8,100
0005,三峡,31100301,41.6,3.9,100
0005,三峡,31100301,44.4,4.2,100
0005,三峡,31100301,45.3,4.3,100
0005,三峡,31100301,46.3,4.4,100
0005,三峡,31100301,47.2,4.5,100
0005,三峡,31100301,50.1,4.8,100
0005,三峡,31100301,52.4,5,100
0005,三峡,31100301,54.9,5.2,100
0005,三峡,31100301,55.9,5.3,100
0005,三峡,31100301,7.9,0,103
0005,三峡,31100301,8.7,0.1,103
0005,三峡,31100301,9.4,0.2,103
0005,三峡,31100301,10.3,0.3,103
0005,三峡,31100301,11,0.4,103
0005,三峡,31100301,11.9,0.5,103
0005,三峡,31100301,12.7,0.6,103
0005,三峡,31100301,13.6,0.7,103
0005,三峡,31100301,14.4,0.8,103
0005,三峡,31100301,16.9,1.1,103
0005,三峡,31100301,17.7,1.2,103
0005,三峡,31100301,18.6,1.3,103
0005,三峡,31100301,19.4,1.4,103
0005,三峡,31100301,20.3,1.5,103
0005,三峡,31100301,21.1,1.6,103
0005,三峡,31100301,22,1.7,103
0005,三峡,31100301,22.8,1.8,103
0005,三峡,31100301,24.5,2,103
0005,三峡,31100301,25.3,2.1,103
0005,三峡,31100301,27.8,2.4,103
0005,三峡,31100301,28.6,2.5,103
0005,三峡,31100301,30.3,2.7,103
0005,三峡,31100301,31.1,2.8,103
0005,三峡,31100301,32.8,3,103
0005,三峡,31100301,33.6,3.1,103
0005,三峡,31100301,34.5,3.2,103
0005,三峡,31100301,35.3,3.3,103
0005,三峡,31100301,36.2,3.4,103
0005,三峡,31100301,37.9,3.6,103
0005,三峡,31100301,38.8,3.7,103
0005,三峡,31100301,41.4,4,103
0005,三峡,31100301,42.3,4.1,103
0005,三峡,31100301,44.2,4.3,103
0005,三峡,31100301,45.1,4.4,103
0005,三峡,31100301,49.8,4.9,103
0005,三峡,31100301,50.8,5,103
0005,三峡,31100301,52.9,5.2,103
0005,三峡,31100301,53.9,5.3,103
0005,三峡,31100301,7.8,0,106
0005,三峡,31100301,8.5,0.1,106
0005,三峡,31100301,9.3,0.2,106
0005,三峡,31100301,10.8,0.4,106
0005,三峡,31100301,11.6,0.5,106
0005,三峡,31100301,12.5,0.6,106
0005,三峡,31100301,13.3,0.7,106
0005,三峡,31100301,17.4,1.2,106
0005,三峡,31100301,18.2,1.3,106
0005,三峡,31100301,19.9,1.5,106
0005,三峡,31100301,20.7,1.6,106
0005,三峡,31100301,22.4,1.8,106
0005,三峡,31100301,23.2,1.9,106
0005,三峡,31100301,28.1,2.5,106
0005,三峡,31100301,28.9,2.6,106
0005,三峡,31100301,33.8,3.2,106
0005,三峡,31100301,34.6,3.3,106
0005,三峡,31100301,36.3,3.5,106
0005,三峡,31100301,37.1,3.6,106
0005,三峡,31100301,38.8,3.8,106
0005,三峡,31100301,39.6,3.9,106
0005,三峡,31100301,40.5,4,106
0005,三峡,31100301,41.3,4.1,106
0005,三峡,31100301,42.2,4.2,106
0005,三峡,31100301,43.9,4.4,106
0005,三峡,31100301,44.8,4.5,106
0005,三峡,31100301,50.3,5.1,106
0005,三峡,31100301,7.6,0,109
0005,三峡,31100301,8.4,0.1,109
0005,三峡,31100301,9.1,0.2,109
0005,三峡,31100301,9.9,0.3,109
0005,三峡,31100301,10.6,0.4,109
0005,三峡,31100301,11.4,0.5,109
0005,三峡,31100301,13.1,0.7,109
0005,三峡,31100301,13.9,0.8,109
0005,三峡,31100301,14.6,0.9,109
0005,三峡,31100301,15.4,1,109
0005,三峡,31100301,18.7,1.4,109
0005,三峡,31100301,19.5,1.5,109
0005,三峡,31100301,22.8,1.9,109
0005,三峡,31100301,23.6,2,109
0005,三峡,31100301,36.5,3.6,109
0005,三峡,31100301,37.3,3.7,109
0005,三峡,31100301,41.4,4.2,109
0005,三峡,31100301,42.2,4.3,109
0005,三峡,31100301,44.7,4.6,109
0005,三峡,31100301,45.5,4.7,109
0005,三峡,31100301,47.2,4.9,109
0005,三峡,31100301,48.9,5.1,109
0005,三峡,31100301,49.9,5.2,109
0005,三峡,31100301,50.7,5.3,109
0005,三峡,31100301,7.5,0,112
0005,三峡,31100301,8.2,0.1,112
0005,三峡,31100301,11.1,0.5,112
0005,三峡,31100301,12.8,0.7,112
0005,三峡,31100301,13.6,0.8,112
0005,三峡,31100301,14.3,0.9,112
0005,三峡,31100301,15.1,1,112
0005,三峡,31100301,19.2,1.5,112
0005,三峡,31100301,20,1.6,112
0005,三峡,31100301,21.5,1.8,112
0005,三峡,31100301,22.4,1.9,112
0005,三峡,31100301,23.2,2,112
0005,三峡,31100301,34.3,3.4,112
0005,三峡,31100301,35.1,3.5,112
0005,三峡,31100301,42.2,4.4,112
0005,三峡,31100301,43,4.5,112
0005,三峡,31100301,49.3,5.3,112
0005,三峡,31100301,7.5,0,113
0005,三峡,31100301,8.2,0.1,113
0005,三峡,31100301,11.1,0.5,113
0005,三峡,31100301,12.8,0.7,113
0005,三峡,31100301,13.6,0.8,113
0005,三峡,31100301,14.3,0.9,113
0005,三峡,31100301,15.8,1.1,113
0005,三峡,31100301,19.1,1.5,113
0005,三峡,31100301,19.8,1.6,113
0005,三峡,31100301,20.6,1.7,113
0005,三峡,31100301,23.1,2,113
0005,三峡,31100301,23.9,2.1,113
0005,三峡,31100301,33.4,3.3,113
0005,三峡,31100301,34.2,3.4,113
0005,三峡,31100301,37.3,3.8,113
0005,三峡,31100301,38.1,3.9,113
0005,三峡,31100301,41.2,4.3,113
0005,三峡,31100301,42,4.4,113
0005,三峡,31100301,44.3,4.7,113
0005,三峡,31100301,45.1,4.8,113
0005,三峡,31100301,47.4,5.1,113
0005,三峡,31100301,48.3,5.2,113
0005,三峡,31100301,49.1,5.3,113
0005,三峡,31100401,185,0,60
0005,三峡,31100401,196,1,60
0005,三峡,31100401,208,2,60
0005,三峡,31100401,221,3,60
0005,三峡,31100401,236,4,60
0005,三峡,31100401,252,5,60
0005,三峡,31100401,266,6,60
0005,三峡,31100401,321,10,60
0005,三峡,31100401,335,11,60
0005,三峡,31100401,376,14,60
0005,三峡,31100401,390,15,60
0005,三峡,31100401,445,19,60
0005,三峡,31100401,459,20,60
0005,三峡,31100401,471,21,60
0005,三峡,31100401,508,24,60
0005,三峡,31100401,523,25,60
0005,三峡,31100401,540,26,60
0005,三峡,31100401,573,28,60
0005,三峡,31100401,590,29,60
0005,三峡,31100401,606,30,60
0005,三峡,31100401,621,31,60
0005,三峡,31100401,635,32,60
0005,三峡,31100401,650,33,60
0005,三峡,31100401,664,34,60
0005,三峡,31100401,679,35,60
0005,三峡,31100401,693,36,60
0005,三峡,31100401,708,37,60
0005,三峡,31100401,739,39,60
0005,三峡,31100401,756,40,60
0005,三峡,31100401,774,41,60
0005,三峡,31100401,798,42,60
0005,三峡,31100401,824,43,60
0005,三峡,31100401,854,44,60
0005,三峡,31100401,885,45,60
0005,三峡,31100401,933,46,60
0005,三峡,31100401,1030,48,60
0005,三峡,31100401,1078,49,60
0005,三峡,31100401,175,0,63
0005,三峡,31100401,188,1,63
0005,三峡,31100401,199,2,63
0005,三峡,31100401,211,3,63
0005,三峡,31100401,225,4,63
0005,三峡,31100401,240,5,63
0005,三峡,31100401,253,6,63
0005,三峡,31100401,267,7,63
0005,三峡,31100401,279,8,63
0005,三峡,31100401,305,10,63
0005,三峡,31100401,318,11,63
0005,三峡,31100401,345,13,63
0005,三峡,31100401,358,14,63
0005,三峡,31100401,372,15,63
0005,三峡,31100401,385,16,63
0005,三峡,31100401,422,19,63
0005,三峡,31100401,434,20,63
0005,三峡,31100401,445,21,63
0005,三峡,31100401,480,24,63
0005,三峡,31100401,495,25,63
0005,三峡,31100401,542,28,63
0005,三峡,31100401,557,29,63
0005,三峡,31100401,573,30,63
0005,三峡,31100401,604,32,63
0005,三峡,31100401,633,34,63
0005,三峡,31100401,648,35,63
0005,三峡,31100401,662,36,63
0005,三峡,31100401,675,37,63
0005,三峡,31100401,689,38,63
0005,三峡,31100401,747,42,63
0005,三峡,31100401,782,44,63
0005,三峡,31100401,803,45,63
0005,三峡,31100401,827,46,63
0005,三峡,31100401,852,47,63
0005,三峡,31100401,878,48,63
0005,三峡,31100401,905,49,63
0005,三峡,31100401,939,50,63
0005,三峡,31100401,972,51,63
0005,三峡,31100401,1006,52,63
0005,三峡,31100401,1073,54,63
0005,三峡,31100401,1107,55,63
0005,三峡,31100401,167,0,66
0005,三峡,31100401,179,1,66
0005,三峡,31100401,189,2,66
0005,三峡,31100401,201,3,66
0005,三峡,31100401,214,4,66
0005,三峡,31100401,228,5,66
0005,三峡,31100401,241,6,66
0005,三峡,31100401,277,9,66
0005,三峡,31100401,289,10,66
0005,三峡,31100401,303,11,66
0005,三峡,31100401,316,12,66
0005,三峡,31100401,380,17,66
0005,三峡,31100401,394,18,66
0005,三峡,31100401,407,19,66
0005,三峡,31100401,419,20,66
0005,三峡,31100401,430,21,66
0005,三峡,31100401,462,24,66
0005,三峡,31100401,473,25,66
0005,三峡,31100401,485,26,66
0005,三峡,31100401,498,27,66
0005,三峡,31100401,512,28,66
0005,三峡,31100401,527,29,66
0005,三峡,31100401,558,31,66
0005,三峡,31100401,589,33,66
0005,三峡,31100401,618,35,66
0005,三峡,31100401,645,37,66
0005,三峡,31100401,659,38,66
0005,三峡,31100401,672,39,66
0005,三峡,31100401,686,40,66
0005,三峡,31100401,699,41,66
0005,三峡,31100401,741,44,66
0005,三峡,31100401,756,45,66
0005,三峡,31100401,790,47,66
0005,三峡,31100401,831,49,66
0005,三峡,31100401,854,50,66
0005,三峡,31100401,876,51,66
0005,三峡,31100401,899,52,66
0005,三峡,31100401,924,53,66
0005,三峡,31100401,954,54,66
0005,三峡,31100401,1015,56,66
0005,三峡,31100401,1045,57,66
0005,三峡,31100401,1136,60,66
0005,三峡,31100401,1166,61,66
0005,三峡,31100401,160,0,69
0005,三峡,31100401,171,1,69
0005,三峡,31100401,180,2,69
0005,三峡,31100401,191,3,69
0005,三峡,31100401,203,4,69
0005,三峡,31100401,216,5,69
0005,三峡,31100401,228,6,69
0005,三峡,31100401,241,7,69
0005,三峡,31100401,253,8,69
0005,三峡,31100401,266,9,69
0005,三峡,31100401,278,10,69
0005,三峡,31100401,291,11,69
0005,三峡,31100401,302,12,69
0005,三峡,31100401,315,13,69
0005,三峡,31100401,327,14,69
0005,三峡,31100401,340,15,69
0005,三峡,31100401,352,16,69
0005,三峡,31100401,377,18,69
0005,三峡,31100401,402,20,69
0005,三峡,31100401,449,24,69
0005,三峡,31100401,470,26,69
0005,三峡,31100401,481,27,69
0005,三峡,31100401,504,29,69
0005,三峡,31100401,517,30,69
0005,三峡,31100401,531,31,69
0005,三峡,31100401,546,32,69
0005,三峡,31100401,575,34,69
0005,三峡,31100401,590,35,69
0005,三峡,31100401,604,36,69
0005,三峡,31100401,645,39,69
0005,三峡,31100401,670,41,69
0005,三峡,31100401,683,42,69
0005,三峡,31100401,750,47,69
0005,三峡,31100401,766,48,69
0005,三峡,31100401,816,51,69
0005,三峡,31100401,836,52,69
0005,三峡,31100401,878,54,69
0005,三峡,31100401,947,57,69
0005,三峡,31100401,975,58,69
0005,三峡,31100401,1114,63,69
0005,三峡,31100401,1142,64,69
0005,三峡,31100401,154,0,72
0005,三峡,31100401,164,1,72
0005,三峡,31100401,173,2,72
0005,三峡,31100401,183,3,72
0005,三峡,31100401,195,4,72
0005,三峡,31100401,206,5,72
0005,三峡,31100401,218,6,72
0005,三峡,31100401,243,8,72
0005,三峡,31100401,255,9,72
0005,三峡,31100401,314,14,72
0005,三峡,31100401,326,15,72
0005,三峡,31100401,339,16,72
0005,三峡,31100401,350,17,72
0005,三峡,31100401,363,18,72
0005,三峡,31100401,375,19,72
0005,三峡,31100401,386,20,72
0005,三峡,31100401,399,21,72
0005,三峡,31100401,411,22,72
0005,三峡,31100401,434,24,72
0005,三峡,31100401,457,26,72
0005,三峡,31100401,467,27,72
0005,三峡,31100401,488,29,72
0005,三峡,31100401,522,32,72
0005,三峡,31100401,536,33,72
0005,三峡,31100401,619,39,72
0005,三峡,31100401,657,42,72
0005,三峡,31100401,670,43,72
0005,三峡,31100401,682,44,72
0005,三峡,31100401,695,45,72
0005,三峡,31100401,707,46,72
0005,三峡,31100401,732,48,72
0005,三峡,31100401,746,49,72
0005,三峡,31100401,759,50,72
0005,三峡,31100401,773,51,72
0005,三峡,31100401,790,52,72
0005,三峡,31100401,806,53,72
0005,三峡,31100401,824,54,72
0005,三峡,31100401,861,56,72
0005,三峡,31100401,881,57,72
0005,三峡,31100401,922,59,72
0005,三峡,31100401,945,60,72
0005,三峡,31100401,970,61,72
0005,三峡,31100401,996,62,72
0005,三峡,31100401,1025,63,72
0005,三峡,31100401,150,0,75
0005,三峡,31100401,158,1,75
0005,三峡,31100401,167,2,75
0005,三峡,31100401,187,4,75
0005,三峡,31100401,221,7,75
0005,三峡,31100401,292,13,75
0005,三峡,31100401,315,15,75
0005,三峡,31100401,338,17,75
0005,三峡,31100401,350,18,75
0005,三峡,31100401,373,20,75
0005,三峡,31100401,396,22,75
0005,三峡,31100401,419,24,75
0005,三峡,31100401,442,26,75
0005,三峡,31100401,453,27,75
0005,三峡,31100401,474,29,75
0005,三峡,31100401,485,30,75
0005,三峡,31100401,495,31,75
0005,三峡,31100401,506,32,75
0005,三峡,31100401,516,33,75
0005,三峡,31100401,528,34,75
0005,三峡,31100401,541,35,75
0005,三峡,31100401,555,36,75
0005,三峡,31100401,568,37,75
0005,三峡,31100401,582,38,75
0005,三峡,31100401,595,39,75
0005,三峡,31100401,633,42,75
0005,三峡,31100401,646,43,75
0005,三峡,31100401,658,44,75
0005,三峡,31100401,717,49,75
0005,三峡,31100401,729,50,75
0005,三峡,31100401,755,52,75
0005,三峡,31100401,768,53,75
0005,三峡,31100401,782,54,75
0005,三峡,31100401,798,55,75
0005,三峡,31100401,832,57,75
0005,三峡,31100401,924,62,75
0005,三峡,31100401,967,64,75
0005,三峡,31100401,991,65,75
0005,三峡,31100401,1016,66,75
0005,三峡,31100401,1042,67,75
0005,三峡,31100401,144,0,78
0005,三峡,31100401,151,1,78
0005,三峡,31100401,160,2,78
0005,三峡,31100401,180,4,78
0005,三峡,31100401,190,5,78
0005,三峡,31100401,212,7,78
0005,三峡,31100401,235,9,78
0005,三峡,31100401,247,10,78
0005,三峡,31100401,270,12,78
0005,三峡,31100401,282,13,78
0005,三峡,31100401,293,14,78
0005,三峡,31100401,305,15,78
0005,三峡,31100401,327,17,78
0005,三峡,31100401,338,18,78
0005,三峡,31100401,350,19,78
0005,三峡,31100401,361,20,78
0005,三峡,31100401,371,21,78
0005,三峡,31100401,383,22,78
0005,三峡,31100401,394,23,78
0005,三峡,31100401,437,27,78
0005,三峡,31100401,449,28,78
0005,三峡,31100401,459,29,78
0005,三峡,31100401,470,30,78
0005,三峡,31100401,502,33,78
0005,三峡,31100401,523,35,78
0005,三峡,31100401,535,36,78
0005,三峡,31100401,572,39,78
0005,三峡,31100401,622,43,78
0005,三峡,31100401,634,44,78
0005,三峡,31100401,669,47,78
0005,三峡,31100401,681,48,78
0005,三峡,31100401,716,51,78
0005,三峡,31100401,728,52,78
0005,三峡,31100401,778,56,78
0005,三峡,31100401,807,58,78
0005,三峡,31100401,824,59,78
0005,三峡,31100401,840,60,78
0005,三峡,31100401,857,61,78
0005,三峡,31100401,875,62,78
0005,三峡,31100401,892,63,78
0005,三峡,31100401,945,66,78
0005,三峡,31100401,967,67,78
0005,三峡,31100401,1012,69,78
0005,三峡,31100401,1080,72,78
0005,三峡,31100401,1103,73,78
0005,三峡,31100401,138,0,81
0005,三峡,31100401,146,1,81
0005,三峡,31100401,155,2,81
0005,三峡,31100401,174,4,81
0005,三峡,31100401,183,5,81
0005,三峡,31100401,193,6,81
0005,三峡,31100401,205,7,81
0005,三峡,31100401,216,8,81
0005,三峡,31100401,239,10,81
0005,三峡,31100401,250,11,81
0005,三峡,31100401,273,13,81
0005,三峡,31100401,284,14,81
0005,三峡,31100401,338,19,81
0005,三峡,31100401,349,20,81
0005,三峡,31100401,403,25,81
0005,三峡,31100401,414,26,81
0005,三峡,31100401,424,27,81
0005,三峡,31100401,435,28,81
0005,三峡,31100401,445,29,81
0005,三峡,31100401,496,34,81
0005,三峡,31100401,552,39,81
0005,三峡,31100401,563,40,81
0005,三峡,31100401,575,41,81
0005,三峡,31100401,588,42,81
0005,三峡,31100401,600,43,81
0005,三峡,31100401,647,47,81
0005,三峡,31100401,670,49,81
0005,三峡,31100401,681,50,81
0005,三峡,31100401,715,53,81
0005,三峡,31100401,726,54,81
0005,三峡,31100401,738,55,81
0005,三峡,31100401,749,56,81
0005,三峡,31100401,762,57,81
0005,三峡,31100401,776,58,81
0005,三峡,31100401,789,59,81
0005,三峡,31100401,803,60,81
0005,三峡,31100401,832,62,81
0005,三峡,31100401,848,63,81
0005,三峡,31100401,865,64,81
0005,三峡,31100401,880,65,81
0005,三峡,31100401,896,66,81
0005,三峡,31100401,913,67,81
0005,三峡,31100401,948,69,81
0005,三峡,31100401,967,70,81
0005,三峡,31100401,988,71,81
0005,三峡,31100401,1008,72,81
0005,三峡,31100401,1029,73,81
0005,三峡,31100401,1051,74,81
0005,三峡,31100401,1074,75,81
0005,三峡,31100401,134,0,84
0005,三峡,31100401,143,1,84
0005,三峡,31100401,171,4,84
0005,三峡,31100401,212,8,84
0005,三峡,31100401,244,11,84
0005,三峡,31100401,255,12,84
0005,三峡,31100401,287,15,84
0005,三峡,31100401,298,16,84
0005,三峡,31100401,319,18,84
0005,三峡,31100401,328,19,84
0005,三峡,31100401,339,20,84
0005,三峡,31100401,349,21,84
0005,三峡,31100401,360,22,84
0005,三峡,31100401,381,24,84
0005,三峡,31100401,392,25,84
0005,三峡,31100401,402,26,84
0005,三峡,31100401,413,27,84
0005,三峡,31100401,423,28,84
0005,三峡,31100401,452,31,84
0005,三峡,31100401,462,32,84
0005,三峡,31100401,471,33,84
0005,三峡,31100401,490,35,84
0005,三峡,31100401,511,37,84
0005,三峡,31100401,545,40,84
0005,三峡,31100401,556,41,84
0005,三峡,31100401,568,42,84
0005,三峡,31100401,591,44,84
0005,三峡,31100401,603,45,84
0005,三峡,31100401,626,47,84
0005,三峡,31100401,638,48,84
0005,三峡,31100401,649,49,84
0005,三峡,31100401,681,52,84
0005,三峡,31100401,692,53,84
0005,三峡,31100401,724,56,84
0005,三峡,31100401,735,57,84
0005,三峡,31100401,747,58,84
0005,三峡,31100401,784,61,84
0005,三峡,31100401,811,63,84
0005,三峡,31100401,841,65,84
0005,三峡,31100401,856,66,84
0005,三峡,31100401,887,68,84
0005,三峡,31100401,902,69,84
0005,三峡,31100401,934,71,84
0005,三峡,31100401,969,73,84
0005,三峡,31100401,989,74,84
0005,三峡,31100401,1008,75,84
0005,三峡,31100401,1067,78,84
0005,三峡,31100401,1090,79,84
0005,三峡,31100401,130,0,87
0005,三峡,31100401,140,1,87
0005,三峡,31100401,149,2,87
0005,三峡,31100401,159,3,87
0005,三峡,31100401,178,5,87
0005,三峡,31100401,188,6,87
0005,三峡,31100401,219,9,87
0005,三峡,31100401,229,10,87
0005,三峡,31100401,270,14,87
0005,三峡,31100401,280,15,87
0005,三峡,31100401,339,21,87
0005,三峡,31100401,349,22,87
0005,三峡,31100401,360,23,87
0005,三峡,31100401,370,24,87
0005,三峡,31100401,381,25,87
0005,三峡,31100401,390,26,87
0005,三峡,31100401,400,27,87
0005,三峡,31100401,411,28,87
0005,三峡,31100401,421,29,87
0005,三峡,31100401,440,31,87
0005,三峡,31100401,450,32,87
0005,三峡,31100401,459,33,87
0005,三峡,31100401,469,34,87
0005,三峡,31100401,478,35,87
0005,三峡,31100401,506,38,87
0005,三峡,31100401,527,40,87
0005,三峡,31100401,572,44,87
0005,三峡,31100401,583,45,87
0005,三峡,31100401,606,47,87
0005,三峡,31100401,617,48,87
0005,三峡,31100401,649,51,87
0005,三峡,31100401,660,52,87
0005,三峡,31100401,692,55,87
0005,三峡,31100401,703,56,87
0005,三峡,31100401,713,57,87
0005,三峡,31100401,724,58,87
0005,三峡,31100401,734,59,87
0005,三峡,31100401,745,60,87
0005,三峡,31100401,768,62,87
0005,三峡,31100401,793,64,87
0005,三峡,31100401,820,66,87
0005,三峡,31100401,877,70,87
0005,三峡,31100401,954,75,87
0005,三峡,31100401,989,77,87
0005,三峡,31100401,1044,80,87
0005,三峡,31100401,1083,82,87
0005,三峡,31100401,1106,83,87
0005,三峡,31100401,1222,88,87
0005,三峡,31100401,1245,89,87
0005,三峡,31100401,126,0,90
0005,三峡,31100401,137,1,90
0005,三峡,31100401,147,2,90
0005,三峡,31100401,156,3,90
0005,三峡,31100401,166,4,90
0005,三峡,31100401,185,6,90
0005,三峡,31100401,195,7,90
0005,三峡,31100401,214,9,90
0005,三峡,31100401,224,10,90
0005,三峡,31100401,243,12,90
0005,三峡,31100401,253,13,90
0005,三峡,31100401,272,15,90
0005,三峡,31100401,282,16,90
0005,三峡,31100401,301,18,90
0005,三峡,31100401,311,19,90
0005,三峡,31100401,330,21,90
0005,三峡,31100401,340,22,90
0005,三峡,31100401,389,27,90
0005,三峡,31100401,399,28,90
0005,三峡,31100401,418,30,90
0005,三峡,31100401,428,31,90
0005,三峡,31100401,437,32,90
0005,三峡,31100401,447,33,90
0005,三峡,31100401,456,34,90
0005,三峡,31100401,475,36,90
0005,三峡,31100401,484,37,90
0005,三峡,31100401,512,40,90
0005,三峡,31100401,554,44,90
0005,三峡,31100401,565,45,90
0005,三峡,31100401,597,48,90
0005,三峡,31100401,608,49,90
0005,三峡,31100401,640,52,90
0005,三峡,31100401,651,53,90
0005,三峡,31100401,661,54,90
0005,三峡,31100401,682,56,90
0005,三峡,31100401,692,57,90
0005,三峡,31100401,713,59,90
0005,三峡,31100401,723,60,90
0005,三峡,31100401,734,61,90
0005,三峡,31100401,744,62,90
0005,三峡,31100401,755,63,90
0005,三峡,31100401,778,65,90
0005,三峡,31100401,828,69,90
0005,三峡,31100401,841,70,90
0005,三峡,31100401,855,71,90
0005,三峡,31100401,882,73,90
0005,三峡,31100401,897,74,90
0005,三峡,31100401,911,75,90
0005,三峡,31100401,926,76,90
0005,三峡,31100401,973,79,90
0005,三峡,31100401,989,80,90
0005,三峡,31100401,1007,81,90
0005,三峡,31100401,1024,82,90
0005,三峡,31100401,1042,83,90
0005,三峡,31100401,1079,85,90
0005,三峡,31100401,1099,86,90
0005,三峡,31100401,1122,87,90
0005,三峡,31100401,1146,88,90
0005,三峡,31100401,1169,89,90
0005,三峡,31100401,1193,90,90
0005,三峡,31100401,1216,91,90
0005,三峡,31100401,1240,92,90
0005,三峡,31100401,1287,94,90
0005,三峡,31100401,125,0,93
0005,三峡,31100401,134,1,93
0005,三峡,31100401,153,3,93
0005,三峡,31100401,162,4,93
0005,三峡,31100401,172,5,93
0005,三峡,31100401,181,6,93
0005,三峡,31100401,200,8,93
0005,三峡,31100401,209,9,93
0005,三峡,31100401,219,10,93
0005,三峡,31100401,228,11,93
0005,三峡,31100401,238,12,93
0005,三峡,31100401,247,13,93
0005,三峡,31100401,266,15,93
0005,三峡,31100401,275,16,93
0005,三峡,31100401,285,17,93
0005,三峡,31100401,294,18,93
0005,三峡,31100401,304,19,93
0005,三峡,31100401,313,20,93
0005,三峡,31100401,332,22,93
0005,三峡,31100401,350,24,93
0005,三峡,31100401,360,25,93
0005,三峡,31100401,379,27,93
0005,三峡,31100401,398,29,93
0005,三峡,31100401,407,30,93
0005,三峡,31100401,451,35,93
0005,三峡,31100401,460,36,93
0005,三峡,31100401,470,37,93
0005,三峡,31100401,479,38,93
0005,三峡,31100401,498,40,93
0005,三峡,31100401,507,41,93
0005,三峡,31100401,517,42,93
0005,三峡,31100401,558,46,93
0005,三峡,31100401,568,47,93
0005,三峡,31100401,579,48,93
0005,三峡,31100401,589,49,93
0005,三峡,31100401,600,50,93
0005,三峡,31100401,621,52,93
0005,三峡,31100401,662,56,93
0005,三峡,31100401,672,57,93
0005,三峡,31100401,753,65,93
0005,三峡,31100401,798,69,93
0005,三峡,31100401,835,72,93
0005,三峡,31100401,875,75,93
0005,三峡,31100401,888,76,93
0005,三峡,31100401,902,77,93
0005,三峡,31100401,945,80,93
0005,三峡,31100401,959,81,93
0005,三峡,31100401,975,82,93
0005,三峡,31100401,1040,86,93
0005,三峡,31100401,1075,88,93
0005,三峡,31100401,1094,89,93
0005,三峡,31100401,1115,90,93
0005,三峡,31100401,1261,97,93
0005,三峡,31100401,1282,98,93
0005,三峡,31100401,122,0,96
0005,三峡,31100401,131,1,96
0005,三峡,31100401,168,5,96
0005,三峡,31100401,177,6,96
0005,三峡,31100401,214,10,96
0005,三峡,31100401,223,11,96
0005,三峡,31100401,269,16,96
0005,三峡,31100401,278,17,96
0005,三峡,31100401,315,21,96
0005,三峡,31100401,324,22,96
0005,三峡,31100401,343,24,96
0005,三峡,31100401,352,25,96
0005,三峡,31100401,432,34,96
0005,三峡,31100401,449,36,96
0005,三峡,31100401,457,37,96
0005,三峡,31100401,466,38,96
0005,三峡,31100401,474,39,96
0005,三峡,31100401,483,40,96
0005,三峡,31100401,502,42,96
0005,三峡,31100401,511,43,96
0005,三峡,31100401,521,44,96
0005,三峡,31100401,542,46,96
0005,三峡,31100401,552,47,96
0005,三峡,31100401,583,50,96
0005,三峡,31100401,593,51,96
0005,三峡,31100401,682,60,96
0005,三峡,31100401,692,61,96
0005,三峡,31100401,711,63,96
0005,三峡,31100401,721,64,96
0005,三峡,31100401,740,66,96
0005,三峡,31100401,750,67,96
0005,三峡,31100401,761,68,96
0005,三峡,31100401,773,69,96
0005,三峡,31100401,783,70,96
0005,三峡,31100401,794,71,96
0005,三峡,31100401,806,72,96
0005,三峡,31100401,855,76,96
0005,三峡,31100401,935,82,96
0005,三峡,31100401,949,83,96
0005,三峡,31100401,978,85,96
0005,三峡,31100401,1009,87,96
0005,三峡,31100401,1024,88,96
0005,三峡,31100401,1040,89,96
0005,三峡,31100401,1055,90,96
0005,三峡,31100401,1072,91,96
0005,三峡,31100401,1090,92,96
0005,三峡,31100401,1109,93,96
0005,三峡,31100401,1130,94,96
0005,三峡,31100401,1156,95,96
0005,三峡,31100401,1188,96,96
0005,三峡,31100401,1208,97,96
0005,三峡,31100401,119,0,99
0005,三峡,31100401,128,1,99
0005,三峡,31100401,190,8,99
0005,三峡,31100401,199,9,99
0005,三峡,31100401,369,28,99
0005,三峡,31100401,378,29,99
0005,三峡,31100401,388,30,99
0005,三峡,31100401,396,31,99
0005,三峡,31100401,405,32,99
0005,三峡,31100401,422,34,99
0005,三峡,31100401,431,35,99
0005,三峡,31100401,439,36,99
0005,三峡,31100401,472,40,99
0005,三峡,31100401,480,41,99
0005,三峡,31100401,497,43,99
0005,三峡,31100401,516,45,99
0005,三峡,31100401,625,56,99
0005,三峡,31100401,635,57,99
0005,三峡,31100401,654,59,99
0005,三峡,31100401,664,60,99
0005,三峡,31100401,673,61,99
0005,三峡,31100401,683,62,99
0005,三峡,31100401,692,63,99
0005,三峡,31100401,702,64,99
0005,三峡,31100401,711,65,99
0005,三峡,31100401,721,66,99
0005,三峡,31100401,730,67,99
0005,三峡,31100401,740,68,99
0005,三峡,31100401,749,69,99
0005,三峡,31100401,759,70,99
0005,三峡,31100401,780,72,99
0005,三峡,31100401,814,75,99
0005,三峡,31100401,899,82,99
0005,三峡,31100401,952,86,99
0005,三峡,31100401,995,89,99
0005,三峡,31100401,1009,90,99
0005,三峡,31100401,1024,91,99
0005,三峡,31100401,1070,94,99
0005,三峡,31100401,1087,95,99
0005,三峡,31100401,1105,96,99
0005,三峡,31100401,1124,97,99
0005,三峡,31100401,1146,98,99
0005,三峡,31100401,1175,99,99
0005,三峡,31100401,1203,100,99
0005,三峡,31100401,116,0,102
0005,三峡,31100401,125,1,102
0005,三峡,31100401,151,4,102
0005,三峡,31100401,160,5,102
0005,三峡,31100401,177,7,102
0005,三峡,31100401,186,8,102
0005,三峡,31100401,212,11,102
0005,三峡,31100401,221,12,102
0005,三峡,31100401,247,15,102
0005,三峡,31100401,256,16,102
0005,三峡,31100401,282,19,102
0005,三峡,31100401,291,20,102
0005,三峡,31100401,308,22,102
0005,三峡,31100401,317,23,102
0005,三峡,31100401,343,26,102
0005,三峡,31100401,352,27,102
0005,三峡,31100401,360,28,102
0005,三峡,31100401,369,29,102
0005,三峡,31100401,395,32,102
0005,三峡,31100401,404,33,102
0005,三峡,31100401,421,35,102
0005,三峡,31100401,430,36,102
0005,三峡,31100401,438,37,102
0005,三峡,31100401,495,44,102
0005,三峡,31100401,503,45,102
0005,三峡,31100401,512,46,102
0005,三峡,31100401,522,47,102
0005,三峡,31100401,531,48,102
0005,三峡,31100401,550,50,102
0005,三峡,31100401,589,54,102
0005,三峡,31100401,599,55,102
0005,三峡,31100401,618,57,102
0005,三峡,31100401,628,58,102
0005,三峡,31100401,637,59,102
0005,三峡,31100401,656,61,102
0005,三峡,31100401,665,62,102
0005,三峡,31100401,684,64,102
0005,三峡,31100401,693,65,102
0005,三峡,31100401,721,68,102
0005,三峡,31100401,730,69,102
0005,三峡,31100401,749,71,102
0005,三峡,31100401,758,72,102
0005,三峡,31100401,768,73,102
0005,三峡,31100401,799,76,102
0005,三峡,31100401,833,79,102
0005,三峡,31100401,868,82,102
0005,三峡,31100401,880,83,102
0005,三峡,31100401,929,87,102
0005,三峡,31100401,956,89,102
0005,三峡,31100401,969,90,102
0005,三峡,31100401,983,91,102
0005,三峡,31100401,1010,93,102
0005,三峡,31100401,1024,94,102
0005,三峡,31100401,1039,95,102
0005,三峡,31100401,1053,96,102
0005,三峡,31100401,1068,97,102
0005,三峡,31100401,1084,98,102
0005,三峡,31100401,1101,99,102
0005,三峡,31100401,1120,100,102
0005,三峡,31100401,113,0,105
0005,三峡,31100401,122,1,105
0005,三峡,31100401,139,3,105
0005,三峡,31100401,148,4,105
0005,三峡,31100401,165,6,105
0005,三峡,31100401,174,7,105
0005,三峡,31100401,182,8,105
0005,三峡,31100401,191,9,105
0005,三峡,31100401,199,10,105
0005,三峡,31100401,208,11,105
0005,三峡,31100401,216,12,105
0005,三峡,31100401,225,13,105
0005,三峡,31100401,233,14,105
0005,三峡,31100401,242,15,105
0005,三峡,31100401,250,16,105
0005,三峡,31100401,259,17,105
0005,三峡,31100401,267,18,105
0005,三峡,31100401,276,19,105
0005,三峡,31100401,284,20,105
0005,三峡,31100401,293,21,105
0005,三峡,31100401,310,23,105
0005,三峡,31100401,319,24,105
0005,三峡,31100401,327,25,105
0005,三峡,31100401,336,26,105
0005,三峡,31100401,344,27,105
0005,三峡,31100401,353,28,105
0005,三峡,31100401,361,29,105
0005,三峡,31100401,386,32,105
0005,三峡,31100401,403,34,105
0005,三峡,31100401,420,36,105
0005,三峡,31100401,428,37,105
0005,三峡,31100401,445,39,105
0005,三峡,31100401,453,40,105
0005,三峡,31100401,476,43,105
0005,三峡,31100401,485,44,105
0005,三峡,31100401,493,45,105
0005,三峡,31100401,518,48,105
0005,三峡,31100401,555,52,105
0005,三峡,31100401,564,53,105
0005,三峡,31100401,574,54,105
0005,三峡,31100401,593,56,105
0005,三峡,31100401,621,59,105
0005,三峡,31100401,630,60,105
0005,三峡,31100401,730,71,105
0005,三峡,31100401,739,72,105
0005,三峡,31100401,767,75,105
0005,三峡,31100401,776,76,105
0005,三峡,31100401,786,77,105
0005,三峡,31100401,797,78,105
0005,三峡,31100401,807,79,105
0005,三峡,31100401,828,81,105
0005,三峡,31100401,840,82,105
0005,三峡,31100401,863,84,105
0005,三峡,31100401,886,86,105
0005,三峡,31100401,897,87,105
0005,三峡,31100401,909,88,105
0005,三峡,31100401,946,91,105
0005,三峡,31100401,1012,96,105
0005,三峡,31100401,1025,97,105
0005,三峡,31100401,1039,98,105
0005,三峡,31100401,110,0,108
0005,三峡,31100401,120,1,108
0005,三峡,31100401,128,2,108
0005,三峡,31100401,145,4,108
0005,三峡,31100401,153,5,108
0005,三峡,31100401,170,7,108
0005,三峡,31100401,178,8,108
0005,三峡,31100401,195,10,108
0005,三峡,31100401,203,11,108
0005,三峡,31100401,220,13,108
0005,三峡,31100401,228,14,108
0005,三峡,31100401,245,16,108
0005,三峡,31100401,253,17,108
0005,三峡,31100401,270,19,108
0005,三峡,31100401,278,20,108
0005,三峡,31100401,295,22,108
0005,三峡,31100401,303,23,108
0005,三峡,31100401,320,25,108
0005,三峡,31100401,328,26,108
0005,三峡,31100401,345,28,108
0005,三峡,31100401,353,29,108
0005,三峡,31100401,370,31,108
0005,三峡,31100401,378,32,108
0005,三峡,31100401,385,33,108
0005,三峡,31100401,394,34,108
0005,三峡,31100401,402,35,108
0005,三峡,31100401,419,37,108
0005,三峡,31100401,427,38,108
0005,三峡,31100401,532,51,108
0005,三峡,31100401,578,56,108
0005,三峡,31100401,587,57,108
0005,三峡,31100401,649,64,108
0005,三峡,31100401,658,65,108
0005,三峡,31100401,684,68,108
0005,三峡,31100401,693,69,108
0005,三峡,31100401,719,72,108
0005,三峡,31100401,728,73,108
0005,三峡,31100401,756,76,108
0005,三峡,31100401,765,77,108
0005,三峡,31100401,784,79,108
0005,三峡,31100401,825,83,108
0005,三峡,31100401,835,84,108
0005,三峡,31100401,846,85,108
0005,三峡,31100401,869,87,108
0005,三峡,31100401,880,88,108
0005,三峡,31100401,925,92,108
0005,三峡,31100401,974,96,108
0005,三峡,31100401,108,0,111
0005,三峡,31100401,117,1,111
0005,三峡,31100401,125,2,111
0005,三峡,31100401,134,3,111
0005,三峡,31100401,142,4,111
0005,三峡,31100401,183,9,111
0005,三峡,31100401,191,10,111
0005,三峡,31100401,240,16,111
0005,三峡,31100401,248,17,111
0005,三峡,31100401,297,23,111
0005,三峡,31100401,305,24,111
0005,三峡,31100401,346,29,111
0005,三峡,31100401,354,30,111
0005,三峡,31100401,473,45,111
0005,三峡,31100401,481,46,111
0005,三峡,31100401,546,54,111
0005,三峡,31100401,581,58,111
0005,三峡,31100401,590,59,111
0005,三峡,31100401,634,64,111
0005,三峡,31100401,643,65,111
0005,三峡,31100401,651,66,111
0005,三峡,31100401,660,67,111
0005,三峡,31100401,668,68,111
0005,三峡,31100401,677,69,111
0005,三峡,31100401,685,70,111
0005,三峡,31100401,694,71,111
0005,三峡,31100401,702,72,111
0005,三峡,31100401,711,73,111
0005,三峡,31100401,719,74,111
0005,三峡,31100401,728,75,111
0005,三峡,31100401,736,76,111
0005,三峡,31100401,745,77,111
0005,三峡,31100401,773,80,111
0005,三峡,31100401,782,81,111
0005,三峡,31100401,792,82,111
0005,三峡,31100401,811,84,111
0005,三峡,31100401,822,85,111
0005,三峡,31100401,832,86,111
0005,三峡,31100401,853,88,111
0005,三峡,31100401,863,89,111
0005,三峡,31100401,874,90,111
0005,三峡,31100401,952,97,111
0005,三峡,31100401,965,98,111
0005,三峡,31100401,977,99,111
0005,三峡,31100401,107,0,114
0005,三峡,31100401,114,1,114
0005,三峡,31100401,123,2,114
0005,三峡,31100401,131,3,114
0005,三峡,31100401,172,8,114
0005,三峡,31100401,180,9,114
0005,三峡,31100401,267,20,114
0005,三峡,31100401,276,21,114
0005,三峡,31100401,284,22,114
0005,三峡,31100401,325,27,114
0005,三峡,31100401,332,28,114
0005,三峡,31100401,340,29,114
0005,三峡,31100401,386,35,114
0005,三峡,31100401,394,36,114
0005,三峡,31100401,433,41,114
0005,三峡,31100401,441,42,114
0005,三峡,31100401,480,47,114
0005,三峡,31100401,488,48,114
0005,三峡,31100401,511,51,114
0005,三峡,31100401,519,52,114
0005,三峡,31100401,552,56,114
0005,三峡,31100401,560,57,114
0005,三峡,31100401,569,58,114
0005,三峡,31100401,577,59,114
0005,三峡,31100401,594,61,114
0005,三峡,31100401,611,63,114
0005,三峡,31100401,620,64,114
0005,三峡,31100401,628,65,114
0005,三峡,31100401,637,66,114
0005,三峡,31100401,645,67,114
0005,三峡,31100401,662,69,114
0005,三峡,31100401,670,70,114
0005,三峡,31100401,695,73,114
0005,三峡,31100401,703,74,114
0005,三峡,31100401,720,76,114
0005,三峡,31100401,728,77,114
0005,三峡,31100401,745,79,114
0005,三峡,31100401,753,80,114
0005,三峡,31100401,762,81,114
0005,三峡,31100401,781,83,114
0005,三峡,31100401,790,84,114
0005,三峡,31100401,809,86,114
0005,三峡,31100401,818,87,114
0005,三峡,31100401,828,88,114
0005,三峡,31100401,869,92,114
0005,三峡,31100401,879,93,114
0005,三峡,31100401,890,94,114
0005,三峡,31100401,900,95,114
0005,三峡,31100401,911,96,114
0005,三峡,31100401,104,0,117
0005,三峡,31100401,111,1,117
0005,三峡,31100401,120,2,117
0005,三峡,31100401,137,4,117
0005,三峡,31100401,208,13,117
0005,三峡,31100401,216,14,117
0005,三峡,31100401,233,16,117
0005,三峡,31100401,240,17,117
0005,三峡,31100401,248,18,117
0005,三峡,31100401,255,19,117
0005,三峡,31100401,263,20,117
0005,三峡,31100401,288,23,117
0005,三峡,31100401,296,24,117
0005,三峡,31100401,327,28,117
0005,三峡,31100401,335,29,117
0005,三峡,31100401,358,32,117
0005,三峡,31100401,366,33,117
0005,三峡,31100401,381,35,117
0005,三峡,31100401,389,36,117
0005,三峡,31100401,403,38,117
0005,三峡,31100401,411,39,117
0005,三峡,31100401,426,41,117
0005,三峡,31100401,434,42,117
0005,三峡,31100401,449,44,117
0005,三峡,31100401,457,45,117
0005,三峡,31100401,472,47,117
0005,三峡,31100401,480,48,117
0005,三峡,31100401,495,50,117
0005,三峡,31100401,503,51,117
0005,三峡,31100401,526,54,117
0005,三峡,31100401,534,55,117
0005,三峡,31100401,607,64,117
0005,三峡,31100401,615,65,117
0005,三峡,31100401,720,78,117
0005,三峡,31100401,728,79,117
0005,三峡,31100401,753,82,117
0005,三峡,31100401,761,83,117
0005,三峡,31100401,770,84,117
0005,三峡,31100401,816,89,117
0005,三峡,31100401,825,90,117
0005,三峡,31100401,853,93,117
0005,三峡,31100401,894,97,117
0005,三峡,31100401,904,98,117
0005,三峡,31100401,915,99,117
0005,三峡,31100401,925,100,117
0005,三峡,31100401,101,0,120
0005,三峡,31100401,108,1,120
0005,三峡,31100401,117,2,120
0005,三峡,31100401,134,4,120
0005,三峡,31100401,205,13,120
0005,三峡,31100401,213,14,120
0005,三峡,31100401,236,17,120
0005,三峡,31100401,244,18,120
0005,三峡,31100401,251,19,120
0005,三峡,31100401,267,21,120
0005,三峡,31100401,274,22,120
0005,三峡,31100401,283,23,120
0005,三峡,31100401,291,24,120
0005,三峡,31100401,322,28,120
0005,三峡,31100401,330,29,120
0005,三峡,31100401,337,30,120
0005,三峡,31100401,345,31,120
0005,三峡,31100401,352,32,120
0005,三峡,31100401,360,33,120
0005,三峡,31100401,367,34,120
0005,三峡,31100401,375,35,120
0005,三峡,31100401,382,36,120
0005,三峡,31100401,390,37,120
0005,三峡,31100401,397,38,120
0005,三峡,31100401,405,39,120
0005,三峡,31100401,412,40,120
0005,三峡,31100401,420,41,120
0005,三峡,31100401,427,42,120
0005,三峡,31100401,435,43,120
0005,三峡,31100401,442,44,120
0005,三峡,31100401,450,45,120
0005,三峡,31100401,457,46,120
0005,三峡,31100401,465,47,120
0005,三峡,31100401,472,48,120
0005,三峡,31100401,480,49,120
0005,三峡,31100401,487,50,120
0005,三峡,31100401,495,51,120
0005,三峡,31100401,510,53,120
0005,三峡,31100401,518,54,120
0005,三峡,31100401,533,56,120
0005,三峡,31100401,541,57,120
0005,三峡,31100401,556,59,120
0005,三峡,31100401,564,60,120
0005,三峡,31100401,587,63,120
0005,三峡,31100401,595,64,120
0005,三峡,31100401,634,69,120
0005,三峡,31100401,642,70,120
0005,三峡,31100401,665,73,120
0005,三峡,31100401,673,74,120
0005,三峡,31100401,688,76,120
0005,三峡,31100401,696,77,120
0005,三峡,31100401,769,86,120
0005,三峡,31100401,777,87,120
0005,三峡,31100401,786,88,120
0005,三峡,31100401,859,96,120
0005,三峡,31100401,868,97,120
0005,三峡,31100401,878,98,120
0005,三峡,31100403,169.24,0,71
0005,三峡,31100403,178.689,1,71
0005,三峡,31100403,244.331,8,71
0005,三峡,31100403,256.889,9,71
0005,三峡,31100403,269.595,10,71
0005,三峡,31100403,281.684,11,71
0005,三峡,31100403,292.954,12,71
0005,三峡,31100403,305.081,13,71
0005,三峡,31100403,316.715,14,71
0005,三峡,31100403,327.826,15,71
0005,三峡,31100403,338.658,16,71
0005,三峡,31100403,350.078,17,71
0005,三峡,31100403,362.84,18,71
0005,三峡,31100403,375.031,19,71
0005,三峡,31100403,386.71,20,71
0005,三峡,31100403,398.93,21,71
0005,三峡,31100403,410.728,22,71
0005,三峡,31100403,422.127,23,71
0005,三峡,31100403,433.555,24,71
0005,三峡,31100403,445.121,25,71
0005,三峡,31100403,456.351,26,71
0005,三峡,31100403,467.649,27,71
0005,三峡,31100403,478.962,28,71
0005,三峡,31100403,490.148,29,71
0005,三峡,31100403,502.33,30,71
0005,三峡,31100403,514.883,31,71
0005,三峡,31100403,527.121,32,71
0005,三峡,31100403,540.826,33,71
0005,三峡,31100403,554.473,34,71
0005,三峡,31100403,568.976,35,71
0005,三峡,31100403,597.688,37,71
0005,三峡,31100403,611.252,38,71
0005,三峡,31100403,624.602,39,71
0005,三峡,31100403,638.022,40,71
0005,三峡,31100403,650.698,41,71
0005,三峡,31100403,663.026,42,71
0005,三峡,31100403,675.016,43,71
0005,三峡,31100403,700.127,45,71
0005,三峡,31100403,713.181,46,71
0005,三峡,31100403,726.363,47,71
0005,三峡,31100403,741.818,48,71
0005,三峡,31100403,803.754,52,71
0005,三峡,31100403,822.019,53,71
0005,三峡,31100403,841.069,54,71
0005,三峡,31100403,860.899,55,71
0005,三峡,31100403,881.94,56,71
0005,三峡,31100403,903.887,57,71
0005,三峡,31100403,927.381,58,71
0005,三峡,31100403,954.633,59,71
0005,三峡,31100403,161.26,0,74
0005,三峡,31100403,170.904,1,74
0005,三峡,31100403,235.836,8,74
0005,三峡,31100403,247.109,9,74
0005,三峡,31100403,259.231,10,74
0005,三峡,31100403,271.058,11,74
0005,三峡,31100403,282.487,12,74
0005,三峡,31100403,294.026,13,74
0005,三峡,31100403,305.168,14,74
0005,三峡,31100403,316.131,15,74
0005,三峡,31100403,327.011,16,74
0005,三峡,31100403,337.727,17,74
0005,三峡,31100403,349.737,18,74
0005,三峡,31100403,361.281,19,74
0005,三峡,31100403,372.395,20,74
0005,三峡,31100403,384.071,21,74
0005,三峡,31100403,395.927,22,74
0005,三峡,31100403,407.41,23,74
0005,三峡,31100403,418.538,24,74
0005,三峡,31100403,429.177,25,74
0005,三峡,31100403,439.803,26,74
0005,三峡,31100403,451.051,27,74
0005,三峡,31100403,462.081,28,74
0005,三峡,31100403,473.081,29,74
0005,三峡,31100403,484.475,30,74
0005,三峡,31100403,496.294,31,74
0005,三峡,31100403,507.866,32,74
0005,三峡,31100403,519.884,33,74
0005,三峡,31100403,532.156,34,74
0005,三峡,31100403,545.311,35,74
0005,三峡,31100403,558.38,36,74
0005,三峡,31100403,571.819,37,74
0005,三峡,31100403,585.443,38,74
0005,三峡,31100403,598.999,39,74
0005,三峡,31100403,612.351,40,74
0005,三峡,31100403,624.865,41,74
0005,三峡,31100403,637.884,42,74
0005,三峡,31100403,650.503,43,74
0005,三峡,31100403,662.258,44,74
0005,三峡,31100403,674.434,45,74
0005,三峡,31100403,686.527,46,74
0005,三峡,31100403,698.672,47,74
0005,三峡,31100403,711.744,48,74
0005,三峡,31100403,726.48,49,74
0005,三峡,31100403,740.275,50,74
0005,三峡,31100403,754.031,51,74
0005,三峡,31100403,767.749,52,74
0005,三峡,31100403,781.429,53,74
0005,三峡,31100403,797.442,54,74
0005,三峡,31100403,813.619,55,74
0005,三峡,31100403,829.692,56,74
0005,三峡,31100403,847.457,57,74
0005,三峡,31100403,865.897,58,74
0005,三峡,31100403,884.288,59,74
0005,三峡,31100403,904.727,60,74
0005,三峡,31100403,926.012,61,74
0005,三峡,31100403,949.151,62,74
0005,三峡,31100403,973.917,63,74
0005,三峡,31100403,1001.468,64,74
0005,三峡,31100403,154.48,0,77
0005,三峡,31100403,164.233,1,77
0005,三峡,31100403,228.226,8,77
0005,三峡,31100403,238.595,9,77
0005,三峡,31100403,250.009,10,77
0005,三峡,31100403,261.49,11,77
0005,三峡,31100403,272.956,12,77
0005,三峡,31100403,283.862,13,77
0005,三峡,31100403,305.474,15,77
0005,三峡,31100403,316.331,16,77
0005,三峡,31100403,326.724,17,77
0005,三峡,31100403,338.386,18,77
0005,三峡,31100403,349.594,19,77
0005,三峡,31100403,360.335,20,77
0005,三峡,31100403,371.531,21,77
0005,三峡,31100403,382.991,22,77
0005,三峡,31100403,394.083,23,77
0005,三峡,31100403,404.806,24,77
0005,三峡,31100403,415.927,25,77
0005,三峡,31100403,427.246,26,77
0005,三峡,31100403,437.298,27,77
0005,三峡,31100403,447.673,28,77
0005,三峡,31100403,458.45,29,77
0005,三峡,31100403,468.406,30,77
0005,三峡,31100403,478.58,31,77
0005,三峡,31100403,488.934,32,77
0005,三峡,31100403,500.401,33,77
0005,三峡,31100403,511.94,34,77
0005,三峡,31100403,524.276,35,77
0005,三峡,31100403,536.596,36,77
0005,三峡,31100403,549.472,37,77
0005,三峡,31100403,562.561,38,77
0005,三峡,31100403,575.626,39,77
0005,三峡,31100403,588.624,40,77
0005,三峡,31100403,601.641,41,77
0005,三峡,31100403,614.265,42,77
0005,三峡,31100403,626.724,43,77
0005,三峡,31100403,638.967,44,77
0005,三峡,31100403,651.049,45,77
0005,三峡,31100403,662.873,46,77
0005,三峡,31100403,674.307,47,77
0005,三峡,31100403,685.602,48,77
0005,三峡,31100403,697.613,49,77
0005,三峡,31100403,709.759,50,77
0005,三峡,31100403,721.833,51,77
0005,三峡,31100403,733.851,52,77
0005,三峡,31100403,747.315,53,77
0005,三峡,31100403,761.415,54,77
0005,三峡,31100403,775.39,55,77
0005,三峡,31100403,789.419,56,77
0005,三峡,31100403,804.328,57,77
0005,三峡,31100403,819.827,58,77
0005,三峡,31100403,836.623,59,77
0005,三峡,31100403,853.526,60,77
0005,三峡,31100403,870.959,61,77
0005,三峡,31100403,889.08,62,77
0005,三峡,31100403,907.923,63,77
0005,三峡,31100403,927.986,64,77
0005,三峡,31100403,948.687,65,77
0005,三峡,31100403,971.413,66,77
0005,三峡,31100403,995.055,67,77
0005,三峡,31100403,1020.639,68,77
0005,三峡,31100403,148.3,0,80
0005,三峡,31100403,158.227,1,80
0005,三峡,31100403,211.443,7,80
0005,三峡,31100403,219.928,8,80
0005,三峡,31100403,230.791,9,80
0005,三峡,31100403,241.538,10,80
0005,三峡,31100403,252.303,11,80
0005,三峡,31100403,263.221,12,80
0005,三峡,31100403,274.209,13,80
0005,三峡,31100403,285.283,14,80
0005,三峡,31100403,295.644,15,80
0005,三峡,31100403,306.542,16,80
0005,三峡,31100403,316.777,17,80
0005,三峡,31100403,327.507,18,80
0005,三峡,31100403,338.657,19,80
0005,三峡,31100403,349.361,20,80
0005,三峡,31100403,359.947,21,80
0005,三峡,31100403,371.112,22,80
0005,三峡,31100403,381.921,23,80
0005,三峡,31100403,392.397,24,80
0005,三峡,31100403,402.579,25,80
0005,三峡,31100403,413,26,80
0005,三峡,31100403,423.82,27,80
0005,三峡,31100403,434.652,28,80
0005,三峡,31100403,444.789,29,80
0005,三峡,31100403,454.5,30,80
0005,三峡,31100403,464.183,31,80
0005,三峡,31100403,475.075,32,80
0005,三峡,31100403,484.074,33,80
0005,三峡,31100403,494.88,34,80
0005,三峡,31100403,506.173,35,80
0005,三峡,31100403,517.573,36,80
0005,三峡,31100403,529.167,37,80
0005,三峡,31100403,541.551,38,80
0005,三峡,31100403,554.04,39,80
0005,三峡,31100403,566.551,40,80
0005,三峡,31100403,579.079,41,80
0005,三峡,31100403,591.537,42,80
0005,三峡,31100403,603.925,43,80
0005,三峡,31100403,616.066,44,80
0005,三峡,31100403,627.843,45,80
0005,三峡,31100403,639.537,46,80
0005,三峡,31100403,651.057,47,80
0005,三峡,31100403,662.134,48,80
0005,三峡,31100403,673.119,49,80
0005,三峡,31100403,695.535,51,80
0005,三峡,31100403,706.908,52,80
0005,三峡,31100403,718.597,53,80
0005,三峡,31100403,730.664,54,80
0005,三峡,31100403,743.244,55,80
0005,三峡,31100403,756.076,56,80
0005,三峡,31100403,769.527,57,80
0005,三峡,31100403,783.151,58,80
0005,三峡,31100403,797.732,59,80
0005,三峡,31100403,812.661,60,80
0005,三峡,31100403,828.102,61,80
0005,三峡,31100403,844.179,62,80
0005,三峡,31100403,892.998,65,80
0005,三峡,31100403,910.401,66,80
0005,三峡,31100403,928.07,67,80
0005,三峡,31100403,948.25,68,80
0005,三峡,31100403,969.372,69,80
0005,三峡,31100403,990.632,70,80
0005,三峡,31100403,1014.179,71,80
0005,三峡,31100403,1038.25,72,80
0005,三峡,31100403,143.38,0,83
0005,三峡,31100403,151.757,1,83
0005,三峡,31100403,222.206,9,83
0005,三峡,31100403,233.18,10,83
0005,三峡,31100403,243.805,11,83
0005,三峡,31100403,254.199,12,83
0005,三峡,31100403,264.904,13,83
0005,三峡,31100403,275.825,14,83
0005,三峡,31100403,286.098,15,83
0005,三峡,31100403,297.221,16,83
0005,三峡,31100403,307.401,17,83
0005,三峡,31100403,317.542,18,83
0005,三峡,31100403,328.785,19,83
0005,三峡,31100403,339.408,20,83
0005,三峡,31100403,349.43,21,83
0005,三峡,31100403,360.067,22,83
0005,三峡,31100403,370.642,23,83
0005,三峡,31100403,380.898,24,83
0005,三峡,31100403,390.985,25,83
0005,三峡,31100403,400.876,26,83
0005,三峡,31100403,410.722,27,83
0005,三峡,31100403,421.122,28,83
0005,三峡,31100403,431.561,29,83
0005,三峡,31100403,441.81,30,83
0005,三峡,31100403,451.862,31,83
0005,三峡,31100403,462.049,32,83
0005,三峡,31100403,472.385,33,83
0005,三峡,31100403,481.926,34,83
0005,三峡,31100403,492.418,35,83
0005,三峡,31100403,503.083,36,83
0005,三峡,31100403,513.549,37,83
0005,三峡,31100403,524.215,38,83
0005,三峡,31100403,535.962,39,83
0005,三峡,31100403,547.16,40,83
0005,三峡,31100403,558.951,41,83
0005,三峡,31100403,570.931,42,83
0005,三峡,31100403,582.839,43,83
0005,三峡,31100403,594.68,44,83
0005,三峡,31100403,606.359,45,83
0005,三峡,31100403,617.943,46,83
0005,三峡,31100403,629.468,47,83
0005,三峡,31100403,641.308,48,83
0005,三峡,31100403,652.144,49,83
0005,三峡,31100403,662.896,50,83
0005,三峡,31100403,673.636,51,83
0005,三峡,31100403,684.546,52,83
0005,三峡,31100403,695.383,53,83
0005,三峡,31100403,706.239,54,83
0005,三峡,31100403,717.887,55,83
0005,三峡,31100403,729.406,56,83
0005,三峡,31100403,741.713,57,83
0005,三峡,31100403,754.725,58,83
0005,三峡,31100403,821.562,63,83
0005,三峡,31100403,836.412,64,83
0005,三峡,31100403,851.608,65,83
0005,三峡,31100403,867.206,66,83
0005,三峡,31100403,882.852,67,83
0005,三峡,31100403,898.725,68,83
0005,三峡,31100403,915.746,69,83
0005,三峡,31100403,932.718,70,83
0005,三峡,31100403,950.252,71,83
0005,三峡,31100403,969.325,72,83
0005,三峡,31100403,989.262,73,83
0005,三峡,31100403,1010.9,74,83
0005,三峡,31100403,1034.006,75,83
0005,三峡,31100403,1055.928,76,83
0005,三峡,31100403,138.8,0,86
0005,三峡,31100403,147.164,1,86
0005,三峡,31100403,225.438,10,86
0005,三峡,31100403,235.989,11,86
0005,三峡,31100403,245.752,12,86
0005,三峡,31100403,255.973,13,86
0005,三峡,31100403,266.865,14,86
0005,三峡,31100403,277.087,15,86
0005,三峡,31100403,287.789,16,86
0005,三峡,31100403,298.056,17,86
0005,三峡,31100403,308.037,18,86
0005,三峡,31100403,319.057,19,86
0005,三峡,31100403,329.525,20,86
0005,三峡,31100403,339.606,21,86
0005,三峡,31100403,349.817,22,86
0005,三峡,31100403,360.305,23,86
0005,三峡,31100403,370.412,24,86
0005,三峡,31100403,380.226,25,86
0005,三峡,31100403,389.76,26,86
0005,三峡,31100403,399.62,27,86
0005,三峡,31100403,409.279,28,86
0005,三峡,31100403,419.313,29,86
0005,三峡,31100403,429.104,30,86
0005,三峡,31100403,439.089,31,86
0005,三峡,31100403,448.964,32,86
0005,三峡,31100403,458.499,33,86
0005,三峡,31100403,468.669,34,86
0005,三峡,31100403,478.553,35,86
0005,三峡,31100403,488.844,36,86
0005,三峡,31100403,499.272,37,86
0005,三峡,31100403,509.495,38,86
0005,三峡,31100403,519.576,39,86
0005,三峡,31100403,530.637,40,86
0005,三峡,31100403,541.605,41,86
0005,三峡,31100403,552.667,42,86
0005,三峡,31100403,563.94,43,86
0005,三峡,31100403,575.117,44,86
0005,三峡,31100403,597.719,46,86
0005,三峡,31100403,609.078,47,86
0005,三峡,31100403,620.454,48,86
0005,三峡,31100403,631.85,49,86
0005,三峡,31100403,642.695,50,86
0005,三峡,31100403,653.673,51,86
0005,三峡,31100403,664.757,52,86
0005,三峡,31100403,675.604,53,86
0005,三峡,31100403,685.852,54,86
0005,三峡,31100403,696.34,55,86
0005,三峡,31100403,706.848,56,86
0005,三峡,31100403,717.584,57,86
0005,三峡,31100403,728.397,58,86
0005,三峡,31100403,740.956,59,86
0005,三峡,31100403,765.826,61,86
0005,三峡,31100403,777.268,62,86
0005,三峡,31100403,789.347,63,86
0005,三峡,31100403,802.607,64,86
0005,三峡,31100403,815.891,65,86
0005,三峡,31100403,829.673,66,86
0005,三峡,31100403,844.123,67,86
0005,三峡,31100403,858.686,68,86
0005,三峡,31100403,873.728,69,86
0005,三峡,31100403,888.839,70,86
0005,三峡,31100403,904.049,71,86
0005,三峡,31100403,919.574,72,86
0005,三峡,31100403,935.961,73,86
0005,三峡,31100403,952.503,74,86
0005,三峡,31100403,970.434,75,86
0005,三峡,31100403,989.391,76,86
0005,三峡,31100403,1009.648,77,86
0005,三峡,31100403,1030.679,78,86
0005,三峡,31100403,1052.559,79,86
0005,三峡,31100403,1074.209,80,86
0005,三峡,31100403,134.9,0,89
0005,三峡,31100403,143.277,1,89
0005,三峡,31100403,228.96,11,89
0005,三峡,31100403,238.847,12,89
0005,三峡,31100403,248.689,13,89
0005,三峡,31100403,259.329,14,89
0005,三峡,31100403,269.314,15,89
0005,三峡,31100403,279.536,16,89
0005,三峡,31100403,289.59,17,89
0005,三峡,31100403,299.305,18,89
0005,三峡,31100403,309.956,19,89
0005,三峡,31100403,320.527,20,89
0005,三峡,31100403,330.373,21,89
0005,三峡,31100403,339.816,22,89
0005,三峡,31100403,350.148,23,89
0005,三峡,31100403,360.187,24,89
0005,三峡,31100403,369.945,25,89
0005,三峡,31100403,379.292,26,89
0005,三峡,31100403,388.568,27,89
0005,三峡,31100403,397.919,28,89
0005,三峡,31100403,407.413,29,89
0005,三峡,31100403,417.028,30,89
0005,三峡,31100403,426.386,31,89
0005,三峡,31100403,435.18,32,89
0005,三峡,31100403,444.431,33,89
0005,三峡,31100403,453.955,34,89
0005,三峡,31100403,462.572,35,89
0005,三峡,31100403,472.208,36,89
0005,三峡,31100403,482.316,37,89
0005,三峡,31100403,492.571,38,89
0005,三峡,31100403,502.791,39,89
0005,三峡,31100403,513.518,40,89
0005,三峡,31100403,524.261,41,89
0005,三峡,31100403,534.919,42,89
0005,三峡,31100403,546.022,43,89
0005,三峡,31100403,557.067,44,89
0005,三峡,31100403,567.98,45,89
0005,三峡,31100403,578.815,46,89
0005,三峡,31100403,589.831,47,89
0005,三峡,31100403,611.823,49,89
0005,三峡,31100403,622.74,50,89
0005,三峡,31100403,633.62,51,89
0005,三峡,31100403,644.446,52,89
0005,三峡,31100403,655.218,53,89
0005,三峡,31100403,665.891,54,89
0005,三峡,31100403,676.054,55,89
0005,三峡,31100403,686.116,56,89
0005,三峡,31100403,696.613,57,89
0005,三峡,31100403,707.171,58,89
0005,三峡,31100403,717.763,59,89
0005,三峡,31100403,728.156,60,89
0005,三峡,31100403,739.079,61,89
0005,三峡,31100403,749.981,62,89
0005,三峡,31100403,760.848,63,89
0005,三峡,31100403,772.611,64,89
0005,三峡,31100403,785.345,65,89
0005,三峡,31100403,798.269,66,89
0005,三峡,31100403,811.219,67,89
0005,三峡,31100403,837.142,69,89
0005,三峡,31100403,851.055,70,89
0005,三峡,31100403,865.296,71,89
0005,三峡,31100403,879.811,72,89
0005,三峡,31100403,894.359,73,89
0005,三峡,31100403,908.983,74,89
0005,三峡,31100403,923.661,75,89
0005,三峡,31100403,939.256,76,89
0005,三峡,31100403,955.583,77,89
0005,三峡,31100403,972.039,78,89
0005,三峡,31100403,990.298,79,89
0005,三峡,31100403,1008.971,80,89
0005,三峡,31100403,1028.785,81,89
0005,三峡,31100403,1049.24,82,89
0005,三峡,31100403,1070.262,83,89
0005,三峡,31100403,1092.037,84,89
0005,三峡,31100403,131.56,0,92
0005,三峡,31100403,139.813,1,92
0005,三峡,31100403,232.34,12,92
0005,三峡,31100403,241.807,13,92
0005,三峡,31100403,252.268,14,92
0005,三峡,31100403,262.096,15,92
0005,三峡,31100403,271.967,16,92
0005,三峡,31100403,281.855,17,92
0005,三峡,31100403,291.267,18,92
0005,三峡,31100403,301.185,19,92
0005,三峡,31100403,311.433,20,92
0005,三峡,31100403,321.324,21,92
0005,三峡,31100403,330.878,22,92
0005,三峡,31100403,340.508,23,92
0005,三峡,31100403,350.304,24,92
0005,三峡,31100403,359.879,25,92
0005,三峡,31100403,369.195,26,92
0005,三峡,31100403,378.266,27,92
0005,三峡,31100403,396.558,29,92
0005,三峡,31100403,405.959,30,92
0005,三峡,31100403,433.874,33,92
0005,三峡,31100403,442.695,34,92
0005,三峡,31100403,451.696,35,92
0005,三峡,31100403,460.438,36,92
0005,三峡,31100403,469.463,37,92
0005,三峡,31100403,478.735,38,92
0005,三峡,31100403,487.721,39,92
0005,三峡,31100403,497.621,40,92
0005,三峡,31100403,507.855,41,92
0005,三峡,31100403,517.957,42,92
0005,三峡,31100403,528.581,43,92
0005,三峡,31100403,539.319,44,92
0005,三峡,31100403,549.995,45,92
0005,三峡,31100403,560.562,46,92
0005,三峡,31100403,571.351,47,92
0005,三峡,31100403,582.298,48,92
0005,三峡,31100403,593.124,49,92
0005,三峡,31100403,603.746,50,92
0005,三峡,31100403,614.286,51,92
0005,三峡,31100403,624.713,52,92
0005,三峡,31100403,635.087,53,92
0005,三峡,31100403,666.068,56,92
0005,三峡,31100403,676.289,57,92
0005,三峡,31100403,686.497,58,92
0005,三峡,31100403,696.656,59,92
0005,三峡,31100403,716.902,61,92
0005,三峡,31100403,727.146,62,92
0005,三峡,31100403,737.125,63,92
0005,三峡,31100403,747.417,64,92
0005,三峡,31100403,759.096,65,92
0005,三峡,31100403,782.237,67,92
0005,三峡,31100403,794.269,68,92
0005,三峡,31100403,806.77,69,92
0005,三峡,31100403,819.297,70,92
0005,三峡,31100403,831.849,71,92
0005,三峡,31100403,844.445,72,92
0005,三峡,31100403,857.326,73,92
0005,三峡,31100403,871.451,74,92
0005,三峡,31100403,885.093,75,92
0005,三峡,31100403,899.173,76,92
0005,三峡,31100403,913.451,77,92
0005,三峡,31100403,927.927,78,92
0005,三峡,31100403,942.601,79,92
0005,三峡,31100403,958.432,80,92
0005,三峡,31100403,974.307,81,92
0005,三峡,31100403,991.091,82,92
0005,三峡,31100403,1008.88,83,92
0005,三峡,31100403,1027.178,84,92
0005,三峡,31100403,128.5,0,95
0005,三峡,31100403,136.699,1,95
0005,三峡,31100403,235.384,13,95
0005,三峡,31100403,245.498,14,95
0005,三峡,31100403,255.236,15,95
0005,三峡,31100403,264.82,16,95
0005,三峡,31100403,274.456,17,95
0005,三峡,31100403,283.7,18,95
0005,三峡,31100403,293.129,19,95
0005,三峡,31100403,303.113,20,95
0005,三峡,31100403,312.751,21,95
0005,三峡,31100403,322.143,22,95
0005,三峡,31100403,331.646,23,95
0005,三峡,31100403,341.5,24,95
0005,三峡,31100403,350.988,25,95
0005,三峡,31100403,360.008,26,95
0005,三峡,31100403,368.783,27,95
0005,三峡,31100403,377.725,28,95
0005,三峡,31100403,386.814,29,95
0005,三峡,31100403,395.923,30,95
0005,三峡,31100403,405.273,31,95
0005,三峡,31100403,414.45,32,95
0005,三峡,31100403,423.67,33,95
0005,三峡,31100403,432.582,34,95
0005,三峡,31100403,441.376,35,95
0005,三峡,31100403,450.384,36,95
0005,三峡,31100403,458.987,37,95
0005,三峡,31100403,467.507,38,95
0005,三峡,31100403,476.285,39,95
0005,三峡,31100403,485.245,40,95
0005,三峡,31100403,494.288,41,95
0005,三峡,31100403,503.798,42,95
0005,三峡,31100403,513.095,43,95
0005,三峡,31100403,523.607,44,95
0005,三峡,31100403,534.093,45,95
0005,三峡,31100403,544.307,46,95
0005,三峡,31100403,554.272,47,95
0005,三峡,31100403,564.759,48,95
0005,三峡,31100403,575.197,49,95
0005,三峡,31100403,585.588,50,95
0005,三峡,31100403,595.93,51,95
0005,三峡,31100403,606.286,52,95
0005,三峡,31100403,616.566,53,95
0005,三峡,31100403,637.217,55,95
0005,三峡,31100403,647.508,56,95
0005,三峡,31100403,657.33,57,95
0005,三峡,31100403,666.885,58,95
0005,三峡,31100403,676.478,59,95
0005,三峡,31100403,686.277,60,95
0005,三峡,31100403,696.324,61,95
0005,三峡,31100403,706.448,62,95
0005,三峡,31100403,716.165,63,95
0005,三峡,31100403,725.558,64,95
0005,三峡,31100403,735.434,65,95
0005,三峡,31100403,746.014,66,95
0005,三峡,31100403,756.861,67,95
0005,三峡,31100403,767.913,68,95
0005,三峡,31100403,779.078,69,95
0005,三峡,31100403,790.881,70,95
0005,三峡,31100403,802.699,71,95
0005,三峡,31100403,814.748,72,95
0005,三峡,31100403,827.005,73,95
0005,三峡,31100403,839.291,74,95
0005,三峡,31100403,851.543,75,95
0005,三峡,31100403,863.888,76,95
0005,三峡,31100403,876.83,77,95
0005,三峡,31100403,889.903,78,95
0005,三峡,31100403,903.067,79,95
0005,三峡,31100403,917.243,80,95
0005,三峡,31100403,931.505,81,95
0005,三峡,31100403,945.853,82,95
0005,三峡,31100403,960.914,83,95
0005,三峡,31100403,976.563,84,95
0005,三峡,31100403,125.92,0,98
0005,三峡,31100403,134.122,1,98
0005,三峡,31100403,239.444,14,98
0005,三峡,31100403,248.989,15,98
0005,三峡,31100403,258.177,16,98
0005,三峡,31100403,267.822,17,98
0005,三峡,31100403,277.015,18,98
0005,三峡,31100403,285.793,19,98
0005,三峡,31100403,295.472,20,98
0005,三峡,31100403,304.904,21,98
0005,三峡,31100403,314.186,22,98
0005,三峡,31100403,323.169,23,98
0005,三峡,31100403,332.679,24,98
0005,三峡,31100403,342.006,25,98
0005,三峡,31100403,351.091,26,98
0005,三峡,31100403,359.945,27,98
0005,三峡,31100403,368.408,28,98
0005,三峡,31100403,377.317,29,98
0005,三峡,31100403,386.09,30,98
0005,三峡,31100403,395.059,31,98
0005,三峡,31100403,404.135,32,98
0005,三峡,31100403,413.115,33,98
0005,三峡,31100403,422.193,34,98
0005,三峡,31100403,431.125,35,98
0005,三峡,31100403,439.974,36,98
0005,三峡,31100403,448.523,37,98
0005,三峡,31100403,465.677,39,98
0005,三峡,31100403,474.422,40,98
0005,三峡,31100403,483.01,41,98
0005,三峡,31100403,491.632,42,98
0005,三峡,31100403,500.413,43,98
0005,三峡,31100403,509.122,44,98
0005,三峡,31100403,518.621,45,98
0005,三峡,31100403,528.09,46,98
0005,三峡,31100403,537.658,47,98
0005,三峡,31100403,548.222,48,98
0005,三峡,31100403,558.588,49,98
0005,三峡,31100403,568.79,50,98
0005,三峡,31100403,578.95,51,98
0005,三峡,31100403,589.068,52,98
0005,三峡,31100403,599.063,53,98
0005,三峡,31100403,608.941,54,98
0005,三峡,31100403,618.88,55,98
0005,三峡,31100403,629.061,56,98
0005,三峡,31100403,639.2,57,98
0005,三峡,31100403,649.168,58,98
0005,三峡,31100403,658.648,59,98
0005,三峡,31100403,668.167,60,98
0005,三峡,31100403,677.639,61,98
0005,三峡,31100403,687.065,62,98
0005,三峡,31100403,696.231,63,98
0005,三峡,31100403,715.09,65,98
0005,三峡,31100403,724.758,66,98
0005,三峡,31100403,734.478,67,98
0005,三峡,31100403,744.857,68,98
0005,三峡,31100403,755.222,69,98
0005,三峡,31100403,765.571,70,98
0005,三峡,31100403,776.379,71,98
0005,三峡,31100403,787.314,72,98
0005,三峡,31100403,798.365,73,98
0005,三峡,31100403,810.516,74,98
0005,三峡,31100403,822.707,75,98
0005,三峡,31100403,834.674,76,98
0005,三峡,31100403,846.67,77,98
0005,三峡,31100403,858.628,78,98
0005,三峡,31100403,870.701,79,98
0005,三峡,31100403,883.199,80,98
0005,三峡,31100403,895.739,81,98
0005,三峡,31100403,908.646,82,98
0005,三峡,31100403,922.212,83,98
0005,三峡,31100403,935.851,84,98
0005,三峡,31100403,123.44,0,101
0005,三峡,31100403,131.79,1,101
0005,三峡,31100403,243.412,15,101
0005,三峡,31100403,252.192,16,101
0005,三峡,31100403,261.576,17,101
0005,三峡,31100403,270.67,18,101
0005,三峡,31100403,279.289,19,101
0005,三峡,31100403,288.354,20,101
0005,三峡,31100403,297.694,21,101
0005,三峡,31100403,306.725,22,101
0005,三峡,31100403,315.464,23,101
0005,三峡,31100403,324.398,24,101
0005,三峡,31100403,333.471,25,101
0005,三峡,31100403,342.359,26,101
0005,三峡,31100403,351.173,27,101
0005,三峡,31100403,359.774,28,101
0005,三峡,31100403,368.341,29,101
0005,三峡,31100403,376.933,30,101
0005,三峡,31100403,385.628,31,101
0005,三峡,31100403,394.495,32,101
0005,三峡,31100403,403.205,33,101
0005,三峡,31100403,411.985,34,101
0005,三峡,31100403,420.791,35,101
0005,三峡,31100403,429.484,36,101
0005,三峡,31100403,437.951,37,101
0005,三峡,31100403,446.23,38,101
0005,三峡,31100403,455.081,39,101
0005,三峡,31100403,463.773,40,101
0005,三峡,31100403,472.393,41,101
0005,三峡,31100403,480.711,42,101
0005,三峡,31100403,488.573,43,101
0005,三峡,31100403,497.298,44,101
0005,三峡,31100403,506.144,45,101
0005,三峡,31100403,515.084,46,101
0005,三峡,31100403,524.218,47,101
0005,三峡,31100403,533.309,48,101
0005,三峡,31100403,542.998,49,101
0005,三峡,31100403,552.852,50,101
0005,三峡,31100403,562.662,51,101
0005,三峡,31100403,572.371,52,101
0005,三峡,31100403,582.034,53,101
0005,三峡,31100403,591.871,54,101
0005,三峡,31100403,601.678,55,101
0005,三峡,31100403,611.448,56,101
0005,三峡,31100403,621.18,57,101
0005,三峡,31100403,630.746,58,101
0005,三峡,31100403,640.213,59,101
0005,三峡,31100403,649.59,60,101
0005,三峡,31100403,668.413,62,101
0005,三峡,31100403,677.829,63,101
0005,三峡,31100403,687.101,64,101
0005,三峡,31100403,696.249,65,101
0005,三峡,31100403,705.383,66,101
0005,三峡,31100403,714.545,67,101
0005,三峡,31100403,723.669,68,101
0005,三峡,31100403,733.475,69,101
0005,三峡,31100403,743.316,70,101
0005,三峡,31100403,753.318,71,101
0005,三峡,31100403,763.928,72,101
0005,三峡,31100403,774.277,73,101
0005,三峡,31100403,784.464,74,101
0005,三峡,31100403,795.222,75,101
0005,三峡,31100403,806.436,76,101
0005,三峡,31100403,817.755,77,101
0005,三峡,31100403,829.036,78,101
0005,三峡,31100403,840.336,79,101
0005,三峡,31100403,852.226,80,101
0005,三峡,31100403,864.189,81,101
0005,三峡,31100403,888.308,83,101
0005,三峡,31100403,900.815,84,101
0005,三峡,31100403,121.16,0,104
0005,三峡,31100403,129,1,104
0005,三峡,31100403,255.471,17,104
0005,三峡,31100403,264.314,18,104
0005,三峡,31100403,272.885,19,104
0005,三峡,31100403,281.651,20,104
0005,三峡,31100403,290.767,21,104
0005,三峡,31100403,299.581,22,104
0005,三峡,31100403,308.109,23,104
0005,三峡,31100403,316.73,24,104
0005,三峡,31100403,325.753,25,104
0005,三峡,31100403,334.55,26,104
0005,三峡,31100403,343.131,27,104
0005,三峡,31100403,351.552,28,104
0005,三峡,31100403,359.866,29,104
0005,三峡,31100403,368.436,30,104
0005,三峡,31100403,376.921,31,104
0005,三峡,31100403,385.604,32,104
0005,三峡,31100403,394.325,33,104
0005,三峡,31100403,402.796,34,104
0005,三峡,31100403,419.645,36,104
0005,三峡,31100403,427.831,37,104
0005,三峡,31100403,435.978,38,104
0005,三峡,31100403,444.338,39,104
0005,三峡,31100403,452.894,40,104
0005,三峡,31100403,461.307,41,104
0005,三峡,31100403,469.875,42,104
0005,三峡,31100403,478.252,43,104
0005,三峡,31100403,486.14,44,104
0005,三峡,31100403,494.873,45,104
0005,三峡,31100403,503.445,46,104
0005,三峡,31100403,511.998,47,104
0005,三峡,31100403,520.759,48,104
0005,三峡,31100403,529.427,49,104
0005,三峡,31100403,538.41,50,104
0005,三峡,31100403,547.823,51,104
0005,三峡,31100403,557.189,52,104
0005,三峡,31100403,566.51,53,104
0005,三峡,31100403,575.717,54,104
0005,三峡,31100403,585.222,55,104
0005,三峡,31100403,594.689,56,104
0005,三峡,31100403,604.12,57,104
0005,三峡,31100403,613.615,58,104
0005,三峡,31100403,632.485,60,104
0005,三峡,31100403,641.695,61,104
0005,三峡,31100403,650.757,62,104
0005,三峡,31100403,659.77,63,104
0005,三峡,31100403,668.743,64,104
0005,三峡,31100403,677.867,65,104
0005,三峡,31100403,687.089,66,104
0005,三峡,31100403,696.138,67,104
0005,三峡,31100403,705.001,68,104
0005,三峡,31100403,713.67,69,104
0005,三峡,31100403,722.674,70,104
0005,三峡,31100403,732.002,71,104
0005,三峡,31100403,741.53,72,104
0005,三峡,31100403,751.252,73,104
0005,三峡,31100403,760.949,74,104
0005,三峡,31100403,770.802,75,104
0005,三峡,31100403,781.079,76,104
0005,三峡,31100403,791.776,77,104
0005,三峡,31100403,802.654,78,104
0005,三峡,31100403,813.506,79,104
0005,三峡,31100403,824.39,80,104
0005,三峡,31100403,835.535,81,104
0005,三峡,31100403,846.733,82,104
0005,三峡,31100403,858.132,83,104
0005,三峡,31100403,869.665,84,104
0005,三峡,31100403,119.2,0,107
0005,三峡,31100403,126.874,1,107
0005,三峡,31100403,258.477,18,107
0005,三峡,31100403,267.012,19,107
0005,三峡,31100403,275.23,20,107
0005,三峡,31100403,284.112,21,107
0005,三峡,31100403,292.895,22,107
0005,三峡,31100403,301.47,23,107
0005,三峡,31100403,309.785,24,107
0005,三峡,31100403,318.411,25,107
0005,三峡,31100403,327.124,26,107
0005,三峡,31100403,335.627,27,107
0005,三峡,31100403,343.929,28,107
0005,三峡,31100403,352.036,29,107
0005,三峡,31100403,360.114,30,107
0005,三峡,31100403,368.465,31,107
0005,三峡,31100403,376.657,32,107
0005,三峡,31100403,385.038,33,107
0005,三峡,31100403,393.372,34,107
0005,三峡,31100403,401.609,35,107
0005,三峡,31100403,410.028,36,107
0005,三峡,31100403,418.323,37,107
0005,三峡,31100403,426.362,38,107
0005,三峡,31100403,434.56,39,107
0005,三峡,31100403,450.699,41,107
0005,三峡,31100403,458.844,42,107
0005,三峡,31100403,467.216,43,107
0005,三峡,31100403,475.627,44,107
0005,三峡,31100403,484.107,45,107
0005,三峡,31100403,492.524,46,107
0005,三峡,31100403,501.081,47,107
0005,三峡,31100403,509.392,48,107
0005,三峡,31100403,517.775,49,107
0005,三峡,31100403,526.223,50,107
0005,三峡,31100403,534.615,51,107
0005,三峡,31100403,543.518,52,107
0005,三峡,31100403,552.44,53,107
0005,三峡,31100403,561.329,54,107
0005,三峡,31100403,570.171,55,107
0005,三峡,31100403,579.464,56,107
0005,三峡,31100403,598.047,58,107
0005,三峡,31100403,607.297,59,107
0005,三峡,31100403,616.515,60,107
0005,三峡,31100403,625.657,61,107
0005,三峡,31100403,634.452,62,107
0005,三峡,31100403,643.188,63,107
0005,三峡,31100403,651.999,64,107
0005,三峡,31100403,660.871,65,107
0005,三峡,31100403,669.707,66,107
0005,三峡,31100403,678.611,67,107
0005,三峡,31100403,687.376,68,107
0005,三峡,31100403,695.929,69,107
0005,三峡,31100403,704.403,70,107
0005,三峡,31100403,713.195,71,107
0005,三峡,31100403,722.155,72,107
0005,三峡,31100403,731.274,73,107
0005,三峡,31100403,740.723,74,107
0005,三峡,31100403,750.06,75,107
0005,三峡,31100403,759.349,76,107
0005,三峡,31100403,769.169,77,107
0005,三峡,31100403,779.158,78,107
0005,三峡,31100403,799.154,80,107
0005,三峡,31100403,809.732,81,107
0005,三峡,31100403,820.325,82,107
0005,三峡,31100403,830.935,83,107
0005,三峡,31100403,841.738,84,107
0005,三峡,31100403,117.4,0,110
0005,三峡,31100403,124.985,1,110
0005,三峡,31100403,262.178,19,110
0005,三峡,31100403,270.094,20,110
0005,三峡,31100403,278.553,21,110
0005,三峡,31100403,287.267,22,110
0005,三峡,31100403,295.715,23,110
0005,三峡,31100403,304.016,24,110
0005,三峡,31100403,312.139,25,110
0005,三峡,31100403,320.576,26,110
0005,三峡,31100403,328.805,27,110
0005,三峡,31100403,336.834,28,110
0005,三峡,31100403,344.67,29,110
0005,三峡,31100403,352.388,30,110
0005,三峡,31100403,360.333,31,110
0005,三峡,31100403,368.725,32,110
0005,三峡,31100403,376.949,33,110
0005,三峡,31100403,384.845,34,110
0005,三峡,31100403,392.599,35,110
0005,三峡,31100403,400.575,36,110
0005,三峡,31100403,408.855,37,110
0005,三峡,31100403,417.022,38,110
0005,三峡,31100403,425.067,39,110
0005,三峡,31100403,432.962,40,110
0005,三峡,31100403,440.792,41,110
0005,三峡,31100403,448.885,42,110
0005,三峡,31100403,456.942,43,110
0005,三峡,31100403,464.927,44,110
0005,三峡,31100403,473.075,45,110
0005,三峡,31100403,481.424,46,110
0005,三峡,31100403,489.703,47,110
0005,三峡,31100403,497.944,48,110
0005,三峡,31100403,506.27,49,110
0005,三峡,31100403,514.742,50,110
0005,三峡,31100403,523.308,51,110
0005,三峡,31100403,531.655,52,110
0005,三峡,31100403,539.894,53,110
0005,三峡,31100403,548.559,54,110
0005,三峡,31100403,557.344,55,110
0005,三峡,31100403,574.884,57,110
0005,三峡,31100403,583.792,58,110
0005,三峡,31100403,592.683,59,110
0005,三峡,31100403,601.539,60,110
0005,三峡,31100403,610.36,61,110
0005,三峡,31100403,619.232,62,110
0005,三峡,31100403,636.833,64,110
0005,三峡,31100403,645.522,65,110
0005,三峡,31100403,654.149,66,110
0005,三峡,31100403,662.682,67,110
0005,三峡,31100403,671.18,68,110
0005,三峡,31100403,679.512,69,110
0005,三峡,31100403,688.036,70,110
0005,三峡,31100403,696.645,71,110
0005,三峡,31100403,705.277,72,110
0005,三峡,31100403,713.823,73,110
0005,三峡,31100403,722.449,74,110
0005,三峡,31100403,731.249,75,110
0005,三峡,31100403,740.118,76,110
0005,三峡,31100403,749.074,77,110
0005,三峡,31100403,757.98,78,110
0005,三峡,31100403,767.625,79,110
0005,三峡,31100403,777.342,80,110
0005,三峡,31100403,816.696,84,110
0005,三峡,31100403,115.6,0,113
0005,三峡,31100403,123.12,1,113
0005,三峡,31100403,266.523,20,113
0005,三峡,31100403,273.716,21,113
0005,三峡,31100403,282.299,22,113
0005,三峡,31100403,290.665,23,113
0005,三峡,31100403,298.781,24,113
0005,三峡,31100403,306.658,25,113
0005,三峡,31100403,314.587,26,113
0005,三峡,31100403,322.63,27,113
0005,三峡,31100403,330.708,28,113
0005,三峡,31100403,338.705,29,113
0005,三峡,31100403,346.525,30,113
0005,三峡,31100403,354.176,31,113
0005,三峡,31100403,362.277,32,113
0005,三峡,31100403,370.001,33,113
0005,三峡,31100403,377.519,34,113
0005,三峡,31100403,385.163,35,113
0005,三峡,31100403,392.702,36,113
0005,三峡,31100403,400.523,37,113
0005,三峡,31100403,408.33,38,113
0005,三峡,31100403,423.838,40,113
0005,三峡,31100403,431.672,41,113
0005,三峡,31100403,439.49,42,113
0005,三峡,31100403,455.223,44,113
0005,三峡,31100403,463.241,45,113
0005,三峡,31100403,471.203,46,113
0005,三峡,31100403,479.072,47,113
0005,三峡,31100403,487.032,48,113
0005,三峡,31100403,495.203,49,113
0005,三峡,31100403,503.347,50,113
0005,三峡,31100403,511.505,51,113
0005,三峡,31100403,519.991,52,113
0005,三峡,31100403,528.519,53,113
0005,三峡,31100403,537,54,113
0005,三峡,31100403,545.227,55,113
0005,三峡,31100403,553.684,56,113
0005,三峡,31100403,562.097,57,113
0005,三峡,31100403,570.466,58,113
0005,三峡,31100403,578.897,59,113
0005,三峡,31100403,587.672,60,113
0005,三峡,31100403,596.436,61,113
0005,三峡,31100403,605.169,62,113
0005,三峡,31100403,613.872,63,113
0005,三峡,31100403,622.385,64,113
0005,三峡,31100403,630.742,65,113
0005,三峡,31100403,639.062,66,113
0005,三峡,31100403,647.346,67,113
0005,三峡,31100403,655.723,68,113
0005,三峡,31100403,664.274,69,113
0005,三峡,31100403,672.796,70,113
0005,三峡,31100403,681.172,71,113
0005,三峡,31100403,689.476,72,113
0005,三峡,31100403,697.749,73,113
0005,三峡,31100403,706.034,74,113
0005,三峡,31100403,714.285,75,113
0005,三峡,31100403,731.211,77,113
0005,三峡,31100403,748.45,79,113
0005,三峡,31100403,766.164,81,113
0005,三峡,31100403,775.622,82,113
0005,三峡,31100501,190,0,60
0005,三峡,31100501,202.1,1,60
0005,三峡,31100501,214.8,2,60
0005,三峡,31100501,227.6,3,60
0005,三峡,31100501,240.3,4,60
0005,三峡,31100501,265.8,6,60
0005,三峡,31100501,278.5,7,60
0005,三峡,31100501,291.3,8,60
0005,三峡,31100501,304,9,60
0005,三峡,31100501,316.8,10,60
0005,三峡,31100501,329.5,11,60
0005,三峡,31100501,342.3,12,60
0005,三峡,31100501,355,13,60
0005,三峡,31100501,380.8,15,60
0005,三峡,31100501,433.5,19,60
0005,三峡,31100501,447,20,60
0005,三峡,31100501,474.2,22,60
0005,三峡,31100501,488,23,60
0005,三峡,31100501,516.4,25,60
0005,三峡,31100501,561.8,28,60
0005,三峡,31100501,578.1,29,60
0005,三峡,31100501,594.3,30,60
0005,三峡,31100501,609.8,31,60
0005,三峡,31100501,625.1,32,60
0005,三峡,31100501,639.9,33,60
0005,三峡,31100501,654.5,34,60
0005,三峡,31100501,668.9,35,60
0005,三峡,31100501,683.7,36,60
0005,三峡,31100501,700.6,37,60
0005,三峡,31100501,719.5,38,60
0005,三峡,31100501,743.1,39,60
0005,三峡,31100501,781,40,60
0005,三峡,31100501,856.7,41,60
0005,三峡,31100501,932.5,42,60
0005,三峡,31100501,179.1,0,63
0005,三峡,31100501,192.2,1,63
0005,三峡,31100501,204.6,2,63
0005,三峡,31100501,316.3,11,63
0005,三峡,31100501,328.7,12,63
0005,三峡,31100501,366.1,15,63
0005,三峡,31100501,378.8,16,63
0005,三峡,31100501,391.4,17,63
0005,三峡,31100501,417,19,63
0005,三峡,31100501,429.9,20,63
0005,三峡,31100501,455.9,22,63
0005,三峡,31100501,495.9,25,63
0005,三峡,31100501,509.6,26,63
0005,三峡,31100501,538.1,28,63
0005,三峡,31100501,553.1,29,63
0005,三峡,31100501,568.2,30,63
0005,三峡,31100501,578.6,31,63
0005,三峡,31100501,593.9,32,63
0005,三峡,31100501,608.9,33,63
0005,三峡,31100501,622.8,34,63
0005,三峡,31100501,636.6,35,63
0005,三峡,31100501,694.7,39,63
0005,三峡,31100501,711.3,40,63
0005,三峡,31100501,730,41,63
0005,三峡,31100501,756.1,42,63
0005,三峡,31100501,786.8,43,63
0005,三峡,31100501,833.2,44,63
0005,三峡,31100501,936.2,45,63
0005,三峡,31100501,1039.3,46,63
0005,三峡,31100501,168.6,0,66
0005,三峡,31100501,182.3,1,66
0005,三峡,31100501,194.4,2,66
0005,三峡,31100501,218.5,4,66
0005,三峡,31100501,230.6,5,66
0005,三峡,31100501,254.7,7,66
0005,三峡,31100501,266.8,8,66
0005,三峡,31100501,290.9,10,66
0005,三峡,31100501,303,11,66
0005,三峡,31100501,327.1,13,66
0005,三峡,31100501,339.2,14,66
0005,三峡,31100501,351.4,15,66
0005,三峡,31100501,400.4,19,66
0005,三峡,31100501,412.7,20,66
0005,三峡,31100501,425.1,21,66
0005,三峡,31100501,450,23,66
0005,三峡,31100501,475.3,25,66
0005,三峡,31100501,501,27,66
0005,三峡,31100501,514.4,28,66
0005,三峡,31100501,528.2,29,66
0005,三峡,31100501,542.2,30,66
0005,三峡,31100501,550.6,31,66
0005,三峡,31100501,565.4,32,66
0005,三峡,31100501,580,33,66
0005,三峡,31100501,594.2,34,66
0005,三峡,31100501,608.2,35,66
0005,三峡,31100501,621.6,36,66
0005,三峡,31100501,635.1,37,66
0005,三峡,31100501,648.7,38,66
0005,三峡,31100501,662.1,39,66
0005,三峡,31100501,675.3,40,66
0005,三峡,31100501,690.6,41,66
0005,三峡,31100501,707.4,42,66
0005,三峡,31100501,724.3,43,66
0005,三峡,31100501,742.1,44,66
0005,三峡,31100501,766,45,66
0005,三峡,31100501,793.8,46,66
0005,三峡,31100501,826.5,47,66
0005,三峡,31100501,883.7,48,66
0005,三峡,31100501,968.9,49,66
0005,三峡,31100501,159.2,0,69
0005,三峡,31100501,172.4,1,69
0005,三峡,31100501,184.2,2,69
0005,三峡,31100501,195.9,3,69
0005,三峡,31100501,219.4,5,69
0005,三峡,31100501,231.1,6,69
0005,三峡,31100501,266.3,9,69
0005,三峡,31100501,278,10,69
0005,三峡,31100501,301.5,12,69
0005,三峡,31100501,313.2,13,69
0005,三峡,31100501,336.7,15,69
0005,三峡,31100501,348.4,16,69
0005,三峡,31100501,360.2,17,69
0005,三峡,31100501,442.9,24,69
0005,三峡,31100501,490.7,28,69
0005,三峡,31100501,503.3,29,69
0005,三峡,31100501,516.1,30,69
0005,三峡,31100501,526.8,31,69
0005,三峡,31100501,540.1,32,69
0005,三峡,31100501,553.6,33,69
0005,三峡,31100501,580.8,35,69
0005,三峡,31100501,622,38,69
0005,三峡,31100501,635.7,39,69
0005,三峡,31100501,648.4,40,69
0005,三峡,31100501,660.9,41,69
0005,三峡,31100501,674.2,42,69
0005,三峡,31100501,701.3,44,69
0005,三峡,31100501,717.3,45,69
0005,三峡,31100501,733.2,46,69
0005,三峡,31100501,753.6,47,69
0005,三峡,31100501,776.2,48,69
0005,三峡,31100501,803.4,49,69
0005,三峡,31100501,831,50,69
0005,三峡,31100501,865.9,51,69
0005,三峡,31100501,910,52,69
0005,三峡,31100501,999.9,53,69
0005,三峡,31100501,1089.7,54,69
0005,三峡,31100501,1179.6,55,69
0005,三峡,31100501,152,0,72
0005,三峡,31100501,165.1,1,72
0005,三峡,31100501,176.5,2,72
0005,三峡,31100501,210.8,5,72
0005,三峡,31100501,222.2,6,72
0005,三峡,31100501,267.9,10,72
0005,三峡,31100501,279.3,11,72
0005,三峡,31100501,325,15,72
0005,三峡,31100501,336.4,16,72
0005,三峡,31100501,382.1,20,72
0005,三峡,31100501,393.5,21,72
0005,三峡,31100501,439.2,25,72
0005,三峡,31100501,449.3,26,72
0005,三峡,31100501,461.2,27,72
0005,三峡,31100501,472.8,28,72
0005,三峡,31100501,484.1,29,72
0005,三峡,31100501,496,30,72
0005,三峡,31100501,519.6,32,72
0005,三峡,31100501,531.5,33,72
0005,三峡,31100501,544,34,72
0005,三峡,31100501,556.9,35,72
0005,三峡,31100501,570.2,36,72
0005,三峡,31100501,583.4,37,72
0005,三峡,31100501,596.7,38,72
0005,三峡,31100501,623,40,72
0005,三峡,31100501,635.7,41,72
0005,三峡,31100501,660.6,43,72
0005,三峡,31100501,672.6,44,72
0005,三峡,31100501,687.4,45,72
0005,三峡,31100501,701.9,46,72
0005,三峡,31100501,715.9,47,72
0005,三峡,31100501,729.7,48,72
0005,三峡,31100501,746.2,49,72
0005,三峡,31100501,765.4,50,72
0005,三峡,31100501,787.3,51,72
0005,三峡,31100501,812.2,52,72
0005,三峡,31100501,838.2,53,72
0005,三峡,31100501,866.9,54,72
0005,三峡,31100501,899.1,55,72
0005,三峡,31100501,943.3,56,72
0005,三峡,31100501,1027.7,57,72
0005,三峡,31100501,1112.2,58,72
0005,三峡,31100501,1196.6,59,72
0005,三峡,31100501,146,0,75
0005,三峡,31100501,159,1,75
0005,三峡,31100501,170.1,2,75
0005,三峡,31100501,192.4,4,75
0005,三峡,31100501,203.5,5,75
0005,三峡,31100501,236.9,8,75
0005,三峡,31100501,248,9,75
0005,三峡,31100501,281.4,12,75
0005,三峡,31100501,292.5,13,75
0005,三峡,31100501,325.9,16,75
0005,三峡,31100501,337,17,75
0005,三峡,31100501,370.4,20,75
0005,三峡,31100501,381.5,21,75
0005,三峡,31100501,414.9,24,75
0005,三峡,31100501,426,25,75
0005,三峡,31100501,435.8,26,75
0005,三峡,31100501,447.2,27,75
0005,三峡,31100501,458.1,28,75
0005,三峡,31100501,468.6,29,75
0005,三峡,31100501,479.2,30,75
0005,三峡,31100501,490.4,31,75
0005,三峡,31100501,501.8,32,75
0005,三峡,31100501,513.1,33,75
0005,三峡,31100501,524.6,34,75
0005,三峡,31100501,536.2,35,75
0005,三峡,31100501,548.6,36,75
0005,三峡,31100501,560.9,37,75
0005,三峡,31100501,573.7,38,75
0005,三峡,31100501,599.1,40,75
0005,三峡,31100501,612,41,75
0005,三峡,31100501,624.6,42,75
0005,三峡,31100501,637.1,43,75
0005,三峡,31100501,648.5,44,75
0005,三峡,31100501,659.8,45,75
0005,三峡,31100501,672,46,75
0005,三峡,31100501,696.5,48,75
0005,三峡,31100501,711,49,75
0005,三峡,31100501,739.6,51,75
0005,三峡,31100501,758.2,52,75
0005,三峡,31100501,777.7,53,75
0005,三峡,31100501,799,54,75
0005,三峡,31100501,821.3,55,75
0005,三峡,31100501,844.6,56,75
0005,三峡,31100501,870,57,75
0005,三峡,31100501,897.3,58,75
0005,三峡,31100501,929.9,59,75
0005,三峡,31100501,972.4,60,75
0005,三峡,31100501,1053,61,75
0005,三峡,31100501,1133.7,62,75
0005,三峡,31100501,140.6,0,78
0005,三峡,31100501,152.9,1,78
0005,三峡,31100501,163.7,2,78
0005,三峡,31100501,174.6,3,78
0005,三峡,31100501,185.4,4,78
0005,三峡,31100501,217.9,7,78
0005,三峡,31100501,228.7,8,78
0005,三峡,31100501,250.4,10,78
0005,三峡,31100501,261.2,11,78
0005,三峡,31100501,293.7,14,78
0005,三峡,31100501,304.5,15,78
0005,三峡,31100501,326.2,17,78
0005,三峡,31100501,337,18,78
0005,三峡,31100501,358.7,20,78
0005,三峡,31100501,369.5,21,78
0005,三峡,31100501,402,24,78
0005,三峡,31100501,412.8,25,78
0005,三峡,31100501,423.1,26,78
0005,三峡,31100501,433.5,27,78
0005,三峡,31100501,443.8,28,78
0005,三峡,31100501,454.2,29,78
0005,三峡,31100501,474.8,31,78
0005,三峡,31100501,485.3,32,78
0005,三峡,31100501,496.2,33,78
0005,三峡,31100501,507.2,34,78
0005,三峡,31100501,518.5,35,78
0005,三峡,31100501,529.7,36,78
0005,三峡,31100501,541.3,37,78
0005,三峡,31100501,553,38,78
0005,三峡,31100501,565.1,39,78
0005,三峡,31100501,577.1,40,78
0005,三峡,31100501,589.4,41,78
0005,三峡,31100501,601.9,42,78
0005,三峡,31100501,614.3,43,78
0005,三峡,31100501,626.5,44,78
0005,三峡,31100501,637.9,45,78
0005,三峡,31100501,649.6,46,78
0005,三峡,31100501,661.2,47,78
0005,三峡,31100501,672.5,48,78
0005,三峡,31100501,695.2,50,78
0005,三峡,31100501,707.8,51,78
0005,三峡,31100501,721.7,52,78
0005,三峡,31100501,751.8,54,78
0005,三峡,31100501,770.5,55,78
0005,三峡,31100501,790.5,56,78
0005,三峡,31100501,810.2,57,78
0005,三峡,31100501,830.7,58,78
0005,三峡,31100501,851.8,59,78
0005,三峡,31100501,873.8,60,78
0005,三峡,31100501,899.7,61,78
0005,三峡,31100501,925.3,62,78
0005,三峡,31100501,952.2,63,78
0005,三峡,31100501,987.5,64,78
0005,三峡,31100501,1083.6,65,78
0005,三峡,31100501,135.6,0,81
0005,三峡,31100501,147.4,1,81
0005,三峡,31100501,158,2,81
0005,三峡,31100501,168.5,3,81
0005,三峡,31100501,179.1,4,81
0005,三峡,31100501,189.6,5,81
0005,三峡,31100501,200.2,6,81
0005,三峡,31100501,210.7,7,81
0005,三峡,31100501,231.8,9,81
0005,三峡,31100501,242.3,10,81
0005,三峡,31100501,252.9,11,81
0005,三峡,31100501,263.4,12,81
0005,三峡,31100501,274,13,81
0005,三峡,31100501,284.5,14,81
0005,三峡,31100501,295.1,15,81
0005,三峡,31100501,305.6,16,81
0005,三峡,31100501,316.2,17,81
0005,三峡,31100501,326.7,18,81
0005,三峡,31100501,337.3,19,81
0005,三峡,31100501,347.8,20,81
0005,三峡,31100501,358.4,21,81
0005,三峡,31100501,368.9,22,81
0005,三峡,31100501,379.5,23,81
0005,三峡,31100501,390,24,81
0005,三峡,31100501,400.6,25,81
0005,三峡,31100501,411.4,26,81
0005,三峡,31100501,421.5,27,81
0005,三峡,31100501,431.3,28,81
0005,三峡,31100501,441,29,81
0005,三峡,31100501,451.3,30,81
0005,三峡,31100501,461.5,31,81
0005,三峡,31100501,471.3,32,81
0005,三峡,31100501,481.3,33,81
0005,三峡,31100501,491.6,34,81
0005,三峡,31100501,502.2,35,81
0005,三峡,31100501,513,36,81
0005,三峡,31100501,534.8,38,81
0005,三峡,31100501,546,39,81
0005,三峡,31100501,557.4,40,81
0005,三峡,31100501,568.7,41,81
0005,三峡,31100501,580.7,42,81
0005,三峡,31100501,592.6,43,81
0005,三峡,31100501,604.4,44,81
0005,三峡,31100501,628.1,46,81
0005,三峡,31100501,662.9,49,81
0005,三峡,31100501,673.8,50,81
0005,三峡,31100501,685.2,51,81
0005,三峡,31100501,696,52,81
0005,三峡,31100501,708.3,53,81
0005,三峡,31100501,721.7,54,81
0005,三峡,31100501,748.4,56,81
0005,三峡,31100501,762.9,57,81
0005,三峡,31100501,782.4,58,81
0005,三峡,31100501,801.2,59,81
0005,三峡,31100501,820.7,60,81
0005,三峡,31100501,840.5,61,81
0005,三峡,31100501,860.6,62,81
0005,三峡,31100501,901.5,64,81
0005,三峡,31100501,924.3,65,81
0005,三峡,31100501,948.6,66,81
0005,三峡,31100501,973.9,67,81
0005,三峡,31100501,1006.3,68,81
0005,三峡,31100501,1126.4,69,81
0005,三峡,31100501,131.7,0,84
0005,三峡,31100501,143.2,1,84
0005,三峡,31100501,153.5,2,84
0005,三峡,31100501,184.3,5,84
0005,三峡,31100501,194.6,6,84
0005,三峡,31100501,338.7,20,84
0005,三峡,31100501,349,21,84
0005,三峡,31100501,400.4,26,84
0005,三峡,31100501,410.4,27,84
0005,三峡,31100501,420.2,28,84
0005,三峡,31100501,429.8,29,84
0005,三峡,31100501,449.4,31,84
0005,三峡,31100501,459.1,32,84
0005,三峡,31100501,468.4,33,84
0005,三峡,31100501,478,34,84
0005,三峡,31100501,487.9,35,84
0005,三峡,31100501,498.1,36,84
0005,三峡,31100501,508.2,37,84
0005,三峡,31100501,518.6,38,84
0005,三峡,31100501,529.4,39,84
0005,三峡,31100501,550.8,41,84
0005,三峡,31100501,561.6,42,84
0005,三峡,31100501,573,43,84
0005,三峡,31100501,595.5,45,84
0005,三峡,31100501,607.1,46,84
0005,三峡,31100501,641.8,49,84
0005,三峡,31100501,653.1,50,84
0005,三峡,31100501,664.1,51,84
0005,三峡,31100501,675.4,52,84
0005,三峡,31100501,697.3,54,84
0005,三峡,31100501,708.8,55,84
0005,三峡,31100501,721.7,56,84
0005,三峡,31100501,775.5,60,84
0005,三峡,31100501,794.1,61,84
0005,三峡,31100501,811.8,62,84
0005,三峡,31100501,830.3,63,84
0005,三峡,31100501,849.4,64,84
0005,三峡,31100501,867.9,65,84
0005,三峡,31100501,886.8,66,84
0005,三峡,31100501,906.8,67,84
0005,三峡,31100501,927,68,84
0005,三峡,31100501,948.3,69,84
0005,三峡,31100501,970.9,70,84
0005,三峡,31100501,997.1,71,84
0005,三峡,31100501,1029,72,84
0005,三峡,31100501,1133.1,73,84
0005,三峡,31100501,128.1,0,87
0005,三峡,31100501,138.9,1,87
0005,三峡,31100501,149,2,87
0005,三峡,31100501,159,3,87
0005,三峡,31100501,179.1,5,87
0005,三峡,31100501,189.1,6,87
0005,三峡,31100501,199.2,7,87
0005,三峡,31100501,209.2,8,87
0005,三峡,31100501,229.3,10,87
0005,三峡,31100501,239.3,11,87
0005,三峡,31100501,249.4,12,87
0005,三峡,31100501,259.4,13,87
0005,三峡,31100501,279.5,15,87
0005,三峡,31100501,289.5,16,87
0005,三峡,31100501,299.6,17,87
0005,三峡,31100501,309.6,18,87
0005,三峡,31100501,329.7,20,87
0005,三峡,31100501,339.7,21,87
0005,三峡,31100501,359.8,23,87
0005,三峡,31100501,369.8,24,87
0005,三峡,31100501,379.9,25,87
0005,三峡,31100501,389.1,26,87
0005,三峡,31100501,400,27,87
0005,三峡,31100501,409.6,28,87
0005,三峡,31100501,419,29,87
0005,三峡,31100501,428.7,30,87
0005,三峡,31100501,438.1,31,87
0005,三峡,31100501,447.6,32,87
0005,三峡,31100501,457,33,87
0005,三峡,31100501,475.6,35,87
0005,三峡,31100501,485,36,87
0005,三峡,31100501,494.8,37,87
0005,三峡,31100501,504.4,38,87
0005,三峡,31100501,514.4,39,87
0005,三峡,31100501,524.9,40,87
0005,三峡,31100501,535.1,41,87
0005,三峡,31100501,545.5,42,87
0005,三峡,31100501,566.7,44,87
0005,三峡,31100501,577.4,45,87
0005,三峡,31100501,588,46,87
0005,三峡,31100501,599.1,47,87
0005,三峡,31100501,610.3,48,87
0005,三峡,31100501,621.3,49,87
0005,三峡,31100501,643.4,51,87
0005,三峡,31100501,654.6,52,87
0005,三峡,31100501,665.7,53,87
0005,三峡,31100501,676.9,54,87
0005,三峡,31100501,688,55,87
0005,三峡,31100501,698.6,56,87
0005,三峡,31100501,709.4,57,87
0005,三峡,31100501,721.7,58,87
0005,三峡,31100501,734.1,59,87
0005,三峡,31100501,746.6,60,87
0005,三峡,31100501,758.7,61,87
0005,三峡,31100501,771.1,62,87
0005,三峡,31100501,787.5,63,87
0005,三峡,31100501,804.7,64,87
0005,三峡,31100501,821.6,65,87
0005,三峡,31100501,839.2,66,87
0005,三峡,31100501,874.8,68,87
0005,三峡,31100501,892.2,69,87
0005,三峡,31100501,911.7,70,87
0005,三峡,31100501,930.1,71,87
0005,三峡,31100501,949.3,72,87
0005,三峡,31100501,970.2,73,87
0005,三峡,31100501,992.3,74,87
0005,三峡,31100501,1018.8,75,87
0005,三峡,31100501,1049.1,76,87
0005,三峡,31100501,1133.5,77,87
0005,三峡,31100501,124.8,0,90
0005,三峡,31100501,134.7,1,90
0005,三峡,31100501,144.5,2,90
0005,三峡,31100501,164,4,90
0005,三峡,31100501,173.8,5,90
0005,三峡,31100501,222.7,10,90
0005,三峡,31100501,232.5,11,90
0005,三峡,31100501,291.2,17,90
0005,三峡,31100501,301,18,90
0005,三峡,31100501,349.9,23,90
0005,三峡,31100501,359.7,24,90
0005,三峡,31100501,408.1,29,90
0005,三峡,31100501,417.6,30,90
0005,三峡,31100501,436.5,32,90
0005,三峡,31100501,445.8,33,90
0005,三峡,31100501,454.9,34,90
0005,三峡,31100501,464.1,35,90
0005,三峡,31100501,482.6,37,90
0005,三峡,31100501,492,38,90
0005,三峡,31100501,501.5,39,90
0005,三峡,31100501,511.1,40,90
0005,三峡,31100501,521,41,90
0005,三峡,31100501,541,43,90
0005,三峡,31100501,551.3,44,90
0005,三峡,31100501,561.5,45,90
0005,三峡,31100501,571.8,46,90
0005,三峡,31100501,581.9,47,90
0005,三峡,31100501,592.4,48,90
0005,三峡,31100501,603,49,90
0005,三峡,31100501,613.5,50,90
0005,三峡,31100501,623.9,51,90
0005,三峡,31100501,634.6,52,90
0005,三峡,31100501,645.4,53,90
0005,三峡,31100501,666.9,55,90
0005,三峡,31100501,699.1,58,90
0005,三峡,31100501,718.6,60,90
0005,三峡,31100501,729.9,61,90
0005,三峡,31100501,742.4,62,90
0005,三峡,31100501,755.5,63,90
0005,三峡,31100501,768.8,64,90
0005,三峡,31100501,782.7,65,90
0005,三峡,31100501,798.4,66,90
0005,三峡,31100501,814.6,67,90
0005,三峡,31100501,847.7,69,90
0005,三峡,31100501,864.8,70,90
0005,三峡,31100501,881.1,71,90
0005,三峡,31100501,898.5,72,90
0005,三峡,31100501,916.2,73,90
0005,三峡,31100501,934.1,74,90
0005,三峡,31100501,952.2,75,90
0005,三峡,31100501,971.3,76,90
0005,三峡,31100501,992,77,90
0005,三峡,31100501,1013.8,78,90
0005,三峡,31100501,1038.2,79,90
0005,三峡,31100501,1066.5,80,90
0005,三峡,31100501,1136.2,81,90
0005,三峡,31100501,121.7,0,93
0005,三峡,31100501,131.8,1,93
0005,三峡,31100501,141.3,2,93
0005,三峡,31100501,150.9,3,93
0005,三峡,31100501,160.4,4,93
0005,三峡,31100501,170,5,93
0005,三峡,31100501,179.5,6,93
0005,三峡,31100501,189.1,7,93
0005,三峡,31100501,198.6,8,93
0005,三峡,31100501,208.2,9,93
0005,三峡,31100501,217.7,10,93
0005,三峡,31100501,227.3,11,93
0005,三峡,31100501,236.8,12,93
0005,三峡,31100501,246.4,13,93
0005,三峡,31100501,255.9,14,93
0005,三峡,31100501,265.5,15,93
0005,三峡,31100501,275,16,93
0005,三峡,31100501,284.6,17,93
0005,三峡,31100501,294.1,18,93
0005,三峡,31100501,303.7,19,93
0005,三峡,31100501,313.2,20,93
0005,三峡,31100501,332.1,22,93
0005,三峡,31100501,341.6,23,93
0005,三峡,31100501,360.5,25,93
0005,三峡,31100501,370,26,93
0005,三峡,31100501,378.7,27,93
0005,三峡,31100501,388,28,93
0005,三峡,31100501,406.7,30,93
0005,三峡,31100501,416.2,31,93
0005,三峡,31100501,425.3,32,93
0005,三峡,31100501,434.5,33,93
0005,三峡,31100501,452.6,35,93
0005,三峡,31100501,461.6,36,93
0005,三峡,31100501,470.9,37,93
0005,三峡,31100501,480,38,93
0005,三峡,31100501,489.3,39,93
0005,三峡,31100501,498.7,40,93
0005,三峡,31100501,508,41,93
0005,三峡,31100501,517.5,42,93
0005,三峡,31100501,536.7,44,93
0005,三峡,31100501,546.5,45,93
0005,三峡,31100501,566.3,47,93
0005,三峡,31100501,586.2,49,93
0005,三峡,31100501,596.3,50,93
0005,三峡,31100501,606.5,51,93
0005,三峡,31100501,616.6,52,93
0005,三峡,31100501,626.6,53,93
0005,三峡,31100501,637.1,54,93
0005,三峡,31100501,647.4,55,93
0005,三峡,31100501,688.7,59,93
0005,三峡,31100501,708.8,61,93
0005,三峡,31100501,718.3,62,93
0005,三峡,31100501,729.5,63,93
0005,三峡,31100501,741.1,64,93
0005,三峡,31100501,752.8,65,93
0005,三峡,31100501,766.1,66,93
0005,三峡,31100501,779.6,67,93
0005,三峡,31100501,793.7,68,93
0005,三峡,31100501,808.4,69,93
0005,三峡,31100501,823.8,70,93
0005,三峡,31100501,839.3,71,93
0005,三峡,31100501,855.6,72,93
0005,三峡,31100501,872.3,73,93
0005,三峡,31100501,888.6,74,93
0005,三峡,31100501,904.5,75,93
0005,三峡,31100501,921.4,76,93
0005,三峡,31100501,938,77,93
0005,三峡,31100501,955.6,78,93
0005,三峡,31100501,973.1,79,93
0005,三峡,31100501,992,80,93
0005,三峡,31100501,1011.3,81,93
0005,三峡,31100501,1033.4,82,93
0005,三峡,31100501,1056.8,83,93
0005,三峡,31100501,1083.9,84,93
0005,三峡,31100501,1144.1,85,93
0005,三峡,31100501,119,0,96
0005,三峡,31100501,128.9,1,96
0005,三峡,31100501,138.2,2,96
0005,三峡,31100501,184.8,7,96
0005,三峡,31100501,194.1,8,96
0005,三峡,31100501,250,14,96
0005,三峡,31100501,259.3,15,96
0005,三峡,31100501,315,21,96
0005,三峡,31100501,324.1,22,96
0005,三峡,31100501,333.3,23,96
0005,三峡,31100501,342.4,24,96
0005,三峡,31100501,351.6,25,96
0005,三峡,31100501,360.7,26,96
0005,三峡,31100501,368.7,27,96
0005,三峡,31100501,377.5,28,96
0005,三峡,31100501,386.9,29,96
0005,三峡,31100501,396.1,30,96
0005,三峡,31100501,414.3,32,96
0005,三峡,31100501,423.2,33,96
0005,三峡,31100501,449.8,36,96
0005,三峡,31100501,459,37,96
0005,三峡,31100501,468.1,38,96
0005,三峡,31100501,486.2,40,96
0005,三峡,31100501,495.5,41,96
0005,三峡,31100501,504.5,42,96
0005,三峡,31100501,513.7,43,96
0005,三峡,31100501,523,44,96
0005,三峡,31100501,532.2,45,96
0005,三峡,31100501,541.7,46,96
0005,三峡,31100501,551.1,47,96
0005,三峡,31100501,560.7,48,96
0005,三峡,31100501,580,50,96
0005,三峡,31100501,599.6,52,96
0005,三峡,31100501,609.4,53,96
0005,三峡,31100501,629.2,55,96
0005,三峡,31100501,639.3,56,96
0005,三峡,31100501,649.3,57,96
0005,三峡,31100501,669.2,59,96
0005,三峡,31100501,679.2,60,96
0005,三峡,31100501,689.3,61,96
0005,三峡,31100501,699.3,62,96
0005,三峡,31100501,709.1,63,96
0005,三峡,31100501,719,64,96
0005,三峡,31100501,729.2,65,96
0005,三峡,31100501,740.4,66,96
0005,三峡,31100501,763.9,68,96
0005,三峡,31100501,776.9,69,96
0005,三峡,31100501,790.1,70,96
0005,三峡,31100501,803.7,71,96
0005,三峡,31100501,817.7,72,96
0005,三峡,31100501,832.7,73,96
0005,三峡,31100501,847.8,74,96
0005,三峡,31100501,863.5,75,96
0005,三峡,31100501,879.4,76,96
0005,三峡,31100501,895,77,96
0005,三峡,31100501,910.7,78,96
0005,三峡,31100501,926.5,79,96
0005,三峡,31100501,942.4,80,96
0005,三峡,31100501,975.5,82,96
0005,三峡,31100501,992.8,83,96
0005,三峡,31100501,1011.5,84,96
0005,三峡,31100501,1030.9,85,96
0005,三峡,31100501,1052,86,96
0005,三峡,31100501,116.3,0,99
0005,三峡,31100501,126,1,99
0005,三峡,31100501,135,2,99
0005,三峡,31100501,144.1,3,99
0005,三峡,31100501,180.4,7,99
0005,三峡,31100501,189.5,8,99
0005,三峡,31100501,225.8,12,99
0005,三峡,31100501,234.9,13,99
0005,三峡,31100501,262.1,16,99
0005,三峡,31100501,271.2,17,99
0005,三峡,31100501,298.4,20,99
0005,三峡,31100501,307.3,21,99
0005,三峡,31100501,316.1,22,99
0005,三峡,31100501,333.8,24,99
0005,三峡,31100501,342.6,25,99
0005,三峡,31100501,359.5,27,99
0005,三峡,31100501,367.9,28,99
0005,三峡,31100501,376.7,29,99
0005,三峡,31100501,385.9,30,99
0005,三峡,31100501,395,31,99
0005,三峡,31100501,413.1,33,99
0005,三峡,31100501,421.7,34,99
0005,三峡,31100501,438.6,36,99
0005,三峡,31100501,447.4,37,99
0005,三峡,31100501,456.4,38,99
0005,三峡,31100501,474.3,40,99
0005,三峡,31100501,483.1,41,99
0005,三峡,31100501,492,42,99
0005,三峡,31100501,501,43,99
0005,三峡,31100501,509.8,44,99
0005,三峡,31100501,518.7,45,99
0005,三峡,31100501,527.8,46,99
0005,三峡,31100501,537.1,47,99
0005,三峡,31100501,546.2,48,99
0005,三峡,31100501,555.4,49,99
0005,三峡,31100501,564.8,50,99
0005,三峡,31100501,574.1,51,99
0005,三峡,31100501,583.5,52,99
0005,三峡,31100501,593.1,53,99
0005,三峡,31100501,621.8,56,99
0005,三峡,31100501,631.6,57,99
0005,三峡,31100501,641.3,58,99
0005,三峡,31100501,680,62,99
0005,三峡,31100501,689.7,63,99
0005,三峡,31100501,708.9,65,99
0005,三峡,31100501,718.5,66,99
0005,三峡,31100501,728.8,67,99
0005,三峡,31100501,739.7,68,99
0005,三峡,31100501,761.9,70,99
0005,三峡,31100501,774.4,71,99
0005,三峡,31100501,786.8,72,99
0005,三峡,31100501,799.5,73,99
0005,三峡,31100501,812.7,74,99
0005,三峡,31100501,826.6,75,99
0005,三峡,31100501,841.1,76,99
0005,三峡,31100501,855.4,77,99
0005,三峡,31100501,870.6,78,99
0005,三峡,31100501,885.5,79,99
0005,三峡,31100501,900.6,80,99
0005,三峡,31100501,916,81,99
0005,三峡,31100501,931.3,82,99
0005,三峡,31100501,946.4,83,99
0005,三峡,31100501,962.2,84,99
0005,三峡,31100501,977.6,85,99
0005,三峡,31100501,994.5,86,99
0005,三峡,31100501,114,0,102
0005,三峡,31100501,123.2,1,102
0005,三峡,31100501,132,2,102
0005,三峡,31100501,140.9,3,102
0005,三峡,31100501,158.6,5,102
0005,三峡,31100501,167.5,6,102
0005,三峡,31100501,185.2,8,102
0005,三峡,31100501,194.1,9,102
0005,三峡,31100501,211.8,11,102
0005,三峡,31100501,220.7,12,102
0005,三峡,31100501,238.4,14,102
0005,三峡,31100501,247.3,15,102
0005,三峡,31100501,265,17,102
0005,三峡,31100501,273.9,18,102
0005,三峡,31100501,291.6,20,102
0005,三峡,31100501,300.3,21,102
0005,三峡,31100501,308.9,22,102
0005,三峡,31100501,317.6,23,102
0005,三峡,31100501,326.2,24,102
0005,三峡,31100501,334.9,25,102
0005,三峡,31100501,343.5,26,102
0005,三峡,31100501,352.2,27,102
0005,三峡,31100501,360.8,28,102
0005,三峡,31100501,369.5,29,102
0005,三峡,31100501,378.1,30,102
0005,三峡,31100501,385.5,31,102
0005,三峡,31100501,394.2,32,102
0005,三峡,31100501,403,33,102
0005,三峡,31100501,411.7,34,102
0005,三峡,31100501,420.1,35,102
0005,三峡,31100501,428.3,36,102
0005,三峡,31100501,436.6,37,102
0005,三峡,31100501,445.3,38,102
0005,三峡,31100501,471.5,41,102
0005,三峡,31100501,480.2,42,102
0005,三峡,31100501,488.8,43,102
0005,三峡,31100501,497.5,44,102
0005,三峡,31100501,506,45,102
0005,三峡,31100501,514.9,46,102
0005,三峡,31100501,523.6,47,102
0005,三峡,31100501,532.5,48,102
0005,三峡,31100501,550.4,50,102
0005,三峡,31100501,559.6,51,102
0005,三峡,31100501,568.6,52,102
0005,三峡,31100501,587,54,102
0005,三峡,31100501,596.3,55,102
0005,三峡,31100501,605.5,56,102
0005,三峡,31100501,624.2,58,102
0005,三峡,31100501,633.6,59,102
0005,三峡,31100501,643.1,60,102
0005,三峡,31100501,652.5,61,102
0005,三峡,31100501,680.8,64,102
0005,三峡,31100501,699.6,66,102
0005,三峡,31100501,708.8,67,102
0005,三峡,31100501,718.1,68,102
0005,三峡,31100501,728.5,69,102
0005,三峡,31100501,739.1,70,102
0005,三峡,31100501,749.6,71,102
0005,三峡,31100501,760,72,102
0005,三峡,31100501,771.8,73,102
0005,三峡,31100501,783.7,74,102
0005,三峡,31100501,795.5,75,102
0005,三峡,31100501,808.1,76,102
0005,三峡,31100501,821,77,102
0005,三峡,31100501,834.5,78,102
0005,三峡,31100501,848.4,79,102
0005,三峡,31100501,862.4,80,102
0005,三峡,31100501,876.9,81,102
0005,三峡,31100501,891.1,82,102
0005,三峡,31100501,905.6,83,102
0005,三峡,31100501,920.8,84,102
0005,三峡,31100501,935.7,85,102
0005,三峡,31100501,950.7,86,102
0005,三峡,31100501,112,0,105
0005,三峡,31100501,120.4,1,105
0005,三峡,31100501,129.1,2,105
0005,三峡,31100501,146.4,4,105
0005,三峡,31100501,155.1,5,105
0005,三峡,31100501,172.4,7,105
0005,三峡,31100501,181.1,8,105
0005,三峡,31100501,198.4,10,105
0005,三峡,31100501,207.1,11,105
0005,三峡,31100501,224.4,13,105
0005,三峡,31100501,233.1,14,105
0005,三峡,31100501,250.4,16,105
0005,三峡,31100501,259.1,17,105
0005,三峡,31100501,276.4,19,105
0005,三峡,31100501,285.1,20,105
0005,三峡,31100501,293.6,21,105
0005,三峡,31100501,310.7,23,105
0005,三峡,31100501,319.2,24,105
0005,三峡,31100501,336.3,26,105
0005,三峡,31100501,344.8,27,105
0005,三峡,31100501,370.4,30,105
0005,三峡,31100501,377.1,31,105
0005,三峡,31100501,385.3,32,105
0005,三峡,31100501,393.7,33,105
0005,三峡,31100501,402.3,34,105
0005,三峡,31100501,410.5,35,105
0005,三峡,31100501,418.9,36,105
0005,三峡,31100501,427.1,37,105
0005,三峡,31100501,435.2,38,105
0005,三峡,31100501,443.7,39,105
0005,三峡,31100501,452.3,40,105
0005,三峡,31100501,460.8,41,105
0005,三峡,31100501,469.2,42,105
0005,三峡,31100501,477.7,43,105
0005,三峡,31100501,486.1,44,105
0005,三峡,31100501,511.5,47,105
0005,三峡,31100501,520,48,105
0005,三峡,31100501,528.8,49,105
0005,三峡,31100501,537.5,50,105
0005,三峡,31100501,546.1,51,105
0005,三峡,31100501,555,52,105
0005,三峡,31100501,572.7,54,105
0005,三峡,31100501,590.5,56,105
0005,三峡,31100501,599.4,57,105
0005,三峡,31100501,617.4,59,105
0005,三峡,31100501,626.6,60,105
0005,三峡,31100501,644.9,62,105
0005,三峡,31100501,672.3,65,105
0005,三峡,31100501,681.6,66,105
0005,三峡,31100501,690.8,67,105
0005,三峡,31100501,699.9,68,105
0005,三峡,31100501,708.9,69,105
0005,三峡,31100501,717.8,70,105
0005,三峡,31100501,726.4,71,105
0005,三峡,31100501,736.9,72,105
0005,三峡,31100501,748,73,105
0005,三峡,31100501,759,74,105
0005,三峡,31100501,769.2,75,105
0005,三峡,31100501,780.6,76,105
0005,三峡,31100501,792.1,77,105
0005,三峡,31100501,803.7,78,105
0005,三峡,31100501,815.8,79,105
0005,三峡,31100501,828.7,80,105
0005,三峡,31100501,841.8,81,105
0005,三峡,31100501,855.1,82,105
0005,三峡,31100501,868.6,83,105
0005,三峡,31100501,882.5,84,105
0005,三峡,31100501,896.6,85,105
0005,三峡,31100501,910.8,86,105
0005,三峡,31100501,110.2,0,108
0005,三峡,31100501,117.7,1,108
0005,三峡,31100501,126.2,2,108
0005,三峡,31100501,134.6,3,108
0005,三峡,31100501,143.1,4,108
0005,三峡,31100501,160,6,108
0005,三峡,31100501,168.5,7,108
0005,三峡,31100501,185.4,9,108
0005,三峡,31100501,193.9,10,108
0005,三峡,31100501,202.3,11,108
0005,三峡,31100501,210.8,12,108
0005,三峡,31100501,227.7,14,108
0005,三峡,31100501,236.2,15,108
0005,三峡,31100501,253.1,17,108
0005,三峡,31100501,261.6,18,108
0005,三峡,31100501,278.5,20,108
0005,三峡,31100501,295.4,22,108
0005,三峡,31100501,303.8,23,108
0005,三峡,31100501,369.7,31,108
0005,三峡,31100501,378,32,108
0005,三峡,31100501,386,33,108
0005,三峡,31100501,394.1,34,108
0005,三峡,31100501,402.3,35,108
0005,三峡,31100501,410.3,36,108
0005,三峡,31100501,418.5,37,108
0005,三峡,31100501,426.5,38,108
0005,三峡,31100501,434.6,39,108
0005,三峡,31100501,443.1,40,108
0005,三峡,31100501,451.3,41,108
0005,三峡,31100501,459.4,42,108
0005,三峡,31100501,467.7,43,108
0005,三峡,31100501,484.1,45,108
0005,三峡,31100501,492.5,46,108
0005,三峡,31100501,500.6,47,108
0005,三峡,31100501,509,48,108
0005,三峡,31100501,534.3,51,108
0005,三峡,31100501,542.6,52,108
0005,三峡,31100501,551,53,108
0005,三峡,31100501,559.7,54,108
0005,三峡,31100501,568.3,55,108
0005,三峡,31100501,594.2,58,108
0005,三峡,31100501,602.8,59,108
0005,三峡,31100501,611.3,60,108
0005,三峡,31100501,620.3,61,108
0005,三峡,31100501,629.2,62,108
0005,三峡,31100501,638,63,108
0005,三峡,31100501,655.5,65,108
0005,三峡,31100501,664.4,66,108
0005,三峡,31100501,673.4,67,108
0005,三峡,31100501,682.3,68,108
0005,三峡,31100501,708.8,71,108
0005,三峡,31100501,717.9,72,108
0005,三峡,31100501,727.9,73,108
0005,三峡,31100501,757.8,76,108
0005,三峡,31100501,767.8,77,108
0005,三峡,31100501,778.2,78,108
0005,三峡,31100501,789.4,79,108
0005,三峡,31100501,823.6,82,108
0005,三峡,31100501,836,83,108
0005,三峡,31100501,848.7,84,108
0005,三峡,31100501,861.6,85,108
0005,三峡,31100501,875.6,86,108
0005,三峡,31100501,108.5,0,111
0005,三峡,31100501,115.2,1,111
0005,三峡,31100501,123.4,2,111
0005,三峡,31100501,131.7,3,111
0005,三峡,31100501,181.4,9,111
0005,三峡,31100501,189.7,10,111
0005,三峡,31100501,239.4,16,111
0005,三峡,31100501,247.7,17,111
0005,三峡,31100501,297.4,23,111
0005,三峡,31100501,305.7,24,111
0005,三峡,31100501,355.4,30,111
0005,三峡,31100501,363.4,31,111
0005,三峡,31100501,371.5,32,111
0005,三峡,31100501,379.4,33,111
0005,三峡,31100501,387.1,34,111
0005,三峡,31100501,395.1,35,111
0005,三峡,31100501,403.2,36,111
0005,三峡,31100501,410.9,37,111
0005,三峡,31100501,418.9,38,111
0005,三峡,31100501,427.1,39,111
0005,三峡,31100501,435.2,40,111
0005,三峡,31100501,443.1,41,111
0005,三峡,31100501,451.2,42,111
0005,三峡,31100501,459.2,43,111
0005,三峡,31100501,467.4,44,111
0005,三峡,31100501,475.2,45,111
0005,三峡,31100501,483.2,46,111
0005,三峡,31100501,491.4,47,111
0005,三峡,31100501,499.5,48,111
0005,三峡,31100501,507.5,49,111
0005,三峡,31100501,515.7,50,111
0005,三峡,31100501,532.2,52,111
0005,三峡,31100501,540.4,53,111
0005,三峡,31100501,548.5,54,111
0005,三峡,31100501,556.7,55,111
0005,三峡,31100501,565.1,56,111
0005,三峡,31100501,573.4,57,111
0005,三峡,31100501,581.8,58,111
0005,三峡,31100501,590,59,111
0005,三峡,31100501,598.4,60,111
0005,三峡,31100501,606.9,61,111
0005,三峡,31100501,615.2,62,111
0005,三峡,31100501,623.6,63,111
0005,三峡,31100501,632.1,64,111
0005,三峡,31100501,640.8,65,111
0005,三峡,31100501,649.2,66,111
0005,三峡,31100501,657.5,67,111
0005,三峡,31100501,666.1,68,111
0005,三峡,31100501,683.4,70,111
0005,三峡,31100501,692,71,111
0005,三峡,31100501,700.7,72,111
0005,三峡,31100501,718.2,74,111
0005,三峡,31100501,728,75,111
0005,三峡,31100501,738,76,111
0005,三峡,31100501,747.9,77,111
0005,三峡,31100501,757.9,78,111
0005,三峡,31100501,768,79,111
0005,三峡,31100501,778.2,80,111
0005,三峡,31100501,788.3,81,111
0005,三峡,31100501,798.5,82,111
0005,三峡,31100501,819.7,84,111
0005,三峡,31100501,831.4,85,111
0005,三峡,31100501,843,86,111
0005,三峡,31100501,106.6,0,114
0005,三峡,31100501,113,1,114
0005,三峡,31100501,121.2,2,114
0005,三峡,31100501,129.3,3,114
0005,三峡,31100501,137.5,4,114
0005,三峡,31100501,145.6,5,114
0005,三峡,31100501,153.8,6,114
0005,三峡,31100501,161.9,7,114
0005,三峡,31100501,170.1,8,114
0005,三峡,31100501,178.2,9,114
0005,三峡,31100501,186.4,10,114
0005,三峡,31100501,194.5,11,114
0005,三峡,31100501,202.7,12,114
0005,三峡,31100501,210.8,13,114
0005,三峡,31100501,219,14,114
0005,三峡,31100501,227.1,15,114
0005,三峡,31100501,243.4,17,114
0005,三峡,31100501,251.5,18,114
0005,三峡,31100501,259.7,19,114
0005,三峡,31100501,267.8,20,114
0005,三峡,31100501,276,21,114
0005,三峡,31100501,284.1,22,114
0005,三峡,31100501,292.3,23,114
0005,三峡,31100501,300.4,24,114
0005,三峡,31100501,308.6,25,114
0005,三峡,31100501,316.7,26,114
0005,三峡,31100501,324.9,27,114
0005,三峡,31100501,333,28,114
0005,三峡,31100501,341.2,29,114
0005,三峡,31100501,349.3,30,114
0005,三峡,31100501,365.6,32,114
0005,三峡,31100501,373.5,33,114
0005,三峡,31100501,389.2,35,114
0005,三峡,31100501,396.9,36,114
0005,三峡,31100501,404.8,37,114
0005,三峡,31100501,428.6,40,114
0005,三峡,31100501,444.4,42,114
0005,三峡,31100501,452.3,43,114
0005,三峡,31100501,468,45,114
0005,三峡,31100501,475.9,46,114
0005,三峡,31100501,483.9,47,114
0005,三峡,31100501,491.7,48,114
0005,三峡,31100501,499.4,49,114
0005,三峡,31100501,507.5,50,114
0005,三峡,31100501,515.4,51,114
0005,三峡,31100501,523.4,52,114
0005,三峡,31100501,531.3,53,114
0005,三峡,31100501,539.5,54,114
0005,三峡,31100501,547.5,55,114
0005,三峡,31100501,555.4,56,114
0005,三峡,31100501,563.4,57,114
0005,三峡,31100501,571.5,58,114
0005,三峡,31100501,579.5,59,114
0005,三峡,31100501,595.4,61,114
0005,三峡,31100501,603.6,62,114
0005,三峡,31100501,628,65,114
0005,三峡,31100501,644.3,67,114
0005,三峡,31100501,652.3,68,114
0005,三峡,31100501,668.2,70,114
0005,三峡,31100501,676.6,71,114
0005,三峡,31100501,693.1,73,114
0005,三峡,31100501,701.7,74,114
0005,三峡,31100501,711,75,114
0005,三峡,31100501,720.5,76,114
0005,三峡,31100501,730.3,77,114
0005,三峡,31100501,740.2,78,114
0005,三峡,31100501,759.7,80,114
0005,三峡,31100501,769.2,81,114
0005,三峡,31100501,105.5,0,116
0005,三峡,31100501,111.6,1,116
0005,三峡,31100501,119.6,2,116
0005,三峡,31100501,127.7,3,116
0005,三峡,31100501,143.8,5,116
0005,三峡,31100501,151.9,6,116
0005,三峡,31100501,159.9,7,116
0005,三峡,31100501,168,8,116
0005,三峡,31100501,184.1,10,116
0005,三峡,31100501,192.2,11,116
0005,三峡,31100501,200.2,12,116
0005,三峡,31100501,208.3,13,116
0005,三峡,31100501,216.3,14,116
0005,三峡,31100501,224.4,15,116
0005,三峡,31100501,240.5,17,116
0005,三峡,31100501,248.6,18,116
0005,三峡,31100501,256.6,19,116
0005,三峡,31100501,264.7,20,116
0005,三峡,31100501,272.7,21,116
0005,三峡,31100501,280.8,22,116
0005,三峡,31100501,296.9,24,116
0005,三峡,31100501,305,25,116
0005,三峡,31100501,313,26,116
0005,三峡,31100501,321.1,27,116
0005,三峡,31100501,329.1,28,116
0005,三峡,31100501,337.2,29,116
0005,三峡,31100501,353.3,31,116
0005,三峡,31100501,361.4,32,116
0005,三峡,31100501,369.4,33,116
0005,三峡,31100501,385.3,35,116
0005,三峡,31100501,393,36,116
0005,三峡,31100501,400.8,37,116
0005,三峡,31100501,408.9,38,116
0005,三峡,31100501,416.9,39,116
0005,三峡,31100501,424.8,40,116
0005,三峡,31100501,440.5,42,116
0005,三峡,31100501,448.1,43,116
0005,三峡,31100501,455.9,44,116
0005,三峡,31100501,463.8,45,116
0005,三峡,31100501,471.6,46,116
0005,三峡,31100501,487.1,48,116
0005,三峡,31100501,494.9,49,116
0005,三峡,31100501,502.8,50,116
0005,三峡,31100501,510.6,51,116
0005,三峡,31100501,518.5,52,116
0005,三峡,31100501,526.2,53,116
0005,三峡,31100501,534.1,54,116
0005,三峡,31100501,542.1,55,116
0005,三峡,31100501,549.8,56,116
0005,三峡,31100501,557.7,57,116
0005,三峡,31100501,565.7,58,116
0005,三峡,31100501,573.5,59,116
0005,三峡,31100501,589.2,61,116
0005,三峡,31100501,612.8,64,116
0005,三峡,31100501,620.7,65,116
0005,三峡,31100501,628.7,66,116
0005,三峡,31100501,636.6,67,116
0005,三峡,31100501,644.6,68,116
0005,三峡,31100501,652.4,69,116
0005,三峡,31100501,675.7,72,116
0005,三峡,31100501,683.6,73,116
0005,三峡,31100501,691.7,74,116
0005,三峡,31100501,709.3,76,116
0005,三峡,31100501,718.7,77,116
0005,三峡,31100501,728.2,78,116
0005,三峡,31100501,737.6,79,116
0005,三峡,31100501,747.1,80,116
0005,三峡,31100501,756.5,81,116
0005,三峡,31100501,775.4,83,116
0005,三峡,31100501,784.8,84,116
0005,三峡,31100501,794.3,85,116
0005,三峡,31100501,803.7,86,116
0005,三峡,31100601,257.1,0,60
0005,三峡,31100601,260.1,1,60
0005,三峡,31100601,268,2,60
0005,三峡,31100601,284,4,60
0005,三峡,31100601,301,6,60
0005,三峡,31100601,319,8,60
0005,三峡,31100601,338,10,60
0005,三峡,31100601,358,12,60
0005,三峡,31100601,379,14,60
0005,三峡,31100601,401.9,16,60
0005,三峡,31100601,413,17,60
0005,三峡,31100601,425,18,60
0005,三峡,31100601,435.9,19,60
0005,三峡,31100601,446.2,20,60
0005,三峡,31100601,457.8,21,60
0005,三峡,31100601,469.5,22,60
0005,三峡,31100601,481.9,23,60
0005,三峡,31100601,495.6,24,60
0005,三峡,31100601,509.9,25,60
0005,三峡,31100601,524.9,26,60
0005,三峡,31100601,540.3,27,60
0005,三峡,31100601,557.3,28,60
0005,三峡,31100601,574.2,29,60
0005,三峡,31100601,590.9,30,60
0005,三峡,31100601,607.5,31,60
0005,三峡,31100601,623.9,32,60
0005,三峡,31100601,640.1,33,60
0005,三峡,31100601,655.4,34,60
0005,三峡,31100601,670.1,35,60
0005,三峡,31100601,683.4,36,60
0005,三峡,31100601,696.1,37,60
0005,三峡,31100601,711.7,38,60
0005,三峡,31100601,730.4,39,60
0005,三峡,31100601,749.2,40,60
0005,三峡,31100601,774.2,41,60
0005,三峡,31100601,800.8,42,60
0005,三峡,31100601,828.8,43,60
0005,三峡,31100601,861.5,44,60
0005,三峡,31100601,254.7,0,63
0005,三峡,31100601,258.2,1,63
0005,三峡,31100601,265.2,2,63
0005,三峡,31100601,272.1,3,63
0005,三峡,31100601,279.2,4,63
0005,三峡,31100601,294.1,6,63
0005,三峡,31100601,310,8,63
0005,三峡,31100601,326.9,10,63
0005,三峡,31100601,345.1,12,63
0005,三峡,31100601,364.9,14,63
0005,三峡,31100601,373.9,15,63
0005,三峡,31100601,386.3,16,63
0005,三峡,31100601,399.3,17,63
0005,三峡,31100601,411.6,18,63
0005,三峡,31100601,423.2,19,63
0005,三峡,31100601,435.1,20,63
0005,三峡,31100601,446.7,21,63
0005,三峡,31100601,457.8,22,63
0005,三峡,31100601,469,23,63
0005,三峡,31100601,480.1,24,63
0005,三峡,31100601,492,25,63
0005,三峡,31100601,504.3,26,63
0005,三峡,31100601,516.4,27,63
0005,三峡,31100601,530.5,28,63
0005,三峡,31100601,544.7,29,63
0005,三峡,31100601,559.1,30,63
0005,三峡,31100601,575.6,31,63
0005,三峡,31100601,608.8,33,63
0005,三峡,31100601,624.6,34,63
0005,三峡,31100601,639.6,35,63
0005,三峡,31100601,653.9,36,63
0005,三峡,31100601,667.5,37,63
0005,三峡,31100601,680.7,38,63
0005,三峡,31100601,693.7,39,63
0005,三峡,31100601,706.9,40,63
0005,三峡,31100601,723.5,41,63
0005,三峡,31100601,741.1,42,63
0005,三峡,31100601,761.6,43,63
0005,三峡,31100601,786.3,44,63
0005,三峡,31100601,809.8,45,63
0005,三峡,31100601,835.6,46,63
0005,三峡,31100601,868.5,47,63
0005,三峡,31100601,901.3,48,63
0005,三峡,31100601,934.2,49,63
0005,三峡,31100601,252.3,0,66
0005,三峡,31100601,256.3,1,66
0005,三峡,31100601,262.3,2,66
0005,三峡,31100601,274.4,4,66
0005,三峡,31100601,287.2,6,66
0005,三峡,31100601,301,8,66
0005,三峡,31100601,315.8,10,66
0005,三峡,31100601,332.2,12,66
0005,三峡,31100601,350.8,14,66
0005,三峡,31100601,359.1,15,66
0005,三峡,31100601,371.6,16,66
0005,三峡,31100601,383.9,17,66
0005,三峡,31100601,396,18,66
0005,三峡,31100601,408.5,19,66
0005,三峡,31100601,420.7,20,66
0005,三峡,31100601,432.4,21,66
0005,三峡,31100601,455.5,23,66
0005,三峡,31100601,466.7,24,66
0005,三峡,31100601,478,25,66
0005,三峡,31100601,489,26,66
0005,三峡,31100601,500.1,27,66
0005,三峡,31100601,511.1,28,66
0005,三峡,31100601,523,29,66
0005,三峡,31100601,534.8,30,66
0005,三峡,31100601,547.6,31,66
0005,三峡,31100601,562,32,66
0005,三峡,31100601,577.3,33,66
0005,三峡,31100601,592.7,34,66
0005,三峡,31100601,609.1,35,66
0005,三峡,31100601,624.9,36,66
0005,三峡,31100601,639.8,37,66
0005,三峡,31100601,654.4,38,66
0005,三峡,31100601,667,39,66
0005,三峡,31100601,679.4,40,66
0005,三峡,31100601,690.7,41,66
0005,三峡,31100601,703.5,42,66
0005,三峡,31100601,716.6,43,66
0005,三峡,31100601,733.2,44,66
0005,三峡,31100601,752,45,66
0005,三峡,31100601,774.9,46,66
0005,三峡,31100601,797.5,47,66
0005,三峡,31100601,820.3,48,66
0005,三峡,31100601,843.8,49,66
0005,三峡,31100601,874.9,50,66
0005,三峡,31100601,907.8,51,66
0005,三峡,31100601,940.8,52,66
0005,三峡,31100601,973.7,53,66
0005,三峡,31100601,1006.7,54,66
0005,三峡,31100601,1039.6,55,66
0005,三峡,31100601,250.1,0,69
0005,三峡,31100601,254.5,1,69
0005,三峡,31100601,259.5,2,69
0005,三峡,31100601,269.6,4,69
0005,三峡,31100601,280.3,6,69
0005,三峡,31100601,292,8,69
0005,三峡,31100601,304.7,10,69
0005,三峡,31100601,319.3,12,69
0005,三峡,31100601,336.7,14,69
0005,三峡,31100601,345.6,15,69
0005,三峡,31100601,357.6,16,69
0005,三峡,31100601,369.7,17,69
0005,三峡,31100601,394,19,69
0005,三峡,31100601,405.9,20,69
0005,三峡,31100601,418,21,69
0005,三峡,31100601,429.8,22,69
0005,三峡,31100601,441.4,23,69
0005,三峡,31100601,452.5,24,69
0005,三峡,31100601,463.3,25,69
0005,三峡,31100601,473.9,26,69
0005,三峡,31100601,484.1,27,69
0005,三峡,31100601,515.7,30,69
0005,三峡,31100601,538.7,32,69
0005,三峡,31100601,552.1,33,69
0005,三峡,31100601,565.7,34,69
0005,三峡,31100601,580.7,35,69
0005,三峡,31100601,595.6,36,69
0005,三峡,31100601,610.3,37,69
0005,三峡,31100601,639.1,39,69
0005,三峡,31100601,653,40,69
0005,三峡,31100601,666.2,41,69
0005,三峡,31100601,678.4,42,69
0005,三峡,31100601,690.5,43,69
0005,三峡,31100601,717.3,45,69
0005,三峡,31100601,733,46,69
0005,三峡,31100601,765.6,48,69
0005,三峡,31100601,786.8,49,69
0005,三峡,31100601,807.6,50,69
0005,三峡,31100601,828.9,51,69
0005,三峡,31100601,852.5,52,69
0005,三峡,31100601,880.3,53,69
0005,三峡,31100601,916.3,54,69
0005,三峡,31100601,936.5,55,69
0005,三峡,31100601,956.6,56,69
0005,三峡,31100601,976.8,57,69
0005,三峡,31100601,996.9,58,69
0005,三峡,31100601,248,0,72
0005,三峡,31100601,252.5,1,72
0005,三峡,31100601,256.8,2,72
0005,三峡,31100601,261.2,3,72
0005,三峡,31100601,274.8,6,72
0005,三峡,31100601,285,8,72
0005,三峡,31100601,296.4,10,72
0005,三峡,31100601,309.8,12,72
0005,三峡,31100601,326,14,72
0005,三峡,31100601,346,16,72
0005,三峡,31100601,357.4,17,72
0005,三峡,31100601,367.9,18,72
0005,三峡,31100601,379.9,19,72
0005,三峡,31100601,391.7,20,72
0005,三峡,31100601,403.6,21,72
0005,三峡,31100601,415.4,22,72
0005,三峡,31100601,427,23,72
0005,三峡,31100601,438.4,24,72
0005,三峡,31100601,449.6,25,72
0005,三峡,31100601,460.2,26,72
0005,三峡,31100601,470.3,27,72
0005,三峡,31100601,480.2,28,72
0005,三峡,31100601,500.1,30,72
0005,三峡,31100601,520.6,32,72
0005,三峡,31100601,531.7,33,72
0005,三峡,31100601,543.7,34,72
0005,三峡,31100601,557,35,72
0005,三峡,31100601,570.8,36,72
0005,三峡,31100601,584.3,37,72
0005,三峡,31100601,598.4,38,72
0005,三峡,31100601,640.6,41,72
0005,三峡,31100601,653.4,42,72
0005,三峡,31100601,665.2,43,72
0005,三峡,31100601,676.6,44,72
0005,三峡,31100601,687.3,45,72
0005,三峡,31100601,698.9,46,72
0005,三峡,31100601,710.8,47,72
0005,三峡,31100601,725.1,48,72
0005,三峡,31100601,741.9,49,72
0005,三峡,31100601,760.5,50,72
0005,三峡,31100601,779.8,51,72
0005,三峡,31100601,798.7,52,72
0005,三峡,31100601,817,53,72
0005,三峡,31100601,837.1,54,72
0005,三峡,31100601,859.6,55,72
0005,三峡,31100601,886.4,56,72
0005,三峡,31100601,917.7,57,72
0005,三峡,31100601,946.4,58,72
0005,三峡,31100601,245.9,0,75
0005,三峡,31100601,250.4,1,75
0005,三峡,31100601,254.3,2,75
0005,三峡,31100601,258.1,3,75
0005,三峡,31100601,262,4,75
0005,三峡,31100601,270,6,75
0005,三峡,31100601,279,8,75
0005,三峡,31100601,289.5,10,75
0005,三峡,31100601,302,12,75
0005,三峡,31100601,317,14,75
0005,三峡,31100601,335.5,16,75
0005,三峡,31100601,346,17,75
0005,三峡,31100601,355.1,18,75
0005,三峡,31100601,366.5,19,75
0005,三峡,31100601,378.2,20,75
0005,三峡,31100601,389.8,21,75
0005,三峡,31100601,412.7,23,75
0005,三峡,31100601,424.1,24,75
0005,三峡,31100601,435.1,25,75
0005,三峡,31100601,446,26,75
0005,三峡,31100601,456.4,27,75
0005,三峡,31100601,466.6,28,75
0005,三峡,31100601,476.5,29,75
0005,三峡,31100601,486.5,30,75
0005,三峡,31100601,496.7,31,75
0005,三峡,31100601,506.7,32,75
0005,三峡,31100601,516.8,33,75
0005,三峡,31100601,527,34,75
0005,三峡,31100601,538.4,35,75
0005,三峡,31100601,550.2,36,75
0005,三峡,31100601,562.6,37,75
0005,三峡,31100601,575.3,38,75
0005,三峡,31100601,589,39,75
0005,三峡,31100601,602.6,40,75
0005,三峡,31100601,629.7,42,75
0005,三峡,31100601,642.4,43,75
0005,三峡,31100601,654.7,44,75
0005,三峡,31100601,667.2,45,75
0005,三峡,31100601,677.8,46,75
0005,三峡,31100601,688.7,47,75
0005,三峡,31100601,698.3,48,75
0005,三峡,31100601,708.8,49,75
0005,三峡,31100601,723.2,50,75
0005,三峡,31100601,737.7,51,75
0005,三峡,31100601,752.1,52,75
0005,三峡,31100601,771.5,53,75
0005,三峡,31100601,791.1,54,75
0005,三峡,31100601,809.1,55,75
0005,三峡,31100601,846.2,57,75
0005,三峡,31100601,867.3,58,75
0005,三峡,31100601,891.5,59,75
0005,三峡,31100601,920.2,60,75
0005,三峡,31100601,951.4,61,75
0005,三峡,31100601,971.2,62,75
0005,三峡,31100601,243.6,0,78
0005,三峡,31100601,248.3,1,78
0005,三峡,31100601,251.7,2,78
0005,三峡,31100601,255,3,78
0005,三峡,31100601,258.4,4,78
0005,三峡,31100601,261.7,5,78
0005,三峡,31100601,265.2,6,78
0005,三峡,31100601,273,8,78
0005,三峡,31100601,282.6,10,78
0005,三峡,31100601,294.2,12,78
0005,三峡,31100601,308,14,78
0005,三峡,31100601,325,16,78
0005,三峡,31100601,334.6,17,78
0005,三峡,31100601,344.6,18,78
0005,三峡,31100601,355.2,19,78
0005,三峡,31100601,366.6,20,78
0005,三峡,31100601,377.4,21,78
0005,三峡,31100601,388.7,22,78
0005,三峡,31100601,399.8,23,78
0005,三峡,31100601,410.8,24,78
0005,三峡,31100601,421.6,25,78
0005,三峡,31100601,432.1,26,78
0005,三峡,31100601,442.5,27,78
0005,三峡,31100601,452.8,28,78
0005,三峡,31100601,462.8,29,78
0005,三峡,31100601,472.7,30,78
0005,三峡,31100601,482.7,31,78
0005,三峡,31100601,502.6,33,78
0005,三峡,31100601,522.7,35,78
0005,三峡,31100601,533.3,36,78
0005,三峡,31100601,544.1,37,78
0005,三峡,31100601,555.6,38,78
0005,三峡,31100601,567.5,39,78
0005,三峡,31100601,580.5,40,78
0005,三峡,31100601,593.3,41,78
0005,三峡,31100601,618.7,43,78
0005,三峡,31100601,631.2,44,78
0005,三峡,31100601,656.1,46,78
0005,三峡,31100601,667.7,47,78
0005,三峡,31100601,679,48,78
0005,三峡,31100601,690.1,49,78
0005,三峡,31100601,700.7,50,78
0005,三峡,31100601,711.8,51,78
0005,三峡,31100601,723.2,52,78
0005,三峡,31100601,737.1,53,78
0005,三峡,31100601,765.2,55,78
0005,三峡,31100601,782.9,56,78
0005,三峡,31100601,801.2,57,78
0005,三峡,31100601,819.1,58,78
0005,三峡,31100601,855.4,60,78
0005,三峡,31100601,876,61,78
0005,三峡,31100601,898,62,78
0005,三峡,31100601,923.1,63,78
0005,三峡,31100601,949.7,64,78
0005,三峡,31100601,977.8,65,78
0005,三峡,31100601,994.1,66,78
0005,三峡,31100601,1010.3,67,78
0005,三峡,31100601,1026.6,68,78
0005,三峡,31100601,241.3,0,81
0005,三峡,31100601,246.3,1,81
0005,三峡,31100601,249.3,2,81
0005,三峡,31100601,252.2,3,81
0005,三峡,31100601,255.2,4,81
0005,三峡,31100601,268.1,8,81
0005,三峡,31100601,276.9,10,81
0005,三峡,31100601,287.8,12,81
0005,三峡,31100601,300.7,14,81
0005,三峡,31100601,316.4,16,81
0005,三峡,31100601,335.9,18,81
0005,三峡,31100601,346.2,19,81
0005,三峡,31100601,356.9,20,81
0005,三峡,31100601,367.3,21,81
0005,三峡,31100601,377.9,22,81
0005,三峡,31100601,388.4,23,81
0005,三峡,31100601,398.6,24,81
0005,三峡,31100601,409.2,25,81
0005,三峡,31100601,419.4,26,81
0005,三峡,31100601,439.6,28,81
0005,三峡,31100601,449.4,29,81
0005,三峡,31100601,459.3,30,81
0005,三峡,31100601,469.1,31,81
0005,三峡,31100601,478.6,32,81
0005,三峡,31100601,488.2,33,81
0005,三峡,31100601,498.1,34,81
0005,三峡,31100601,507.9,35,81
0005,三峡,31100601,517.8,36,81
0005,三峡,31100601,528,37,81
0005,三峡,31100601,538.4,38,81
0005,三峡,31100601,549.2,39,81
0005,三峡,31100601,560.4,40,81
0005,三峡,31100601,572.2,41,81
0005,三峡,31100601,583.9,42,81
0005,三峡,31100601,595.9,43,81
0005,三峡,31100601,608.3,44,81
0005,三峡,31100601,633,46,81
0005,三峡,31100601,656.5,48,81
0005,三峡,31100601,667.5,49,81
0005,三峡,31100601,678.6,50,81
0005,三峡,31100601,689.5,51,81
0005,三峡,31100601,700.2,52,81
0005,三峡,31100601,711.2,53,81
0005,三峡,31100601,723,54,81
0005,三峡,31100601,735.9,55,81
0005,三峡,31100601,749.2,56,81
0005,三峡,31100601,763.4,57,81
0005,三峡,31100601,778.8,58,81
0005,三峡,31100601,795.2,59,81
0005,三峡,31100601,811.7,60,81
0005,三峡,31100601,828.4,61,81
0005,三峡,31100601,846.3,62,81
0005,三峡,31100601,864.4,63,81
0005,三峡,31100601,884.2,64,81
0005,三峡,31100601,904.6,65,81
0005,三峡,31100601,926.2,66,81
0005,三峡,31100601,951.1,67,81
0005,三峡,31100601,976.7,68,81
0005,三峡,31100601,1000.8,69,81
0005,三峡,31100601,1015.3,70,81
0005,三峡,31100601,239.4,0,84
0005,三峡,31100601,244.1,1,84
0005,三峡,31100601,247.1,2,84
0005,三峡,31100601,250,3,84
0005,三峡,31100601,253,4,84
0005,三峡,31100601,255.9,5,84
0005,三峡,31100601,258.9,6,84
0005,三峡,31100601,265.4,8,84
0005,三峡,31100601,273.6,10,84
0005,三峡,31100601,284.2,12,84
0005,三峡,31100601,296.8,14,84
0005,三峡,31100601,311.6,16,84
0005,三峡,31100601,329.3,18,84
0005,三峡,31100601,338.5,19,84
0005,三峡,31100601,348.3,20,84
0005,三峡,31100601,357.8,21,84
0005,三峡,31100601,367.9,22,84
0005,三峡,31100601,377.9,23,84
0005,三峡,31100601,388,24,84
0005,三峡,31100601,408.1,26,84
0005,三峡,31100601,417.9,27,84
0005,三峡,31100601,437.2,29,84
0005,三峡,31100601,446.8,30,84
0005,三峡,31100601,456.2,31,84
0005,三峡,31100601,465.8,32,84
0005,三峡,31100601,475,33,84
0005,三峡,31100601,484.4,34,84
0005,三峡,31100601,493.9,35,84
0005,三峡,31100601,503.1,36,84
0005,三峡,31100601,512.9,37,84
0005,三峡,31100601,523,38,84
0005,三峡,31100601,533,39,84
0005,三峡,31100601,543.5,40,84
0005,三峡,31100601,554.1,41,84
0005,三峡,31100601,565.3,42,84
0005,三峡,31100601,576.4,43,84
0005,三峡,31100601,587.9,44,84
0005,三峡,31100601,599.9,45,84
0005,三峡,31100601,611.7,46,84
0005,三峡,31100601,635.1,48,84
0005,三峡,31100601,646.1,49,84
0005,三峡,31100601,668.2,51,84
0005,三峡,31100601,678.5,52,84
0005,三峡,31100601,688.5,53,84
0005,三峡,31100601,698.6,54,84
0005,三峡,31100601,708.9,55,84
0005,三峡,31100601,720.2,56,84
0005,三峡,31100601,733.1,57,84
0005,三峡,31100601,745.9,58,84
0005,三峡,31100601,759.2,59,84
0005,三峡,31100601,774.3,60,84
0005,三峡,31100601,789.8,61,84
0005,三峡,31100601,805.6,62,84
0005,三峡,31100601,821.5,63,84
0005,三峡,31100601,837.6,64,84
0005,三峡,31100601,855.1,65,84
0005,三峡,31100601,872.5,66,84
0005,三峡,31100601,891.5,67,84
0005,三峡,31100601,911.2,68,84
0005,三峡,31100601,931.4,69,84
0005,三峡,31100601,952.9,70,84
0005,三峡,31100601,976.2,71,84
0005,三峡,31100601,1000.1,72,84
0005,三峡,31100601,1021,73,84
0005,三峡,31100601,1041.8,74,84
0005,三峡,31100601,1062.7,75,84
0005,三峡,31100601,237.9,0,87
0005,三峡,31100601,242,1,87
0005,三峡,31100601,244.9,2,87
0005,三峡,31100601,256.6,6,87
0005,三峡,31100601,259.5,7,87
0005,三峡,31100601,262.7,8,87
0005,三峡,31100601,270.3,10,87
0005,三峡,31100601,280.6,12,87
0005,三峡,31100601,292.9,14,87
0005,三峡,31100601,306.8,16,87
0005,三峡,31100601,322.6,18,87
0005,三峡,31100601,330.8,19,87
0005,三峡,31100601,339.6,20,87
0005,三峡,31100601,358,22,87
0005,三峡,31100601,367.5,23,87
0005,三峡,31100601,377.6,24,87
0005,三峡,31100601,387.4,25,87
0005,三峡,31100601,397.4,26,87
0005,三峡,31100601,407.1,27,87
0005,三峡,31100601,416.6,28,87
0005,三峡,31100601,426.2,29,87
0005,三峡,31100601,435.6,30,87
0005,三峡,31100601,444.8,31,87
0005,三峡,31100601,472.2,34,87
0005,三峡,31100601,481.4,35,87
0005,三峡,31100601,490.4,36,87
0005,三峡,31100601,508.5,38,87
0005,三峡,31100601,518.1,39,87
0005,三峡,31100601,527.8,40,87
0005,三峡,31100601,538,41,87
0005,三峡,31100601,559.1,43,87
0005,三峡,31100601,581,45,87
0005,三峡,31100601,592.5,46,87
0005,三峡,31100601,603.8,47,87
0005,三峡,31100601,626.5,49,87
0005,三峡,31100601,637.5,50,87
0005,三峡,31100601,648.3,51,87
0005,三峡,31100601,659,52,87
0005,三峡,31100601,669.5,53,87
0005,三峡,31100601,679.5,54,87
0005,三峡,31100601,689.3,55,87
0005,三峡,31100601,709.1,57,87
0005,三峡,31100601,720.2,58,87
0005,三峡,31100601,732.6,59,87
0005,三峡,31100601,769.9,62,87
0005,三峡,31100601,783.8,63,87
0005,三峡,31100601,799,64,87
0005,三峡,31100601,814.5,65,87
0005,三峡,31100601,830.3,66,87
0005,三峡,31100601,846.5,67,87
0005,三峡,31100601,863.4,68,87
0005,三峡,31100601,880.6,69,87
0005,三峡,31100601,899,70,87
0005,三峡,31100601,917.2,71,87
0005,三峡,31100601,936.5,72,87
0005,三峡,31100601,956.1,73,87
0005,三峡,31100601,976.4,74,87
0005,三峡,31100601,998.7,75,87
0005,三峡,31100601,1021.1,76,87
0005,三峡,31100601,1039.8,77,87
0005,三峡,31100601,236.6,0,90
0005,三峡,31100601,239.8,1,90
0005,三峡,31100601,242.7,2,90
0005,三峡,31100601,254.2,6,90
0005,三峡,31100601,257.1,7,90
0005,三峡,31100601,267,10,90
0005,三峡,31100601,277,12,90
0005,三峡,31100601,289,14,90
0005,三峡,31100601,302,16,90
0005,三峡,31100601,316,18,90
0005,三峡,31100601,331,20,90
0005,三峡,31100601,348,22,90
0005,三峡,31100601,367.3,24,90
0005,三峡,31100601,377.1,25,90
0005,三峡,31100601,386.8,26,90
0005,三峡,31100601,405.9,28,90
0005,三峡,31100601,433.9,31,90
0005,三峡,31100601,452.2,33,90
0005,三峡,31100601,470.2,35,90
0005,三峡,31100601,479,36,90
0005,三峡,31100601,487.7,37,90
0005,三峡,31100601,505.3,39,90
0005,三峡,31100601,514.3,40,90
0005,三峡,31100601,523.2,41,90
0005,三峡,31100601,532.9,42,90
0005,三峡,31100601,542.5,43,90
0005,三峡,31100601,553.1,44,90
0005,三峡,31100601,574.2,46,90
0005,三峡,31100601,585.3,47,90
0005,三峡,31100601,596.5,48,90
0005,三峡,31100601,630.2,51,90
0005,三峡,31100601,640.8,52,90
0005,三峡,31100601,651.1,53,90
0005,三峡,31100601,671.5,55,90
0005,三峡,31100601,681.2,56,90
0005,三峡,31100601,691,57,90
0005,三峡,31100601,710.8,59,90
0005,三峡,31100601,721,60,90
0005,三峡,31100601,732.2,61,90
0005,三峡,31100601,744.2,62,90
0005,三峡,31100601,793.4,66,90
0005,三峡,31100601,807.8,67,90
0005,三峡,31100601,822.6,68,90
0005,三峡,31100601,837.9,69,90
0005,三峡,31100601,853.8,70,90
0005,三峡,31100601,870.4,71,90
0005,三峡,31100601,888,72,90
0005,三峡,31100601,905.4,73,90
0005,三峡,31100601,923.6,74,90
0005,三峡,31100601,941.5,75,90
0005,三峡,31100601,978.8,77,90
0005,三峡,31100601,997.8,78,90
0005,三峡,31100601,1018.5,79,90
0005,三峡,31100601,1039.7,80,90
0005,三峡,31100601,1057.3,81,90
0005,三峡,31100601,235.7,0,93
0005,三峡,31100601,238.2,1,93
0005,三峡,31100601,240.5,2,93
0005,三峡,31100601,247.3,5,93
0005,三峡,31100601,249.6,6,93
0005,三峡,31100601,252.6,7,93
0005,三峡,31100601,255.5,8,93
0005,三峡,31100601,258.7,9,93
0005,三峡,31100601,262.8,10,93
0005,三峡,31100601,272.2,12,93
0005,三峡,31100601,277.8,13,93
0005,三峡,31100601,283.6,14,93
0005,三峡,31100601,289.7,15,93
0005,三峡,31100601,296.3,16,93
0005,三峡,31100601,309.7,18,93
0005,三峡,31100601,316.8,19,93
0005,三峡,31100601,324.4,20,93
0005,三峡,31100601,332.4,21,93
0005,三峡,31100601,341.3,22,93
0005,三峡,31100601,359.8,24,93
0005,三峡,31100601,369.2,25,93
0005,三峡,31100601,378.4,26,93
0005,三峡,31100601,387.7,27,93
0005,三峡,31100601,396.8,28,93
0005,三峡,31100601,404.8,29,93
0005,三峡,31100601,414,30,93
0005,三峡,31100601,423,31,93
0005,三峡,31100601,432.1,32,93
0005,三峡,31100601,441.3,33,93
0005,三峡,31100601,450.3,34,93
0005,三峡,31100601,459.1,35,93
0005,三峡,31100601,476.6,37,93
0005,三峡,31100601,493.8,39,93
0005,三峡,31100601,502.5,40,93
0005,三峡,31100601,528.9,43,93
0005,三峡,31100601,537.7,44,93
0005,三峡,31100601,547.6,45,93
0005,三峡,31100601,557.3,46,93
0005,三峡,31100601,567.5,47,93
0005,三峡,31100601,578.6,48,93
0005,三峡,31100601,589.6,49,93
0005,三峡,31100601,600.7,50,93
0005,三峡,31100601,611.7,51,93
0005,三峡,31100601,643.8,54,93
0005,三峡,31100601,653.7,55,93
0005,三峡,31100601,682.9,58,93
0005,三峡,31100601,701.8,60,93
0005,三峡,31100601,711.6,61,93
0005,三峡,31100601,721.6,62,93
0005,三峡,31100601,732.1,63,93
0005,三峡,31100601,743.4,64,93
0005,三峡,31100601,755,65,93
0005,三峡,31100601,766.7,66,93
0005,三峡,31100601,778.3,67,93
0005,三峡,31100601,790.3,68,93
0005,三峡,31100601,803,69,93
0005,三峡,31100601,816.1,70,93
0005,三峡,31100601,830.1,71,93
0005,三峡,31100601,844.9,72,93
0005,三峡,31100601,860.4,73,93
0005,三峡,31100601,876.5,74,93
0005,三峡,31100601,894,75,93
0005,三峡,31100601,911.4,76,93
0005,三峡,31100601,929.3,77,93
0005,三峡,31100601,946.3,78,93
0005,三峡,31100601,981,80,93
0005,三峡,31100601,999.2,81,93
0005,三峡,31100601,1018,82,93
0005,三峡,31100601,234.9,0,96
0005,三峡,31100601,236.7,1,96
0005,三峡,31100601,238.3,2,96
0005,三峡,31100601,240,3,96
0005,三峡,31100601,243.3,5,96
0005,三峡,31100601,245,6,96
0005,三峡,31100601,248,7,96
0005,三峡,31100601,251.1,8,96
0005,三峡,31100601,254.6,9,96
0005,三峡,31100601,258.5,10,96
0005,三峡,31100601,262.6,11,96
0005,三峡,31100601,267.5,12,96
0005,三峡,31100601,272.8,13,96
0005,三峡,31100601,284.2,15,96
0005,三峡,31100601,290.6,16,96
0005,三峡,31100601,310.4,19,96
0005,三峡,31100601,317.8,20,96
0005,三峡,31100601,325.9,21,96
0005,三峡,31100601,334.6,22,96
0005,三峡,31100601,343.2,23,96
0005,三峡,31100601,352.3,24,96
0005,三峡,31100601,361.2,25,96
0005,三峡,31100601,378.9,27,96
0005,三峡,31100601,394.9,29,96
0005,三峡,31100601,403.8,30,96
0005,三峡,31100601,412.8,31,96
0005,三峡,31100601,421.6,32,96
0005,三峡,31100601,430.5,33,96
0005,三峡,31100601,439.3,34,96
0005,三峡,31100601,456.8,36,96
0005,三峡,31100601,465.3,37,96
0005,三峡,31100601,473.9,38,96
0005,三峡,31100601,491,40,96
0005,三峡,31100601,499.6,41,96
0005,三峡,31100601,516.7,43,96
0005,三峡,31100601,525.4,44,96
0005,三峡,31100601,534.2,45,96
0005,三峡,31100601,543.3,46,96
0005,三峡,31100601,552.5,47,96
0005,三峡,31100601,561.9,48,96
0005,三峡,31100601,572.5,49,96
0005,三峡,31100601,583.2,50,96
0005,三峡,31100601,593.7,51,96
0005,三峡,31100601,614.6,53,96
0005,三峡,31100601,635,55,96
0005,三峡,31100601,645.1,56,96
0005,三峡,31100601,675.2,59,96
0005,三峡,31100601,684.2,60,96
0005,三峡,31100601,693.1,61,96
0005,三峡,31100601,702.2,62,96
0005,三峡,31100601,711.4,63,96
0005,三峡,31100601,721.1,64,96
0005,三峡,31100601,731.4,65,96
0005,三峡,31100601,742.7,66,96
0005,三峡,31100601,765.2,68,96
0005,三峡,31100601,776.5,69,96
0005,三峡,31100601,788.1,70,96
0005,三峡,31100601,800.2,71,96
0005,三峡,31100601,812.4,72,96
0005,三峡,31100601,824.8,73,96
0005,三峡,31100601,837.9,74,96
0005,三峡,31100601,851.7,75,96
0005,三峡,31100601,867.1,76,96
0005,三峡,31100601,881.8,77,96
0005,三峡,31100601,898.7,78,96
0005,三峡,31100601,915.8,79,96
0005,三峡,31100601,933.6,80,96
0005,三峡,31100601,950.5,81,96
0005,三峡,31100601,966.9,82,96
0005,三峡,31100601,233.7,0,99
0005,三峡,31100601,235.1,1,99
0005,三峡,31100601,236.1,2,99
0005,三峡,31100601,237.2,3,99
0005,三峡,31100601,239.3,5,99
0005,三峡,31100601,240.4,6,99
0005,三峡,31100601,243.5,7,99
0005,三峡,31100601,250.4,9,99
0005,三峡,31100601,254.3,10,99
0005,三峡,31100601,258.4,11,99
0005,三峡,31100601,262.7,12,99
0005,三峡,31100601,267.7,13,99
0005,三峡,31100601,278.7,15,99
0005,三峡,31100601,284.9,16,99
0005,三峡,31100601,291,17,99
0005,三峡,31100601,304.1,19,99
0005,三峡,31100601,311.2,20,99
0005,三峡,31100601,319.4,21,99
0005,三峡,31100601,327.8,22,99
0005,三峡,31100601,344.7,24,99
0005,三峡,31100601,370.1,27,99
0005,三峡,31100601,386.2,29,99
0005,三峡,31100601,394.7,30,99
0005,三峡,31100601,411.9,32,99
0005,三峡,31100601,420.4,33,99
0005,三峡,31100601,429.1,34,99
0005,三峡,31100601,437.6,35,99
0005,三峡,31100601,446,36,99
0005,三峡,31100601,454.5,37,99
0005,三峡,31100601,462.8,38,99
0005,三峡,31100601,471.2,39,99
0005,三峡,31100601,479.7,40,99
0005,三峡,31100601,488,41,99
0005,三峡,31100601,496.4,42,99
0005,三峡,31100601,513.4,44,99
0005,三峡,31100601,530.7,46,99
0005,三峡,31100601,539.5,47,99
0005,三峡,31100601,548.5,48,99
0005,三峡,31100601,567,50,99
0005,三峡,31100601,577,51,99
0005,三峡,31100601,596.8,53,99
0005,三峡,31100601,616.7,55,99
0005,三峡,31100601,646.9,58,99
0005,三峡,31100601,657,59,99
0005,三峡,31100601,667,60,99
0005,三峡,31100601,676.3,61,99
0005,三峡,31100601,685.1,62,99
0005,三峡,31100601,711.4,65,99
0005,三峡,31100601,720.5,66,99
0005,三峡,31100601,731.1,67,99
0005,三峡,31100601,742,68,99
0005,三峡,31100601,752.7,69,99
0005,三峡,31100601,785,72,99
0005,三峡,31100601,797.2,73,99
0005,三峡,31100601,809.3,74,99
0005,三峡,31100601,821.3,75,99
0005,三峡,31100601,833.5,76,99
0005,三峡,31100601,845.9,77,99
0005,三峡,31100601,859.7,78,99
0005,三峡,31100601,874.1,79,99
0005,三峡,31100601,888.1,80,99
0005,三峡,31100601,904.2,81,99
0005,三峡,31100601,232.4,0,102
0005,三峡,31100601,233.4,1,102
0005,三峡,31100601,234.2,2,102
0005,三峡,31100601,235.1,3,102
0005,三峡,31100601,237.9,6,102
0005,三峡,31100601,241,7,102
0005,三峡,31100601,247.8,9,102
0005,三峡,31100601,251.7,10,102
0005,三峡,31100601,255.8,11,102
0005,三峡,31100601,264.6,13,102
0005,三峡,31100601,269.5,14,102
0005,三峡,31100601,275.3,15,102
0005,三峡,31100601,281.4,16,102
0005,三峡,31100601,287.4,17,102
0005,三峡,31100601,293.6,18,102
0005,三峡,31100601,300.6,19,102
0005,三峡,31100601,315.7,21,102
0005,三峡,31100601,396.6,31,102
0005,三峡,31100601,405,32,102
0005,三峡,31100601,413.1,33,102
0005,三峡,31100601,421.4,34,102
0005,三峡,31100601,428.3,35,102
0005,三峡,31100601,436.4,36,102
0005,三峡,31100601,444.6,37,102
0005,三峡,31100601,452.7,38,102
0005,三峡,31100601,460.7,39,102
0005,三峡,31100601,469,40,102
0005,三峡,31100601,477.1,41,102
0005,三峡,31100601,485.1,42,102
0005,三峡,31100601,493.3,43,102
0005,三峡,31100601,509.9,45,102
0005,三峡,31100601,526.9,47,102
0005,三峡,31100601,535.6,48,102
0005,三峡,31100601,544.5,49,102
0005,三峡,31100601,553.5,50,102
0005,三峡,31100601,572,52,102
0005,三峡,31100601,610.1,56,102
0005,三峡,31100601,620,57,102
0005,三峡,31100601,629.8,58,102
0005,三峡,31100601,639.5,59,102
0005,三峡,31100601,658.7,61,102
0005,三峡,31100601,668,62,102
0005,三峡,31100601,676.8,63,102
0005,三峡,31100601,694.5,65,102
0005,三峡,31100601,703.3,66,102
0005,三峡,31100601,711.8,67,102
0005,三峡,31100601,720.5,68,102
0005,三峡,31100601,730.1,69,102
0005,三峡,31100601,739.9,70,102
0005,三峡,31100601,749.3,71,102
0005,三峡,31100601,758.8,72,102
0005,三峡,31100601,770.4,73,102
0005,三峡,31100601,782.2,74,102
0005,三峡,31100601,793.9,75,102
0005,三峡,31100601,805.7,76,102
0005,三峡,31100601,817.7,77,102
0005,三峡,31100601,829.8,78,102
0005,三峡,31100601,854.3,80,102
0005,三峡,31100601,867.9,81,102
0005,三峡,31100601,881.3,82,102
0005,三峡,31100601,230.9,0,105
0005,三峡,31100601,231.7,1,105
0005,三峡,31100601,234.3,4,105
0005,三峡,31100601,235.4,5,105
0005,三峡,31100601,236.4,6,105
0005,三峡,31100601,239.5,7,105
0005,三峡,31100601,246,9,105
0005,三峡,31100601,249.9,10,105
0005,三峡,31100601,254,11,105
0005,三峡,31100601,262.5,13,105
0005,三峡,31100601,267.4,14,105
0005,三峡,31100601,272.9,15,105
0005,三峡,31100601,279,16,105
0005,三峡,31100601,285,17,105
0005,三峡,31100601,291.5,18,105
0005,三峡,31100601,298.5,19,105
0005,三峡,31100601,313.3,21,105
0005,三峡,31100601,336.6,24,105
0005,三峡,31100601,344.4,25,105
0005,三峡,31100601,359.9,27,105
0005,三峡,31100601,367.7,28,105
0005,三峡,31100601,383.2,30,105
0005,三峡,31100601,391,31,105
0005,三峡,31100601,398.9,32,105
0005,三峡,31100601,406.7,33,105
0005,三峡,31100601,414.6,34,105
0005,三峡,31100601,420.4,35,105
0005,三峡,31100601,428.2,36,105
0005,三峡,31100601,435.9,37,105
0005,三峡,31100601,443.7,38,105
0005,三峡,31100601,451.6,39,105
0005,三峡,31100601,459.2,40,105
0005,三峡,31100601,467.1,41,105
0005,三峡,31100601,474.9,42,105
0005,三峡,31100601,482.6,43,105
0005,三峡,31100601,490.6,44,105
0005,三峡,31100601,498.5,45,105
0005,三峡,31100601,506.7,46,105
0005,三峡,31100601,514.8,47,105
0005,三峡,31100601,523.2,48,105
0005,三峡,31100601,531.7,49,105
0005,三峡,31100601,540.3,50,105
0005,三峡,31100601,549.3,51,105
0005,三峡,31100601,576.6,54,105
0005,三峡,31100601,595.3,56,105
0005,三峡,31100601,614.2,58,105
0005,三峡,31100601,623.6,59,105
0005,三峡,31100601,632.9,60,105
0005,三峡,31100601,642.1,61,105
0005,三峡,31100601,651.2,62,105
0005,三峡,31100601,660.2,63,105
0005,三峡,31100601,669.1,64,105
0005,三峡,31100601,677.8,65,105
0005,三峡,31100601,686.6,66,105
0005,三峡,31100601,695.2,67,105
0005,三峡,31100601,703.9,68,105
0005,三峡,31100601,721.1,70,105
0005,三峡,31100601,730.1,71,105
0005,三峡,31100601,740.1,72,105
0005,三峡,31100601,750.5,73,105
0005,三峡,31100601,761,74,105
0005,三峡,31100601,781.9,76,105
0005,三峡,31100601,792.2,77,105
0005,三峡,31100601,813.9,79,105
0005,三峡,31100601,825.8,80,105
0005,三峡,31100601,849.8,82,105
0005,三峡,31100601,229.2,0,108
0005,三峡,31100601,229.9,1,108
0005,三峡,31100601,230.8,2,108
0005,三峡,31100601,231.6,3,108
0005,三峡,31100601,232.6,4,108
0005,三峡,31100601,233.8,5,108
0005,三峡,31100601,237.9,7,108
0005,三峡,31100601,241,8,108
0005,三峡,31100601,244.3,9,108
0005,三峡,31100601,248.2,10,108
0005,三峡,31100601,256.2,12,108
0005,三峡,31100601,260.5,13,108
0005,三峡,31100601,265.4,14,108
0005,三峡,31100601,270.5,15,108
0005,三峡,31100601,276.6,16,108
0005,三峡,31100601,289.4,18,108
0005,三峡,31100601,296.3,19,108
0005,三峡,31100601,303.5,20,108
0005,三峡,31100601,310.9,21,108
0005,三峡,31100601,318.4,22,108
0005,三峡,31100601,325.8,23,108
0005,三峡,31100601,333.3,24,108
0005,三峡,31100601,340.7,25,108
0005,三峡,31100601,348.2,26,108
0005,三峡,31100601,355.6,27,108
0005,三峡,31100601,370.5,29,108
0005,三峡,31100601,377.9,30,108
0005,三峡,31100601,392.9,32,108
0005,三峡,31100601,400.3,33,108
0005,三峡,31100601,407.8,34,108
0005,三峡,31100601,414,35,108
0005,三峡,31100601,421.3,36,108
0005,三峡,31100601,428.8,37,108
0005,三峡,31100601,436.2,38,108
0005,三峡,31100601,443.5,39,108
0005,三峡,31100601,451,40,108
0005,三峡,31100601,458.4,41,108
0005,三峡,31100601,465.9,42,108
0005,三峡,31100601,496.1,46,108
0005,三峡,31100601,503.9,47,108
0005,三峡,31100601,511.8,48,108
0005,三峡,31100601,519.8,49,108
0005,三峡,31100601,528,50,108
0005,三峡,31100601,536.3,51,108
0005,三峡,31100601,545.2,52,108
0005,三峡,31100601,553.9,53,108
0005,三峡,31100601,562.7,54,108
0005,三峡,31100601,571.7,55,108
0005,三峡,31100601,580.9,56,108
0005,三峡,31100601,599.4,58,108
0005,三峡,31100601,627.1,61,108
0005,三峡,31100601,636,62,108
0005,三峡,31100601,644.7,63,108
0005,三峡,31100601,670.6,66,108
0005,三峡,31100601,687.5,68,108
0005,三峡,31100601,695.8,69,108
0005,三峡,31100601,704.3,70,108
0005,三峡,31100601,721.4,72,108
0005,三峡,31100601,730.2,73,108
0005,三峡,31100601,740.2,74,108
0005,三峡,31100601,810.4,81,108
0005,三峡,31100601,821.8,82,108
0005,三峡,31100601,227.4,0,111
0005,三峡,31100601,228.5,1,111
0005,三峡,31100601,229.3,2,111
0005,三峡,31100601,230.2,3,111
0005,三峡,31100601,231.2,4,111
0005,三峡,31100601,232.3,5,111
0005,三峡,31100601,233.7,6,111
0005,三峡,31100601,236.6,7,111
0005,三峡,31100601,239.7,8,111
0005,三峡,31100601,242.7,9,111
0005,三峡,31100601,246.7,10,111
0005,三峡,31100601,250.6,11,111
0005,三峡,31100601,254.7,12,111
0005,三峡,31100601,258.7,13,111
0005,三峡,31100601,263.7,14,111
0005,三峡,31100601,268.6,15,111
0005,三峡,31100601,274.7,16,111
0005,三峡,31100601,280.7,17,111
0005,三峡,31100601,287.7,18,111
0005,三峡,31100601,294.6,19,111
0005,三峡,31100601,301.8,20,111
0005,三峡,31100601,316.3,22,111
0005,三峡,31100601,323.5,23,111
0005,三峡,31100601,338,25,111
0005,三峡,31100601,345.2,26,111
0005,三峡,31100601,381,31,111
0005,三峡,31100601,388.1,32,111
0005,三峡,31100601,395.1,33,111
0005,三峡,31100601,416.2,36,111
0005,三峡,31100601,423,37,111
0005,三峡,31100601,436.9,39,111
0005,三峡,31100601,443.9,40,111
0005,三峡,31100601,451.1,41,111
0005,三峡,31100601,458.1,42,111
0005,三峡,31100601,465.2,43,111
0005,三峡,31100601,472.5,44,111
0005,三峡,31100601,479.7,45,111
0005,三峡,31100601,486.8,46,111
0005,三峡,31100601,494.3,47,111
0005,三峡,31100601,509.4,49,111
0005,三峡,31100601,525,51,111
0005,三峡,31100601,532.8,52,111
0005,三峡,31100601,541.3,53,111
0005,三峡,31100601,558.2,55,111
0005,三峡,31100601,566.7,56,111
0005,三峡,31100601,575.9,57,111
0005,三峡,31100601,585,58,111
0005,三峡,31100601,630.3,63,111
0005,三峡,31100601,638.7,64,111
0005,三峡,31100601,647.2,65,111
0005,三峡,31100601,664.1,67,111
0005,三峡,31100601,672.4,68,111
0005,三峡,31100601,680.5,69,111
0005,三峡,31100601,688.5,70,111
0005,三峡,31100601,696.4,71,111
0005,三峡,31100601,704.7,72,111
0005,三峡,31100601,712.9,73,111
0005,三峡,31100601,721.4,74,111
0005,三峡,31100601,730,75,111
0005,三峡,31100601,739.7,76,111
0005,三峡,31100601,768.9,79,111
0005,三峡,31100601,778.6,80,111
0005,三峡,31100601,798.1,82,111
0005,三峡,31100601,226.3,0,113
0005,三峡,31100601,227.9,1,113
0005,三峡,31100601,228.8,2,113
0005,三峡,31100601,233,6,113
0005,三峡,31100601,236,7,113
0005,三峡,31100601,246,10,113
0005,三峡,31100601,263,14,113
0005,三峡,31100601,274,16,113
0005,三峡,31100601,287,18,113
0005,三峡,31100601,301.1,20,113
0005,三峡,31100601,308.4,21,113
0005,三峡,31100601,315.6,22,113
0005,三峡,31100601,322.9,23,113
0005,三峡,31100601,330.1,24,113
0005,三峡,31100601,337.4,25,113
0005,三峡,31100601,351.8,27,113
0005,三峡,31100601,359,28,113
0005,三峡,31100601,366.1,29,113
0005,三峡,31100601,379.9,31,113
0005,三峡,31100601,386.5,32,113
0005,三峡,31100601,393.2,33,113
0005,三峡,31100601,399.8,34,113
0005,三峡,31100601,413.1,36,113
0005,三峡,31100601,419.7,37,113
0005,三峡,31100601,433.1,39,113
0005,三峡,31100601,446.6,41,113
0005,三峡,31100601,453.5,42,113
0005,三峡,31100601,467.4,44,113
0005,三峡,31100601,474.6,45,113
0005,三峡,31100601,481.6,46,113
0005,三峡,31100601,488.7,47,113
0005,三峡,31100601,495.9,48,113
0005,三峡,31100601,503.3,49,113
0005,三峡,31100601,525.9,52,113
0005,三峡,31100601,541.8,54,113
0005,三峡,31100601,550.1,55,113
0005,三峡,31100601,558.2,56,113
0005,三峡,31100601,566.7,57,113
0005,三峡,31100601,575.7,58,113
0005,三峡,31100601,593.6,60,113
0005,三峡,31100601,602.6,61,113
0005,三峡,31100601,611.5,62,113
0005,三峡,31100601,629.1,64,113
0005,三峡,31100601,637.5,65,113
0005,三峡,31100601,670.9,69,113
0005,三峡,31100601,678.8,70,113
0005,三峡,31100601,694.5,72,113
0005,三峡,31100601,702.4,73,113
0005,三峡,31100601,718.6,75,113
0005,三峡,31100601,727.1,76,113
0005,三峡,31100601,736.1,77,113
0005,三峡,31100601,745.7,78,113
0005,三峡,31100601,764.8,80,113
0005,三峡,31100601,774.4,81,113
0005,三峡,31100601,783.9,82,113
0005,三峡,31100603,256.32,0,61
0005,三峡,31100603,267.713,1,61
0005,三峡,31100603,669.578,36,61
0005,三峡,31100603,684.187,37,61
0005,三峡,31100603,699.043,38,61
0005,三峡,31100603,717.439,39,61
0005,三峡,31100603,735.427,40,61
0005,三峡,31100603,756.256,41,61
0005,三峡,31100603,784.141,42,61
0005,三峡,31100603,815.261,43,61
0005,三峡,31100603,850.172,44,61
0005,三峡,31100603,895.603,45,61
0005,三峡,31100603,964.879,46,61
0005,三峡,31100603,1050.441,47,61
0005,三峡,31100603,253.943,0,64
0005,三峡,31100603,264.551,1,64
0005,三峡,31100603,639.609,36,64
0005,三峡,31100603,653.67,37,64
0005,三峡,31100603,667.426,38,64
0005,三峡,31100603,681.541,39,64
0005,三峡,31100603,695.754,40,64
0005,三峡,31100603,711.146,41,64
0005,三峡,31100603,728.491,42,64
0005,三峡,31100603,745.554,43,64
0005,三峡,31100603,767.452,44,64
0005,三峡,31100603,792.98,45,64
0005,三峡,31100603,820.678,46,64
0005,三峡,31100603,849.147,47,64
0005,三峡,31100603,882.956,48,64
0005,三峡,31100603,929.81,49,64
0005,三峡,31100603,1001.976,50,64
0005,三峡,31100603,1084.447,51,64
0005,三峡,31100603,251.63,0,67
0005,三峡,31100603,261.489,1,67
0005,三峡,31100603,611.701,36,67
0005,三峡,31100603,626.606,37,67
0005,三峡,31100603,640.132,38,67
0005,三峡,31100603,666.785,40,67
0005,三峡,31100603,679.476,41,67
0005,三峡,31100603,694.015,42,67
0005,三峡,31100603,708.152,43,67
0005,三峡,31100603,723.243,44,67
0005,三峡,31100603,740.166,45,67
0005,三峡,31100603,757.876,46,67
0005,三峡,31100603,777.598,47,67
0005,三峡,31100603,800.626,48,67
0005,三峡,31100603,826.318,49,67
0005,三峡,31100603,853.449,50,67
0005,三峡,31100603,882.302,51,67
0005,三峡,31100603,920.112,52,67
0005,三峡,31100603,974.761,53,67
0005,三峡,31100603,1046.669,54,67
0005,三峡,31100603,249.35,0,70
0005,三峡,31100603,258.539,1,70
0005,三峡,31100603,584.983,36,70
0005,三峡,31100603,613.09,38,70
0005,三峡,31100603,627.088,39,70
0005,三峡,31100603,640.859,40,70
0005,三峡,31100603,653.639,41,70
0005,三峡,31100603,666.619,42,70
0005,三峡,31100603,679.21,43,70
0005,三峡,31100603,691.398,44,70
0005,三峡,31100603,705.958,45,70
0005,三峡,31100603,720.543,46,70
0005,三峡,31100603,735.084,47,70
0005,三峡,31100603,751.018,48,70
0005,三峡,31100603,768.292,49,70
0005,三峡,31100603,787.613,50,70
0005,三峡,31100603,808.211,51,70
0005,三峡,31100603,831.261,52,70
0005,三峡,31100603,856.338,53,70
0005,三峡,31100603,882.834,54,70
0005,三峡,31100603,911.19,55,70
0005,三峡,31100603,949.136,56,70
0005,三峡,31100603,1003.46,57,70
0005,三峡,31100603,1089.153,58,70
0005,三峡,31100603,247.016,0,73
0005,三峡,31100603,255.633,1,73
0005,三峡,31100603,562.174,36,73
0005,三峡,31100603,575.524,37,73
0005,三峡,31100603,588.659,38,73
0005,三峡,31100603,601.723,39,73
0005,三峡,31100603,614.769,40,73
0005,三峡,31100603,628.033,41,73
0005,三峡,31100603,641.209,42,73
0005,三峡,31100603,654.19,43,73
0005,三峡,31100603,666.526,44,73
0005,三峡,31100603,691.67,46,73
0005,三峡,31100603,704.878,47,73
0005,三峡,31100603,717.589,48,73
0005,三峡,31100603,730.614,49,73
0005,三峡,31100603,745.876,50,73
0005,三峡,31100603,762.587,51,73
0005,三峡,31100603,779.835,52,73
0005,三峡,31100603,797.556,53,73
0005,三峡,31100603,816.917,54,73
0005,三峡,31100603,836.337,55,73
0005,三峡,31100603,859.79,56,73
0005,三峡,31100603,883.965,57,73
0005,三峡,31100603,909.795,58,73
0005,三峡,31100603,940.43,59,73
0005,三峡,31100603,986.245,60,73
0005,三峡,31100603,1064.72,61,73
0005,三峡,31100603,244.736,0,76
0005,三峡,31100603,252.825,1,76
0005,三峡,31100603,540.796,36,76
0005,三峡,31100603,553.642,37,76
0005,三峡,31100603,566.458,38,76
0005,三峡,31100603,579.398,39,76
0005,三峡,31100603,592.256,40,76
0005,三峡,31100603,604.994,41,76
0005,三峡,31100603,617.383,42,76
0005,三峡,31100603,629.691,43,76
0005,三峡,31100603,642.049,44,76
0005,三峡,31100603,654.427,45,76
0005,三峡,31100603,666.692,46,76
0005,三峡,31100603,678.822,47,76
0005,三峡,31100603,691.06,48,76
0005,三峡,31100603,703.286,49,76
0005,三峡,31100603,715.687,50,76
0005,三峡,31100603,729.241,51,76
0005,三峡,31100603,743.539,52,76
0005,三峡,31100603,772.679,54,76
0005,三峡,31100603,789.957,55,76
0005,三峡,31100603,807.482,56,76
0005,三峡,31100603,825.534,57,76
0005,三峡,31100603,844.448,58,76
0005,三峡,31100603,864.563,59,76
0005,三峡,31100603,887.119,60,76
0005,三峡,31100603,909.922,61,76
0005,三峡,31100603,935.278,62,76
0005,三峡,31100603,967.726,63,76
0005,三峡,31100603,1034.96,64,76
0005,三峡,31100603,242.564,0,79
0005,三峡,31100603,250.247,1,79
0005,三峡,31100603,522.442,36,79
0005,三峡,31100603,534.378,37,79
0005,三峡,31100603,545.898,38,79
0005,三峡,31100603,558.332,39,79
0005,三峡,31100603,582.959,41,79
0005,三峡,31100603,595.215,42,79
0005,三峡,31100603,607.567,43,79
0005,三峡,31100603,619.855,44,79
0005,三峡,31100603,632.112,45,79
0005,三峡,31100603,643.785,46,79
0005,三峡,31100603,655.37,47,79
0005,三峡,31100603,666.988,48,79
0005,三峡,31100603,678.937,49,79
0005,三峡,31100603,690.751,50,79
0005,三峡,31100603,702.475,51,79
0005,三峡,31100603,715.304,52,79
0005,三峡,31100603,729.06,53,79
0005,三峡,31100603,756.147,55,79
0005,三峡,31100603,769.306,56,79
0005,三峡,31100603,783.776,57,79
0005,三峡,31100603,800.017,58,79
0005,三峡,31100603,816.873,59,79
0005,三峡,31100603,833.859,60,79
0005,三峡,31100603,851.992,61,79
0005,三峡,31100603,869.903,62,79
0005,三峡,31100603,890.396,63,79
0005,三峡,31100603,912.79,64,79
0005,三峡,31100603,935.849,65,79
0005,三峡,31100603,962.02,66,79
0005,三峡,31100603,1004.674,67,79
0005,三峡,31100603,1068.918,68,79
0005,三峡,31100603,240.728,0,82
0005,三峡,31100603,248.04,1,82
0005,三峡,31100603,507.193,36,82
0005,三峡,31100603,517.822,37,82
0005,三峡,31100603,528.913,38,82
0005,三峡,31100603,539.942,39,82
0005,三峡,31100603,551.512,40,82
0005,三峡,31100603,574.623,42,82
0005,三峡,31100603,586.716,43,82
0005,三峡,31100603,598.701,44,82
0005,三峡,31100603,610.615,45,82
0005,三峡,31100603,622.208,46,82
0005,三峡,31100603,633.603,47,82
0005,三峡,31100603,644.922,48,82
0005,三峡,31100603,656.692,49,82
0005,三峡,31100603,667.981,50,82
0005,三峡,31100603,678.97,51,82
0005,三峡,31100603,689.792,52,82
0005,三峡,31100603,701.487,53,82
0005,三峡,31100603,713.478,54,82
0005,三峡,31100603,725.645,55,82
0005,三峡,31100603,738.29,56,82
0005,三峡,31100603,751.578,57,82
0005,三峡,31100603,765.472,58,82
0005,三峡,31100603,779.775,59,82
0005,三峡,31100603,794.303,60,82
0005,三峡,31100603,809.511,61,82
0005,三峡,31100603,825.707,62,82
0005,三峡,31100603,841.942,63,82
0005,三峡,31100603,858.675,64,82
0005,三峡,31100603,876.255,65,82
0005,三峡,31100603,894.803,66,82
0005,三峡,31100603,915.627,67,82
0005,三峡,31100603,937.779,68,82
0005,三峡,31100603,961.067,69,82
0005,三峡,31100603,985.692,70,82
0005,三峡,31100603,1030.438,71,82
0005,三峡,31100603,1097.528,72,82
0005,三峡,31100603,239.06,0,85
0005,三峡,31100603,246,1,85
0005,三峡,31100603,491.859,36,85
0005,三峡,31100603,502.119,37,85
0005,三峡,31100603,512.439,38,85
0005,三峡,31100603,523.279,39,85
0005,三峡,31100603,534.008,40,85
0005,三峡,31100603,545.242,41,85
0005,三峡,31100603,567.681,43,85
0005,三峡,31100603,578.988,44,85
0005,三峡,31100603,590.229,45,85
0005,三峡,31100603,612.898,47,85
0005,三峡,31100603,624.495,48,85
0005,三峡,31100603,636.024,49,85
0005,三峡,31100603,647.511,50,85
0005,三峡,31100603,658.975,51,85
0005,三峡,31100603,669.241,52,85
0005,三峡,31100603,679.389,53,85
0005,三峡,31100603,689.848,54,85
0005,三峡,31100603,700.814,55,85
0005,三峡,31100603,712.203,56,85
0005,三峡,31100603,724.921,57,85
0005,三峡,31100603,789.522,62,85
0005,三峡,31100603,803.963,63,85
0005,三峡,31100603,818.519,64,85
0005,三峡,31100603,833.995,65,85
0005,三峡,31100603,849.543,66,85
0005,三峡,31100603,865.114,67,85
0005,三峡,31100603,882.02,68,85
0005,三峡,31100603,899.476,69,85
0005,三峡,31100603,918.846,70,85
0005,三峡,31100603,939.557,71,85
0005,三峡,31100603,961.719,72,85
0005,三峡,31100603,984.346,73,85
0005,三峡,31100603,1007.01,74,85
0005,三峡,31100603,1054.849,75,85
0005,三峡,31100603,237.434,0,88
0005,三峡,31100603,244.04,1,88
0005,三峡,31100603,477.94,36,88
0005,三峡,31100603,487.372,37,88
0005,三峡,31100603,497.132,38,88
0005,三峡,31100603,507.093,39,88
0005,三峡,31100603,517.325,40,88
0005,三峡,31100603,527.809,41,88
0005,三峡,31100603,538.767,42,88
0005,三峡,31100603,549.636,43,88
0005,三峡,31100603,560.572,44,88
0005,三峡,31100603,571.737,45,88
0005,三峡,31100603,582.979,46,88
0005,三峡,31100603,594.159,47,88
0005,三峡,31100603,605.399,48,88
0005,三峡,31100603,616.315,49,88
0005,三峡,31100603,626.881,50,88
0005,三峡,31100603,647.86,52,88
0005,三峡,31100603,658.432,53,88
0005,三峡,31100603,669.127,54,88
0005,三峡,31100603,679.876,55,88
0005,三峡,31100603,690.238,56,88
0005,三峡,31100603,700.207,57,88
0005,三峡,31100603,712.492,58,88
0005,三峡,31100603,798.569,65,88
0005,三峡,31100603,812.744,66,88
0005,三峡,31100603,841.712,68,88
0005,三峡,31100603,856.666,69,88
0005,三峡,31100603,871.633,70,88
0005,三峡,31100603,887.288,71,88
0005,三峡,31100603,904.695,72,88
0005,三峡,31100603,922.727,73,88
0005,三峡,31100603,942.073,74,88
0005,三峡,31100603,962.846,75,88
0005,三峡,31100603,984.055,76,88
0005,三峡,31100603,1005.492,77,88
0005,三峡,31100603,1026.401,78,88
0005,三峡,31100603,1081.541,79,88
0005,三峡,31100603,235.932,0,91
0005,三峡,31100603,242.236,1,91
0005,三峡,31100603,465.336,36,91
0005,三峡,31100603,474.304,37,91
0005,三峡,31100603,483.426,38,91
0005,三峡,31100603,492.766,39,91
0005,三峡,31100603,502.372,40,91
0005,三峡,31100603,512.077,41,91
0005,三峡,31100603,522.258,42,91
0005,三峡,31100603,532.637,43,91
0005,三峡,31100603,542.873,44,91
0005,三峡,31100603,553.843,45,91
0005,三峡,31100603,564.904,46,91
0005,三峡,31100603,575.935,47,91
0005,三峡,31100603,586.922,48,91
0005,三峡,31100603,597.86,49,91
0005,三峡,31100603,608.224,50,91
0005,三峡,31100603,629.006,52,91
0005,三峡,31100603,639.512,53,91
0005,三峡,31100603,660.453,55,91
0005,三峡,31100603,670.673,56,91
0005,三峡,31100603,680.708,57,91
0005,三峡,31100603,690.602,58,91
0005,三峡,31100603,700.882,59,91
0005,三峡,31100603,712.762,60,91
0005,三峡,31100603,820.936,69,91
0005,三峡,31100603,834.603,70,91
0005,三峡,31100603,848.85,71,91
0005,三峡,31100603,863.554,72,91
0005,三峡,31100603,878.07,73,91
0005,三峡,31100603,892.307,74,91
0005,三峡,31100603,909.51,75,91
0005,三峡,31100603,926.808,76,91
0005,三峡,31100603,945.682,77,91
0005,三峡,31100603,965.02,78,91
0005,三峡,31100603,984.645,79,91
0005,三峡,31100603,1004.618,80,91
0005,三峡,31100603,1024.57,81,91
0005,三峡,31100603,1044.772,82,91
0005,三峡,31100603,234.678,0,94
0005,三峡,31100603,240.711,1,94
0005,三峡,31100603,454.311,36,94
0005,三峡,31100603,462.638,37,94
0005,三峡,31100603,471.246,38,94
0005,三峡,31100603,480.031,39,94
0005,三峡,31100603,489.027,40,94
0005,三峡,31100603,498.345,41,94
0005,三峡,31100603,507.736,42,94
0005,三峡,31100603,517.526,43,94
0005,三峡,31100603,527.452,44,94
0005,三峡,31100603,537.304,45,94
0005,三峡,31100603,547.971,46,94
0005,三峡,31100603,569.194,48,94
0005,三峡,31100603,579.706,49,94
0005,三峡,31100603,590.133,50,94
0005,三峡,31100603,600.519,51,94
0005,三峡,31100603,610.974,52,94
0005,三峡,31100603,631.932,54,94
0005,三峡,31100603,642.356,55,94
0005,三峡,31100603,651.929,56,94
0005,三峡,31100603,661.314,57,94
0005,三峡,31100603,670.645,58,94
0005,三峡,31100603,680.617,59,94
0005,三峡,31100603,690.438,60,94
0005,三峡,31100603,701.514,61,94
0005,三峡,31100603,713.015,62,94
0005,三峡,31100603,828.405,72,94
0005,三峡,31100603,841.811,73,94
0005,三峡,31100603,856.007,74,94
0005,三峡,31100603,870.155,75,94
0005,三峡,31100603,884.259,76,94
0005,三峡,31100603,898.741,77,94
0005,三峡,31100603,913.593,78,94
0005,三峡,31100603,931.113,79,94
0005,三峡,31100603,949.068,80,94
0005,三峡,31100603,967.471,81,94
0005,三峡,31100603,986.07,82,94
0005,三峡,31100603,1004.583,83,94
0005,三峡,31100603,1023.117,84,94
0005,三峡,31100603,233.396,0,97
0005,三峡,31100603,239.196,1,97
0005,三峡,31100603,444.459,36,97
0005,三峡,31100603,452.618,37,97
0005,三峡,31100603,460.66,38,97
0005,三峡,31100603,468.904,39,97
0005,三峡,31100603,477.309,40,97
0005,三峡,31100603,485.963,41,97
0005,三峡,31100603,494.924,42,97
0005,三峡,31100603,504.013,43,97
0005,三峡,31100603,513.44,44,97
0005,三峡,31100603,523.089,45,97
0005,三峡,31100603,532.69,46,97
0005,三峡,31100603,542.761,47,97
0005,三峡,31100603,552.973,48,97
0005,三峡,31100603,563.127,49,97
0005,三峡,31100603,573.224,50,97
0005,三峡,31100603,583.341,51,97
0005,三峡,31100603,593.653,52,97
0005,三峡,31100603,603.944,53,97
0005,三峡,31100603,614.292,54,97
0005,三峡,31100603,624.62,55,97
0005,三峡,31100603,634.914,56,97
0005,三峡,31100603,645.046,57,97
0005,三峡,31100603,654.177,58,97
0005,三峡,31100603,663.202,59,97
0005,三峡,31100603,672.383,60,97
0005,三峡,31100603,681.76,61,97
0005,三峡,31100603,691.007,62,97
0005,三峡,31100603,702.107,63,97
0005,三峡,31100603,713.252,64,97
0005,三峡,31100603,802.009,72,97
0005,三峡,31100603,812.263,73,97
0005,三峡,31100603,823.805,74,97
0005,三峡,31100603,835.802,75,97
0005,三峡,31100603,849.016,76,97
0005,三峡,31100603,862.808,77,97
0005,三峡,31100603,876.456,78,97
0005,三峡,31100603,890.268,79,97
0005,三峡,31100603,904.443,80,97
0005,三峡,31100603,920.242,81,97
0005,三峡,31100603,935.449,82,97
0005,三峡,31100603,951.753,83,97
0005,三峡,31100603,969.853,84,97
0005,三峡,31100603,232.1,0,100
0005,三峡,31100603,237.673,1,100
0005,三峡,31100603,435.271,36,100
0005,三峡,31100603,443.299,37,100
0005,三峡,31100603,451.269,38,100
0005,三峡,31100603,459.179,39,100
0005,三峡,31100603,467.163,40,100
0005,三峡,31100603,475.266,41,100
0005,三峡,31100603,483.578,42,100
0005,三峡,31100603,492.095,43,100
0005,三峡,31100603,500.89,44,100
0005,三峡,31100603,509.864,45,100
0005,三峡,31100603,519.262,46,100
0005,三峡,31100603,528.604,47,100
0005,三峡,31100603,538.134,48,100
0005,三峡,31100603,548.019,49,100
0005,三峡,31100603,557.86,50,100
0005,三峡,31100603,567.659,51,100
0005,三峡,31100603,577.416,52,100
0005,三峡,31100603,587.463,53,100
0005,三峡,31100603,607.524,55,100
0005,三峡,31100603,617.485,56,100
0005,三峡,31100603,627.391,57,100
0005,三峡,31100603,637.242,58,100
0005,三峡,31100603,646.473,59,100
0005,三峡,31100603,655.654,60,100
0005,三峡,31100603,664.937,61,100
0005,三峡,31100603,674.307,62,100
0005,三峡,31100603,683.351,63,100
0005,三峡,31100603,692.162,64,100
0005,三峡,31100603,702.664,65,100
0005,三峡,31100603,713.475,66,100
0005,三峡,31100603,734.583,68,100
0005,三峡,31100603,744.575,69,100
0005,三峡,31100603,754.545,70,100
0005,三峡,31100603,764.493,71,100
0005,三峡,31100603,774.42,72,100
0005,三峡,31100603,784.325,73,100
0005,三峡,31100603,795.727,74,100
0005,三峡,31100603,807.495,75,100
0005,三峡,31100603,819.334,76,100
0005,三峡,31100603,831.196,77,100
0005,三峡,31100603,843.168,78,100
0005,三峡,31100603,856.173,79,100
0005,三峡,31100603,868.965,80,100
0005,三峡,31100603,882.402,81,100
0005,三峡,31100603,896.457,82,100
0005,三峡,31100603,910.707,83,100
0005,三峡,31100603,925.147,84,100
0005,三峡,31100603,230.642,0,103
0005,三峡,31100603,235.998,1,103
0005,三峡,31100603,426.144,36,103
0005,三峡,31100603,434.104,37,103
0005,三峡,31100603,442.008,38,103
0005,三峡,31100603,457.759,40,103
0005,三峡,31100603,473.537,42,103
0005,三峡,31100603,481.653,43,103
0005,三峡,31100603,489.837,44,103
0005,三峡,31100603,498.363,45,103
0005,三峡,31100603,506.821,46,103
0005,三峡,31100603,515.921,47,103
0005,三峡,31100603,525.004,48,103
0005,三峡,31100603,534.035,49,103
0005,三峡,31100603,543.579,50,103
0005,三峡,31100603,553.149,51,103
0005,三峡,31100603,562.68,52,103
0005,三峡,31100603,572.174,53,103
0005,三峡,31100603,581.698,54,103
0005,三峡,31100603,591.393,55,103
0005,三峡,31100603,601.041,56,103
0005,三峡,31100603,610.558,57,103
0005,三峡,31100603,629.478,59,103
0005,三峡,31100603,638.747,60,103
0005,三峡,31100603,657.317,62,103
0005,三峡,31100603,675.93,64,103
0005,三峡,31100603,684.898,65,103
0005,三峡,31100603,693.506,66,103
0005,三峡,31100603,702.576,67,103
0005,三峡,31100603,711.947,68,103
0005,三峡,31100603,721.289,69,103
0005,三峡,31100603,730.602,70,103
0005,三峡,31100603,739.886,71,103
0005,三峡,31100603,749.141,72,103
0005,三峡,31100603,758.851,73,103
0005,三峡,31100603,769.944,74,103
0005,三峡,31100603,781.471,75,103
0005,三峡,31100603,793.13,76,103
0005,三峡,31100603,804.836,77,103
0005,三峡,31100603,816.579,78,103
0005,三峡,31100603,828.358,79,103
0005,三峡,31100603,840.197,80,103
0005,三峡,31100603,851.897,81,103
0005,三峡,31100603,863.669,82,103
0005,三峡,31100603,875.499,83,103
0005,三峡,31100603,888.876,84,103
0005,三峡,31100603,229.248,0,106
0005,三峡,31100603,234.408,1,106
0005,三峡,31100603,417.475,36,106
0005,三峡,31100603,425.296,37,106
0005,三峡,31100603,432.984,38,106
0005,三峡,31100603,440.656,39,106
0005,三峡,31100603,448.49,40,106
0005,三峡,31100603,456.246,41,106
0005,三峡,31100603,463.966,42,106
0005,三峡,31100603,471.868,43,106
0005,三峡,31100603,479.864,44,106
0005,三峡,31100603,487.927,45,106
0005,三峡,31100603,496.161,46,106
0005,三峡,31100603,504.489,47,106
0005,三峡,31100603,513.032,48,106
0005,三峡,31100603,521.892,49,106
0005,三峡,31100603,530.704,50,106
0005,三峡,31100603,539.622,51,106
0005,三峡,31100603,548.933,52,106
0005,三峡,31100603,558.207,53,106
0005,三峡,31100603,567.436,54,106
0005,三峡,31100603,576.622,55,106
0005,三峡,31100603,585.867,56,106
0005,三峡,31100603,595.159,57,106
0005,三峡,31100603,604.371,58,106
0005,三峡,31100603,622.711,60,106
0005,三峡,31100603,631.823,61,106
0005,三峡,31100603,650.026,63,106
0005,三峡,31100603,659.067,64,106
0005,三峡,31100603,668.046,65,106
0005,三峡,31100603,676.971,66,106
0005,三峡,31100603,685.723,67,106
0005,三峡,31100603,703.376,69,106
0005,三峡,31100603,712.434,70,106
0005,三峡,31100603,721.442,71,106
0005,三峡,31100603,730.382,72,106
0005,三峡,31100603,740.083,73,106
0005,三峡,31100603,751.006,74,106
0005,三峡,31100603,761.952,75,106
0005,三峡,31100603,772.921,76,106
0005,三峡,31100603,783.913,77,106
0005,三峡,31100603,794.928,78,106
0005,三峡,31100603,805.667,79,106
0005,三峡,31100603,815.866,80,106
0005,三峡,31100603,847.681,83,106
0005,三峡,31100603,859.121,84,106
0005,三峡,31100603,227.98,0,109
0005,三峡,31100603,232.977,1,109
0005,三峡,31100603,410.223,36,109
0005,三峡,31100603,417.416,37,109
0005,三峡,31100603,424.887,38,109
0005,三峡,31100603,432.251,39,109
0005,三峡,31100603,439.626,40,109
0005,三峡,31100603,447.277,41,109
0005,三峡,31100603,454.829,42,109
0005,三峡,31100603,462.362,43,109
0005,三峡,31100603,470.178,44,109
0005,三峡,31100603,478.015,45,109
0005,三峡,31100603,486.027,46,109
0005,三峡,31100603,494.072,47,109
0005,三峡,31100603,502.341,48,109
0005,三峡,31100603,510.583,49,109
0005,三峡,31100603,519.127,50,109
0005,三峡,31100603,527.763,51,109
0005,三峡,31100603,536.378,52,109
0005,三峡,31100603,545.146,53,109
0005,三峡,31100603,554.162,54,109
0005,三峡,31100603,563.134,55,109
0005,三峡,31100603,572.062,56,109
0005,三峡,31100603,580.95,57,109
0005,三峡,31100603,589.903,58,109
0005,三峡,31100603,598.871,59,109
0005,三峡,31100603,607.806,60,109
0005,三峡,31100603,616.708,61,109
0005,三峡,31100603,625.582,62,109
0005,三峡,31100603,634.419,63,109
0005,三峡,31100603,643.212,64,109
0005,三峡,31100603,651.937,65,109
0005,三峡,31100603,660.628,66,109
0005,三峡,31100603,669.238,67,109
0005,三峡,31100603,686.526,69,109
0005,三峡,31100603,695.165,70,109
0005,三峡,31100603,712.564,72,109
0005,三峡,31100603,722.832,73,109
0005,三峡,31100603,733.503,74,109
0005,三峡,31100603,743.822,75,109
0005,三峡,31100603,753.74,76,109
0005,三峡,31100603,226.713,0,112
0005,三峡,31100603,231.587,1,112
0005,三峡,31100603,404.133,36,112
0005,三峡,31100603,411.171,37,112
0005,三峡,31100603,418.069,38,112
0005,三峡,31100603,425.177,39,112
0005,三峡,31100603,439.305,41,112
0005,三峡,31100603,446.736,42,112
0005,三峡,31100603,454.08,43,112
0005,三峡,31100603,461.306,44,112
0005,三峡,31100603,468.884,45,112
0005,三峡,31100603,484.372,47,112
0005,三峡,31100603,492.213,48,112
0005,三峡,31100603,500.304,49,112
0005,三峡,31100603,508.462,50,112
0005,三峡,31100603,516.577,51,112
0005,三峡,31100603,525.053,52,112
0005,三峡,31100603,533.493,53,112
0005,三峡,31100603,541.91,54,112
0005,三峡,31100603,550.461,55,112
0005,三峡,31100603,559.181,56,112
0005,三峡,31100603,567.862,57,112
0005,三峡,31100603,576.501,58,112
0005,三峡,31100603,585.1,59,112
0005,三峡,31100603,593.788,60,112
0005,三峡,31100603,602.49,61,112
0005,三峡,31100603,611.165,62,112
0005,三峡,31100603,628.471,64,112
0005,三峡,31100603,637.069,65,112
0005,三峡,31100603,645.552,66,112
0005,三峡,31100603,654.016,67,112
0005,三峡,31100603,662.452,68,112
0005,三峡,31100603,679.309,70,112
0005,三峡,31100603,687.689,71,112
0005,三峡,31100603,696.03,72,112
0005,三峡,31100603,704.595,73,112
0005,三峡,31100603,714.247,74,112
0005,三峡,31100603,226.29,0,113
0005,三峡,31100603,231.134,1,113
0005,三峡,31100603,402.48,36,113
0005,三峡,31100603,409.355,37,113
0005,三峡,31100603,416.246,38,113
0005,三峡,31100603,423.124,39,113
0005,三峡,31100603,430.22,40,113
0005,三峡,31100603,437.214,41,113
0005,三峡,31100603,444.383,42,113
0005,三峡,31100603,451.673,43,113
0005,三峡,31100603,458.884,44,113
0005,三峡,31100603,466.182,45,113
0005,三峡,31100603,473.727,46,113
0005,三峡,31100603,481.397,47,113
0005,三峡,31100603,489.214,48,113
0005,三峡,31100603,505.157,50,113
0005,三峡,31100603,513.224,51,113
0005,三峡,31100603,521.399,52,113
0005,三峡,31100603,529.798,53,113
0005,三峡,31100603,538.151,54,113
0005,三峡,31100603,546.451,55,113
0005,三峡,31100603,555.038,56,113
0005,三峡,31100603,563.65,57,113
0005,三峡,31100603,572.221,58,113
0005,三峡,31100603,580.75,59,113
0005,三峡,31100603,589.264,60,113
0005,三峡,31100603,597.895,61,113
0005,三峡,31100603,615.117,63,113
0005,三峡,31100603,623.689,64,113
0005,三峡,31100603,640.743,66,113
0005,三峡,31100603,649.156,67,113
0005,三峡,31100603,657.532,68,113
0005,三峡,31100603,665.934,69,113
0005,三峡,31100603,674.282,70,113
0005,三峡,31100603,682.663,71,113
0005,三峡,31100603,690.928,72,113
0005,三峡,31100603,699.167,73,113
0005,三峡,31100603,707.926,74,113
0005,三峡,31100603,717.492,75,113
0006,葛洲坝,11102001,17,0,5
0006,葛洲坝,11102001,28,0.1,5
0006,葛洲坝,11102001,43,0.2,5
0006,葛洲坝,11102001,62,0.3,5
0006,葛洲坝,11102001,84,0.4,5
0006,葛洲坝,11102001,111,0.5,5
0006,葛洲坝,11102001,144,0.6,5
0006,葛洲坝,11102001,180,0.7,5
0006,葛洲坝,11102001,217,0.8,5
0006,葛洲坝,11102001,293,1,5
0006,葛洲坝,11102001,16,0,6
0006,葛洲坝,11102001,26,0.1,6
0006,葛洲坝,11102001,39,0.2,6
0006,葛洲坝,11102001,56,0.3,6
0006,葛洲坝,11102001,76,0.4,6
0006,葛洲坝,11102001,99,0.5,6
0006,葛洲坝,11102001,130,0.6,6
0006,葛洲坝,11102001,157,0.7,6
0006,葛洲坝,11102001,187,0.8,6
0006,葛洲坝,11102001,215,0.9,6
0006,葛洲坝,11102001,244,1,6
0006,葛洲坝,11102001,16,0,7
0006,葛洲坝,11102001,24,0.1,7
0006,葛洲坝,11102001,36,0.2,7
0006,葛洲坝,11102001,51,0.3,7
0006,葛洲坝,11102001,69,0.4,7
0006,葛洲坝,11102001,88,0.5,7
0006,葛洲坝,11102001,113,0.6,7
0006,葛洲坝,11102001,139,0.7,7
0006,葛洲坝,11102001,192,0.9,7
0006,葛洲坝,11102001,220,1,7
0006,葛洲坝,11102001,303,1.3,7
0006,葛洲坝,11102001,15,0,8
0006,葛洲坝,11102001,23,0.1,8
0006,葛洲坝,11102001,33,0.2,8
0006,葛洲坝,11102001,47,0.3,8
0006,葛洲坝,11102001,62,0.4,8
0006,葛洲坝,11102001,78,0.5,8
0006,葛洲坝,11102001,99,0.6,8
0006,葛洲坝,11102001,125,0.7,8
0006,葛洲坝,11102001,148,0.8,8
0006,葛洲坝,11102001,170,0.9,8
0006,葛洲坝,11102001,194,1,8
0006,葛洲坝,11102001,219,1.1,8
0006,葛洲坝,11102001,243,1.2,8
0006,葛洲坝,11102001,268,1.3,8
0006,葛洲坝,11102001,15,0,9
0006,葛洲坝,11102001,21,0.1,9
0006,葛洲坝,11102001,31,0.2,9
0006,葛洲坝,11102001,43,0.3,9
0006,葛洲坝,11102001,56,0.4,9
0006,葛洲坝,11102001,70,0.5,9
0006,葛洲坝,11102001,87,0.6,9
0006,葛洲坝,11102001,106,0.7,9
0006,葛洲坝,11102001,124,0.8,9
0006,葛洲坝,11102001,144,0.9,9
0006,葛洲坝,11102001,163,1,9
0006,葛洲坝,11102001,184,1.1,9
0006,葛洲坝,11102001,290,1.6,9
0006,葛洲坝,11102001,14,0,10
0006,葛洲坝,11102001,19,0.1,10
0006,葛洲坝,11102001,27,0.2,10
0006,葛洲坝,11102001,37,0.3,10
0006,葛洲坝,11102001,49,0.4,10
0006,葛洲坝,11102001,74,0.6,10
0006,葛洲坝,11102001,88,0.7,10
0006,葛洲坝,11102001,105,0.8,10
0006,葛洲坝,11102001,140,1,10
0006,葛洲坝,11102001,175,1.2,10
0006,葛洲坝,11102001,193,1.3,10
0006,葛洲坝,11102001,230,1.5,10
0006,葛洲坝,11102001,267,1.7,10
0006,葛洲坝,11102001,286,1.8,10
0006,葛洲坝,11102001,13,0,11
0006,葛洲坝,11102001,18,0.1,11
0006,葛洲坝,11102001,25,0.2,11
0006,葛洲坝,11102001,34,0.3,11
0006,葛洲坝,11102001,44,0.4,11
0006,葛洲坝,11102001,55,0.5,11
0006,葛洲坝,11102001,65,0.6,11
0006,葛洲坝,11102001,77,0.7,11
0006,葛洲坝,11102001,103,0.9,11
0006,葛洲坝,11102001,119,1,11
0006,葛洲坝,11102001,134,1.1,11
0006,葛洲坝,11102001,151,1.2,11
0006,葛洲坝,11102001,220,1.6,11
0006,葛洲坝,11102001,255,1.8,11
0006,葛洲坝,11102001,273,1.9,11
0006,葛洲坝,11102001,292,2,11
0006,葛洲坝,11102001,13,0,12
0006,葛洲坝,11102001,17,0.1,12
0006,葛洲坝,11102001,23,0.2,12
0006,葛洲坝,11102001,31,0.3,12
0006,葛洲坝,11102001,41,0.4,12
0006,葛洲坝,11102001,50,0.5,12
0006,葛洲坝,11102001,79,0.8,12
0006,葛洲坝,11102001,102,1,12
0006,葛洲坝,11102001,115,1.1,12
0006,葛洲坝,11102001,129,1.2,12
0006,葛洲坝,11102001,144,1.3,12
0006,葛洲坝,11102001,175,1.5,12
0006,葛洲坝,11102001,190,1.6,12
0006,葛洲坝,11102001,206,1.7,12
0006,葛洲坝,11102001,255,2,12
0006,葛洲坝,11102001,271,2.1,12
0006,葛洲坝,11102001,12,0,13
0006,葛洲坝,11102001,16,0.1,13
0006,葛洲坝,11102001,22,0.2,13
0006,葛洲坝,11102001,30,0.3,13
0006,葛洲坝,11102001,63,0.7,13
0006,葛洲坝,11102001,71,0.8,13
0006,葛洲坝,11102001,81,0.9,13
0006,葛洲坝,11102001,102,1.1,13
0006,葛洲坝,11102001,125,1.3,13
0006,葛洲坝,11102001,138,1.4,13
0006,葛洲坝,11102001,150,1.5,13
0006,葛洲坝,11102001,163,1.6,13
0006,葛洲坝,11102001,177,1.7,13
0006,葛洲坝,11102001,190,1.8,13
0006,葛洲坝,11102001,218,2,13
0006,葛洲坝,11102001,232,2.1,13
0006,葛洲坝,11102001,273,2.4,13
0006,葛洲坝,11102001,288,2.5,13
0006,葛洲坝,11102001,12,0,14
0006,葛洲坝,11102001,15,0.1,14
0006,葛洲坝,11102001,21,0.2,14
0006,葛洲坝,11102001,35,0.4,14
0006,葛洲坝,11102001,42,0.5,14
0006,葛洲坝,11102001,50,0.6,14
0006,葛洲坝,11102001,83,1,14
0006,葛洲坝,11102001,112,1.3,14
0006,葛洲坝,11102001,122,1.4,14
0006,葛洲坝,11102001,143,1.6,14
0006,葛洲坝,11102001,155,1.7,14
0006,葛洲坝,11102001,180,1.9,14
0006,葛洲坝,11102001,192,2,14
0006,葛洲坝,11102001,217,2.2,14
0006,葛洲坝,11102001,229,2.3,14
0006,葛洲坝,11102001,242,2.4,14
0006,葛洲坝,11102001,280,2.7,14
0006,葛洲坝,11102001,295,2.8,14
0006,葛洲坝,11102001,11,0,15
0006,葛洲坝,11102001,14,0.1,15
0006,葛洲坝,11102001,19,0.2,15
0006,葛洲坝,11102001,25,0.3,15
0006,葛洲坝,11102001,32,0.4,15
0006,葛洲坝,11102001,47,0.6,15
0006,葛洲坝,11102001,54,0.7,15
0006,葛洲坝,11102001,76,1,15
0006,葛洲坝,11102001,93,1.2,15
0006,葛洲坝,11102001,130,1.6,15
0006,葛洲坝,11102001,141,1.7,15
0006,葛洲坝,11102001,175,2,15
0006,葛洲坝,11102001,198,2.2,15
0006,葛洲坝,11102001,210,2.3,15
0006,葛洲坝,11102001,233,2.5,15
0006,葛洲坝,11102001,246,2.6,15
0006,葛洲坝,11102001,258,2.7,15
0006,葛洲坝,11102001,283,2.9,15
0006,葛洲坝,11102001,294,3,15
0006,葛洲坝,11102001,11,0,16
0006,葛洲坝,11102001,14,0.1,16
0006,葛洲坝,11102001,18,0.2,16
0006,葛洲坝,11102001,24,0.3,16
0006,葛洲坝,11102001,37,0.5,16
0006,葛洲坝,11102001,57,0.8,16
0006,葛洲坝,11102001,64,0.9,16
0006,葛洲坝,11102001,93,1.3,16
0006,葛洲坝,11102001,110,1.5,16
0006,葛洲坝,11102001,118,1.6,16
0006,葛洲坝,11102001,128,1.7,16
0006,葛洲坝,11102001,169,2.1,16
0006,葛洲坝,11102001,179,2.2,16
0006,葛洲坝,11102001,190,2.3,16
0006,葛洲坝,11102001,200,2.4,16
0006,葛洲坝,11102001,211,2.5,16
0006,葛洲坝,11102001,11,0,17
0006,葛洲坝,11102001,13,0.1,17
0006,葛洲坝,11102001,18,0.2,17
0006,葛洲坝,11102001,29,0.4,17
0006,葛洲坝,11102001,48,0.7,17
0006,葛洲坝,11102001,54,0.8,17
0006,葛洲坝,11102001,73,1.1,17
0006,葛洲坝,11102001,109,1.6,17
0006,葛洲坝,11102001,135,1.9,17
0006,葛洲坝,11102001,154,2.1,17
0006,葛洲坝,11102001,164,2.2,17
0006,葛洲坝,11102001,173,2.3,17
0006,葛洲坝,11102001,183,2.4,17
0006,葛洲坝,11102001,10,0,18
0006,葛洲坝,11102001,13,0.1,18
0006,葛洲坝,11102001,17,0.2,18
0006,葛洲坝,11102001,22,0.3,18
0006,葛洲坝,11102001,33,0.5,18
0006,葛洲坝,11102001,62,1,18
0006,葛洲坝,11102001,68,1.1,18
0006,葛洲坝,11102001,75,1.2,18
0006,葛洲坝,11102001,81,1.3,18
0006,葛洲坝,11102001,95,1.5,18
0006,葛洲坝,11102001,101,1.6,18
0006,葛洲坝,11102001,108,1.7,18
0006,葛洲坝,11102001,116,1.8,18
0006,葛洲坝,11102001,133,2,18
0006,葛洲坝,11102001,141,2.1,18
0006,葛洲坝,11102001,148,2.2,18
0006,葛洲坝,11102001,156,2.3,18
0006,葛洲坝,11102001,165,2.4,18
0006,葛洲坝,11102001,173,2.5,18
0006,葛洲坝,11102001,182,2.6,18
0006,葛洲坝,11102001,190,2.7,18
0006,葛洲坝,11102001,207,2.9,18
0006,葛洲坝,11102001,215,3,18
0006,葛洲坝,11102001,10,0,19
0006,葛洲坝,11102001,12,0.1,19
0006,葛洲坝,11102001,17,0.2,19
0006,葛洲坝,11102001,21,0.3,19
0006,葛洲坝,11102001,26,0.4,19
0006,葛洲坝,11102001,37,0.6,19
0006,葛洲坝,11102001,42,0.7,19
0006,葛洲坝,11102001,48,0.8,19
0006,葛洲坝,11102001,59,1,19
0006,葛洲坝,11102001,70,1.2,19
0006,葛洲坝,11102001,89,1.5,19
0006,葛洲坝,11102001,95,1.6,19
0006,葛洲坝,11102001,108,1.8,19
0006,葛洲坝,11102001,137,2.2,19
0006,葛洲坝,11102001,144,2.3,19
0006,葛洲坝,11102001,152,2.4,19
0006,葛洲坝,11102001,10,0,20
0006,葛洲坝,11102001,12,0.1,20
0006,葛洲坝,11102001,16,0.2,20
0006,葛洲坝,11102001,29,0.5,20
0006,葛洲坝,11102001,40,0.7,20
0006,葛洲坝,11102001,51,0.9,20
0006,葛洲坝,11102001,67,1.2,20
0006,葛洲坝,11102001,72,1.3,20
0006,葛洲坝,11102001,78,1.4,20
0006,葛洲坝,11102001,115,2,20
0006,葛洲坝,11102001,121,2.1,20
0006,葛洲坝,11102001,128,2.2,20
0006,葛洲坝,11102001,10,0,21
0006,葛洲坝,11102001,12,0.1,21
0006,葛洲坝,11102001,16,0.2,21
0006,葛洲坝,11102001,23,0.4,21
0006,葛洲坝,11102001,28,0.5,21
0006,葛洲坝,11102001,59,1.1,21
0006,葛洲坝,11102001,64,1.2,21
0006,葛洲坝,11102001,80,1.5,21
0006,葛洲坝,11102001,85,1.6,21
0006,葛洲坝,11102001,91,1.7,21
0006,葛洲坝,11102001,96,1.8,21
0006,葛洲坝,11102001,102,1.9,21
0006,葛洲坝,11102001,133,2.4,21
0006,葛洲坝,11102001,153,2.7,21
0006,葛洲坝,11102001,160,2.8,21
0006,葛洲坝,11102001,173,3,21
0006,葛洲坝,11102001,10,0,22
0006,葛洲坝,11102001,12,0.1,22
0006,葛洲坝,11102001,15,0.2,22
0006,葛洲坝,11102001,19,0.3,22
0006,葛洲坝,11102001,32,0.6,22
0006,葛洲坝,11102001,36,0.7,22
0006,葛洲坝,11102001,41,0.8,22
0006,葛洲坝,11102001,97,1.9,22
0006,葛洲坝,11102001,102,2,22
0006,葛洲坝,11102001,108,2.1,22
0006,葛洲坝,11102001,9,0,23
0006,葛洲坝,11102001,11,0.1,23
0006,葛洲坝,11102001,15,0.2,23
0006,葛洲坝,11102001,22,0.4,23
0006,葛洲坝,11102001,26,0.5,23
0006,葛洲坝,11102001,31,0.6,23
0006,葛洲坝,11102001,35,0.7,23
0006,葛洲坝,11102001,40,0.8,23
0006,葛洲坝,11102001,44,0.9,23
0006,葛洲坝,11102001,49,1,23
0006,葛洲坝,11102001,58,1.2,23
0006,葛洲坝,11102001,63,1.3,23
0006,葛洲坝,11102001,72,1.5,23
0006,葛洲坝,11102001,77,1.6,23
0006,葛洲坝,11102001,103,2.1,23
0006,葛洲坝,11102001,108,2.2,23
0006,葛洲坝,11102001,9,0,24
0006,葛洲坝,11102001,11,0.1,24
0006,葛洲坝,11102001,14,0.2,24
0006,葛洲坝,11102001,18,0.3,24
0006,葛洲坝,11102001,43,0.9,24
0006,葛洲坝,11102001,47,1,24
0006,葛洲坝,11102001,56,1.2,24
0006,葛洲坝,11102001,60,1.3,24
0006,葛洲坝,11102001,65,1.4,24
0006,葛洲坝,11102001,69,1.5,24
0006,葛洲坝,11102001,74,1.6,24
0006,葛洲坝,11102001,83,1.8,24
0006,葛洲坝,11102001,88,1.9,24
0006,葛洲坝,11102001,9,0,25
0006,葛洲坝,11102001,11,0.1,25
0006,葛洲坝,11102001,14,0.2,25
0006,葛洲坝,11102001,18,0.3,25
0006,葛洲坝,11102001,21,0.4,25
0006,葛洲坝,11102001,25,0.5,25
0006,葛洲坝,11102001,54,1.2,25
0006,葛洲坝,11102001,58,1.3,25
0006,葛洲坝,11102001,71,1.6,25
0006,葛洲坝,11102001,80,1.8,25
0006,葛洲坝,11102001,85,1.9,25
0006,葛洲坝,11102001,89,2,25
0006,葛洲坝,11102001,94,2.1,25
0006,葛洲坝,11102001,113,2.5,25
0006,葛洲坝,11102001,119,2.6,25
0006,葛洲坝,11102001,124,2.7,25
0006,葛洲坝,11102001,130,2.8,25
0006,葛洲坝,11102001,135,2.9,25
0006,葛洲坝,11102001,9,0,26
0006,葛洲坝,11102001,11,0.1,26
0006,葛洲坝,11102001,17,0.3,26
0006,葛洲坝,11102001,20,0.4,26
0006,葛洲坝,11102001,24,0.5,26
0006,葛洲坝,11102001,73,1.7,26
0006,葛洲坝,11102001,77,1.8,26
0006,葛洲坝,11102001,86,2,26
0006,葛洲坝,11102001,90,2.1,26
0006,葛洲坝,11102001,95,2.2,26
0006,葛洲坝,11102001,99,2.3,26
0006,葛洲坝,11102001,104,2.4,26
0006,葛洲坝,11102001,113,2.6,26
0006,葛洲坝,11102001,118,2.7,26
0006,葛洲坝,11102001,9,0,27
0006,葛洲坝,11102001,10,0.1,27
0006,葛洲坝,11102001,12,0.2,27
0006,葛洲坝,11102001,15,0.3,27
0006,葛洲坝,11102001,22,0.5,27
0006,葛洲坝,11102001,83,2,27
0006,葛洲坝,11102001,87,2.1,27
0006,葛洲坝,11102001,9,0,28
0006,葛洲坝,11102001,10,0.1,28
0006,葛洲坝,11102001,14,0.3,28
0006,葛洲坝,11102001,21,0.5,28
0006,葛洲坝,11102001,44,1.1,28
0006,葛洲坝,11102001,48,1.2,28
0006,葛洲坝,11102001,71,1.8,28
0006,葛洲坝,11102001,75,1.9,28
0006,葛洲坝,11102001,80,2,28
0006,葛洲坝,11102001,84,2.1,28
0006,葛洲坝,11102001,91,2.3,28
0006,葛洲坝,11102001,98,2.5,28
0006,葛洲坝,11102001,105,2.7,28
0006,葛洲坝,11102001,109,2.8,28
0006,葛洲坝,11102001,112,2.9,28
0006,葛洲坝,11114601,158,0,5.8
0006,葛洲坝,11114601,173,0.1,5.8
0006,葛洲坝,11114601,204,0.3,5.8
0006,葛洲坝,11114601,253,0.6,5.8
0006,葛洲坝,11114601,272,0.7,5.8
0006,葛洲坝,11114601,330,1,5.8
0006,葛洲坝,11114601,375,1.2,5.8
0006,葛洲坝,11114601,477,1.6,5.8
0006,葛洲坝,11114601,506,1.7,5.8
0006,葛洲坝,11114601,533,1.8,5.8
0006,葛洲坝,11114601,563,1.9,5.8
0006,葛洲坝,11114601,624,2.1,5.8
0006,葛洲坝,11114601,718,2.4,5.8
0006,葛洲坝,11114601,749,2.5,5.8
0006,葛洲坝,11114601,150,0,6
0006,葛洲坝,11114601,162,0.1,6
0006,葛洲坝,11114601,175,0.2,6
0006,葛洲坝,11114601,191,0.3,6
0006,葛洲坝,11114601,222,0.5,6
0006,葛洲坝,11114601,238,0.6,6
0006,葛洲坝,11114601,255,0.7,6
0006,葛洲坝,11114601,274,0.8,6
0006,葛洲坝,11114601,311,1,6
0006,葛洲坝,11114601,335,1.1,6
0006,葛洲坝,11114601,358,1.2,6
0006,葛洲坝,11114601,382,1.3,6
0006,葛洲坝,11114601,477,1.7,6
0006,葛洲坝,11114601,501,1.8,6
0006,葛洲坝,11114601,529,1.9,6
0006,葛洲坝,11114601,586,2.1,6
0006,葛洲坝,11114601,616,2.2,6
0006,葛洲坝,11114601,645,2.3,6
0006,葛洲坝,11114601,704,2.5,6
0006,葛洲坝,11114601,733,2.6,6
0006,葛洲坝,11114601,763,2.7,6
0006,葛洲坝,11114601,974,3.4,6
0006,葛洲坝,11114601,1035,3.6,6
0006,葛洲坝,11114601,1070,3.7,6
0006,葛洲坝,11114601,135,0,7
0006,葛洲坝,11114601,145,0.1,7
0006,葛洲坝,11114601,168,0.3,7
0006,葛洲坝,11114601,180,0.4,7
0006,葛洲坝,11114601,205,0.6,7
0006,葛洲坝,11114601,217,0.7,7
0006,葛洲坝,11114601,230,0.8,7
0006,葛洲坝,11114601,244,0.9,7
0006,葛洲坝,11114601,255,1,7
0006,葛洲坝,11114601,272,1.1,7
0006,葛洲坝,11114601,288,1.2,7
0006,葛洲坝,11114601,302,1.3,7
0006,葛洲坝,11114601,318,1.4,7
0006,葛洲坝,11114601,335,1.5,7
0006,葛洲坝,11114601,351,1.6,7
0006,葛洲坝,11114601,370,1.7,7
0006,葛洲坝,11114601,407,1.9,7
0006,葛洲坝,11114601,446,2.1,7
0006,葛洲坝,11114601,468,2.2,7
0006,葛洲坝,11114601,579,2.7,7
0006,葛洲坝,11114601,601,2.8,7
0006,葛洲坝,11114601,624,2.9,7
0006,葛洲坝,11114601,646,3,7
0006,葛洲坝,11114601,713,3.3,7
0006,葛洲坝,11114601,735,3.4,7
0006,葛洲坝,11114601,762,3.5,7
0006,葛洲坝,11114601,791,3.6,7
0006,葛洲坝,11114601,819,3.7,7
0006,葛洲坝,11114601,848,3.8,7
0006,葛洲坝,11114601,907,4,7
0006,葛洲坝,11114601,968,4.2,7
0006,葛洲坝,11114601,1000,4.3,7
0006,葛洲坝,11114601,1036,4.4,7
0006,葛洲坝,11114601,1076,4.5,7
0006,葛洲坝,11114601,1118,4.6,7
0006,葛洲坝,11114601,1161,4.7,7
0006,葛洲坝,11114601,1194,4.8,7
0006,葛洲坝,11114601,1219,4.9,7
0006,葛洲坝,11114601,1243,5,7
0006,葛洲坝,11114601,122,0,8
0006,葛洲坝,11114601,130,0.1,8
0006,葛洲坝,11114601,147,0.3,8
0006,葛洲坝,11114601,157,0.4,8
0006,葛洲坝,11114601,176,0.6,8
0006,葛洲坝,11114601,186,0.7,8
0006,葛洲坝,11114601,197,0.8,8
0006,葛洲坝,11114601,242,1.2,8
0006,葛洲坝,11114601,305,1.7,8
0006,葛洲坝,11114601,318,1.8,8
0006,葛洲坝,11114601,333,1.9,8
0006,葛洲坝,11114601,410,2.4,8
0006,葛洲坝,11114601,426,2.5,8
0006,葛洲坝,11114601,491,2.9,8
0006,葛洲坝,11114601,509,3,8
0006,葛洲坝,11114601,601,3.5,8
0006,葛洲坝,11114601,622,3.6,8
0006,葛洲坝,11114601,644,3.7,8
0006,葛洲坝,11114601,665,3.8,8
0006,葛洲坝,11114601,687,3.9,8
0006,葛洲坝,11114601,710,4,8
0006,葛洲坝,11114601,734,4.1,8
0006,葛洲坝,11114601,757,4.2,8
0006,葛洲坝,11114601,782,4.3,8
0006,葛洲坝,11114601,810,4.4,8
0006,葛洲坝,11114601,867,4.6,8
0006,葛洲坝,11114601,897,4.7,8
0006,葛洲坝,11114601,928,4.8,8
0006,葛洲坝,11114601,960,4.9,8
0006,葛洲坝,11114601,993,5,8
0006,葛洲坝,11114601,1027,5.1,8
0006,葛洲坝,11114601,1063,5.2,8
0006,葛洲坝,11114601,1103,5.3,8
0006,葛洲坝,11114601,1144,5.4,8
0006,葛洲坝,11114601,1186,5.5,8
0006,葛洲坝,11114601,1219,5.6,8
0006,葛洲坝,11114601,1240,5.7,8
0006,葛洲坝,11114601,1262,5.8,8
0006,葛洲坝,11114601,1327,6.1,8
0006,葛洲坝,11114601,1349,6.2,8
0006,葛洲坝,11114601,110,0,9
0006,葛洲坝,11114601,117,0.1,9
0006,葛洲坝,11114601,132,0.3,9
0006,葛洲坝,11114601,158,0.6,9
0006,葛洲坝,11114601,167,0.7,9
0006,葛洲坝,11114601,186,0.9,9
0006,葛洲坝,11114601,217,1.2,9
0006,葛洲坝,11114601,227,1.3,9
0006,葛洲坝,11114601,238,1.4,9
0006,葛洲坝,11114601,248,1.5,9
0006,葛洲坝,11114601,257,1.6,9
0006,葛洲坝,11114601,269,1.7,9
0006,葛洲坝,11114601,280,1.8,9
0006,葛洲坝,11114601,290,1.9,9
0006,葛洲坝,11114601,302,2,9
0006,葛洲坝,11114601,312,2.1,9
0006,葛洲坝,11114601,325,2.2,9
0006,葛洲坝,11114601,337,2.3,9
0006,葛洲坝,11114601,362,2.5,9
0006,葛洲坝,11114601,376,2.6,9
0006,葛洲坝,11114601,389,2.7,9
0006,葛洲坝,11114601,429,3,9
0006,葛洲坝,11114601,512,3.6,9
0006,葛洲坝,11114601,539,3.8,9
0006,葛洲坝,11114601,552,3.9,9
0006,葛洲坝,11114601,566,4,9
0006,葛洲坝,11114601,595,4.2,9
0006,葛洲坝,11114601,612,4.3,9
0006,葛洲坝,11114601,648,4.5,9
0006,葛洲坝,11114601,674,4.6,9
0006,葛洲坝,11114601,702,4.7,9
0006,葛洲坝,11114601,732,4.8,9
0006,葛洲坝,11114601,755,4.9,9
0006,葛洲坝,11114601,802,5.1,9
0006,葛洲坝,11114601,825,5.2,9
0006,葛洲坝,11114601,850,5.3,9
0006,葛洲坝,11114601,876,5.4,9
0006,葛洲坝,11114601,908,5.5,9
0006,葛洲坝,11114601,973,5.7,9
0006,葛洲坝,11114601,1007,5.8,9
0006,葛洲坝,11114601,1039,5.9,9
0006,葛洲坝,11114601,1069,6,9
0006,葛洲坝,11114601,1100,6.1,9
0006,葛洲坝,11114601,1132,6.2,9
0006,葛洲坝,11114601,1166,6.3,9
0006,葛洲坝,11114601,1236,6.5,9
0006,葛洲坝,11114601,1296,6.7,9
0006,葛洲坝,11114601,1315,6.8,9
0006,葛洲坝,11114601,1335,6.9,9
0006,葛洲坝,11114601,1354,7,9
0006,葛洲坝,11114601,1393,7.2,9
0006,葛洲坝,11114601,1412,7.3,9
0006,葛洲坝,11114601,1451,7.5,9
0006,葛洲坝,11114601,99,0,10
0006,葛洲坝,11114601,104,0.1,10
0006,葛洲坝,11114601,110,0.2,10
0006,葛洲坝,11114601,117,0.3,10
0006,葛洲坝,11114601,123,0.4,10
0006,葛洲坝,11114601,131,0.5,10
0006,葛洲坝,11114601,164,0.9,10
0006,葛洲坝,11114601,172,1,10
0006,葛洲坝,11114601,181,1.1,10
0006,葛洲坝,11114601,191,1.2,10
0006,葛洲坝,11114601,200,1.3,10
0006,葛洲坝,11114601,228,1.6,10
0006,葛洲坝,11114601,237,1.7,10
0006,葛洲坝,11114601,247,1.8,10
0006,葛洲坝,11114601,256,1.9,10
0006,葛洲坝,11114601,266,2,10
0006,葛洲坝,11114601,277,2.1,10
0006,葛洲坝,11114601,309,2.4,10
0006,葛洲坝,11114601,320,2.5,10
0006,葛洲坝,11114601,409,3.3,10
0006,葛洲坝,11114601,470,3.8,10
0006,葛洲坝,11114601,482,3.9,10
0006,葛洲坝,11114601,517,4.2,10
0006,葛洲坝,11114601,529,4.3,10
0006,葛洲坝,11114601,552,4.5,10
0006,葛洲坝,11114601,564,4.6,10
0006,葛洲坝,11114601,575,4.7,10
0006,葛洲坝,11114601,598,4.9,10
0006,葛洲坝,11114601,609,5,10
0006,葛洲坝,11114601,624,5.1,10
0006,葛洲坝,11114601,637,5.2,10
0006,葛洲坝,11114601,652,5.3,10
0006,葛洲坝,11114601,669,5.4,10
0006,葛洲坝,11114601,704,5.6,10
0006,葛洲坝,11114601,723,5.7,10
0006,葛洲坝,11114601,744,5.8,10
0006,葛洲坝,11114601,771,5.9,10
0006,葛洲坝,11114601,800,6,10
0006,葛洲坝,11114601,826,6.1,10
0006,葛洲坝,11114601,853,6.2,10
0006,葛洲坝,11114601,876,6.3,10
0006,葛洲坝,11114601,902,6.4,10
0006,葛洲坝,11114601,955,6.6,10
0006,葛洲坝,11114601,984,6.7,10
0006,葛洲坝,11114601,1012,6.8,10
0006,葛洲坝,11114601,1042,6.9,10
0006,葛洲坝,11114601,1073,7,10
0006,葛洲坝,11114601,1101,7.1,10
0006,葛洲坝,11114601,1130,7.2,10
0006,葛洲坝,11114601,1189,7.4,10
0006,葛洲坝,11114601,1220,7.5,10
0006,葛洲坝,11114601,1252,7.6,10
0006,葛洲坝,11114601,1285,7.7,10
0006,葛洲坝,11114601,1319,7.8,10
0006,葛洲坝,11114601,1354,7.9,10
0006,葛洲坝,11114601,1410,8.1,10
0006,葛洲坝,11114601,1427,8.2,10
0006,葛洲坝,11114601,1445,8.3,10
0006,葛洲坝,11114601,1462,8.4,10
0006,葛洲坝,11114601,1480,8.5,10
0006,葛洲坝,11114601,1497,8.6,10
0006,葛洲坝,11114601,1532,8.8,10
0006,葛洲坝,11114601,94,0,11
0006,葛洲坝,11114601,99,0.1,11
0006,葛洲坝,11114601,110,0.3,11
0006,葛洲坝,11114601,123,0.5,11
0006,葛洲坝,11114601,138,0.7,11
0006,葛洲坝,11114601,161,1,11
0006,葛洲坝,11114601,170,1.1,11
0006,葛洲坝,11114601,187,1.3,11
0006,葛洲坝,11114601,212,1.6,11
0006,葛洲坝,11114601,238,1.9,11
0006,葛洲坝,11114601,247,2,11
0006,葛洲坝,11114601,257,2.1,11
0006,葛洲坝,11114601,266,2.2,11
0006,葛洲坝,11114601,273,2.3,11
0006,葛洲坝,11114601,283,2.4,11
0006,葛洲坝,11114601,302,2.6,11
0006,葛洲坝,11114601,310,2.7,11
0006,葛洲坝,11114601,319,2.8,11
0006,葛洲坝,11114601,347,3.1,11
0006,葛洲坝,11114601,368,3.3,11
0006,葛洲坝,11114601,378,3.4,11
0006,葛洲坝,11114601,397,3.6,11
0006,葛洲坝,11114601,407,3.7,11
0006,葛洲坝,11114601,428,3.9,11
0006,葛洲坝,11114601,438,4,11
0006,葛洲坝,11114601,459,4.2,11
0006,葛洲坝,11114601,480,4.4,11
0006,葛洲坝,11114601,501,4.6,11
0006,葛洲坝,11114601,511,4.7,11
0006,葛洲坝,11114601,582,5.4,11
0006,葛洲坝,11114601,592,5.5,11
0006,葛洲坝,11114601,613,5.7,11
0006,葛洲坝,11114601,659,6.1,11
0006,葛洲坝,11114601,671,6.2,11
0006,葛洲坝,11114601,684,6.3,11
0006,葛洲坝,11114601,725,6.6,11
0006,葛洲坝,11114601,761,6.8,11
0006,葛洲坝,11114601,800,7,11
0006,葛洲坝,11114601,819,7.1,11
0006,葛洲坝,11114601,839,7.2,11
0006,葛洲坝,11114601,861,7.3,11
0006,葛洲坝,11114601,884,7.4,11
0006,葛洲坝,11114601,910,7.5,11
0006,葛洲坝,11114601,939,7.6,11
0006,葛洲坝,11114601,969,7.7,11
0006,葛洲坝,11114601,1028,7.9,11
0006,葛洲坝,11114601,1058,8,11
0006,葛洲坝,11114601,1085,8.1,11
0006,葛洲坝,11114601,1114,8.2,11
0006,葛洲坝,11114601,1173,8.4,11
0006,葛洲坝,11114601,1201,8.5,11
0006,葛洲坝,11114601,1259,8.7,11
0006,葛洲坝,11114601,1288,8.8,11
0006,葛洲坝,11114601,1319,8.9,11
0006,葛洲坝,11114601,1351,9,11
0006,葛洲坝,11114601,1417,9.2,11
0006,葛洲坝,11114601,1487,9.4,11
0006,葛洲坝,11114601,1503,9.5,11
0006,葛洲坝,11114601,1598,10.1,11
0006,葛洲坝,11114601,89,0,12
0006,葛洲坝,11114601,94,0.1,12
0006,葛洲坝,11114601,105,0.3,12
0006,葛洲坝,11114601,110,0.4,12
0006,葛洲坝,11114601,116,0.5,12
0006,葛洲坝,11114601,130,0.7,12
0006,葛洲坝,11114601,137,0.8,12
0006,葛洲坝,11114601,145,0.9,12
0006,葛洲坝,11114601,151,1,12
0006,葛洲坝,11114601,159,1.1,12
0006,葛洲坝,11114601,173,1.3,12
0006,葛洲坝,11114601,182,1.4,12
0006,葛洲坝,11114601,188,1.5,12
0006,葛洲坝,11114601,196,1.6,12
0006,葛洲坝,11114601,245,2.2,12
0006,葛洲坝,11114601,253,2.3,12
0006,葛洲坝,11114601,270,2.5,12
0006,葛洲坝,11114601,278,2.6,12
0006,葛洲坝,11114601,285,2.7,12
0006,葛洲坝,11114601,294,2.8,12
0006,葛洲坝,11114601,302,2.9,12
0006,葛洲坝,11114601,311,3,12
0006,葛洲坝,11114601,319,3.1,12
0006,葛洲坝,11114601,328,3.2,12
0006,葛洲坝,11114601,345,3.4,12
0006,葛洲坝,11114601,354,3.5,12
0006,葛洲坝,11114601,371,3.7,12
0006,葛洲坝,11114601,380,3.8,12
0006,葛洲坝,11114601,406,4.1,12
0006,葛洲坝,11114601,415,4.2,12
0006,葛洲坝,11114601,432,4.4,12
0006,葛洲坝,11114601,441,4.5,12
0006,葛洲坝,11114601,469,4.8,12
0006,葛洲坝,11114601,478,4.9,12
0006,葛洲坝,11114601,524,5.4,12
0006,葛洲坝,11114601,533,5.5,12
0006,葛洲坝,11114601,552,5.7,12
0006,葛洲坝,11114601,561,5.8,12
0006,葛洲坝,11114601,580,6,12
0006,葛洲坝,11114601,589,6.1,12
0006,葛洲坝,11114601,599,6.2,12
0006,葛洲坝,11114601,618,6.4,12
0006,葛洲坝,11114601,628,6.5,12
0006,葛洲坝,11114601,649,6.7,12
0006,葛洲坝,11114601,716,7.3,12
0006,葛洲坝,11114601,741,7.5,12
0006,葛洲坝,11114601,794,7.9,12
0006,葛洲坝,11114601,824,8.1,12
0006,葛洲坝,11114601,843,8.2,12
0006,葛洲坝,11114601,861,8.3,12
0006,葛洲坝,11114601,882,8.4,12
0006,葛洲坝,11114601,923,8.6,12
0006,葛洲坝,11114601,973,8.8,12
0006,葛洲坝,11114601,1012,8.9,12
0006,葛洲坝,11114601,1041,9,12
0006,葛洲坝,11114601,1066,9.1,12
0006,葛洲坝,11114601,1092,9.2,12
0006,葛洲坝,11114601,1172,9.5,12
0006,葛洲坝,11114601,1257,9.8,12
0006,葛洲坝,11114601,1285,9.9,12
0006,葛洲坝,11114601,1342,10.1,12
0006,葛洲坝,11114601,1372,10.2,12
0006,葛洲坝,11114601,1434,10.4,12
0006,葛洲坝,11114601,1500,10.6,12
0006,葛洲坝,11114601,1567,10.8,12
0006,葛洲坝,11114601,1581,10.9,12
0006,葛洲坝,11114601,1596,11,12
0006,葛洲坝,11114601,1610,11.1,12
0006,葛洲坝,11114601,1625,11.2,12
0006,葛洲坝,11114601,1639,11.3,12
0006,葛洲坝,11114601,85,0,13
0006,葛洲坝,11114601,90,0.1,13
0006,葛洲坝,11114601,116,0.6,13
0006,葛洲坝,11114601,123,0.7,13
0006,葛洲坝,11114601,136,0.9,13
0006,葛洲坝,11114601,143,1,13
0006,葛洲坝,11114601,149,1.1,13
0006,葛洲坝,11114601,156,1.2,13
0006,葛洲坝,11114601,169,1.4,13
0006,葛洲坝,11114601,183,1.6,13
0006,葛洲坝,11114601,190,1.7,13
0006,葛洲坝,11114601,205,1.9,13
0006,葛洲坝,11114601,212,2,13
0006,葛洲坝,11114601,220,2.1,13
0006,葛洲坝,11114601,227,2.2,13
0006,葛洲坝,11114601,235,2.3,13
0006,葛洲坝,11114601,242,2.4,13
0006,葛洲坝,11114601,257,2.6,13
0006,葛洲坝,11114601,279,2.9,13
0006,葛洲坝,11114601,287,3,13
0006,葛洲坝,11114601,304,3.2,13
0006,葛洲坝,11114601,312,3.3,13
0006,葛洲坝,11114601,383,4.2,13
0006,葛洲坝,11114601,406,4.5,13
0006,葛洲坝,11114601,414,4.6,13
0006,葛洲坝,11114601,431,4.8,13
0006,葛洲坝,11114601,439,4.9,13
0006,葛洲坝,11114601,464,5.2,13
0006,葛洲坝,11114601,472,5.3,13
0006,葛洲坝,11114601,521,5.9,13
0006,葛洲坝,11114601,547,6.2,13
0006,葛洲坝,11114601,556,6.3,13
0006,葛洲坝,11114601,600,6.8,13
0006,葛洲坝,11114601,609,6.9,13
0006,葛洲坝,11114601,637,7.2,13
0006,葛洲坝,11114601,646,7.3,13
0006,葛洲坝,11114601,656,7.4,13
0006,葛洲坝,11114601,665,7.5,13
0006,葛洲坝,11114601,675,7.6,13
0006,葛洲坝,11114601,704,7.9,13
0006,葛洲坝,11114601,714,8,13
0006,葛洲坝,11114601,725,8.1,13
0006,葛洲坝,11114601,735,8.2,13
0006,葛洲坝,11114601,746,8.3,13
0006,葛洲坝,11114601,756,8.4,13
0006,葛洲坝,11114601,767,8.5,13
0006,葛洲坝,11114601,780,8.6,13
0006,葛洲坝,11114601,792,8.7,13
0006,葛洲坝,11114601,805,8.8,13
0006,葛洲坝,11114601,817,8.9,13
0006,葛洲坝,11114601,842,9.1,13
0006,葛洲坝,11114601,884,9.4,13
0006,葛洲坝,11114601,901,9.5,13
0006,葛洲坝,11114601,919,9.6,13
0006,葛洲坝,11114601,941,9.7,13
0006,葛洲坝,11114601,962,9.8,13
0006,葛洲坝,11114601,981,9.9,13
0006,葛洲坝,11114601,1032,10.1,13
0006,葛洲坝,11114601,1079,10.2,13
0006,葛洲坝,11114601,1101,10.3,13
0006,葛洲坝,11114601,1146,10.5,13
0006,葛洲坝,11114601,1218,10.8,13
0006,葛洲坝,11114601,1245,10.9,13
0006,葛洲坝,11114601,1273,11,13
0006,葛洲坝,11114601,1414,11.5,13
0006,葛洲坝,11114601,1474,11.7,13
0006,葛洲坝,11114601,1538,11.9,13
0006,葛洲坝,11114601,1570,12,13
0006,葛洲坝,11114601,1604,12.1,13
0006,葛洲坝,11114601,1634,12.2,13
0006,葛洲坝,11114601,1647,12.3,13
0006,葛洲坝,11114601,1674,12.5,13
0006,葛洲坝,11114601,1687,12.6,13
0006,葛洲坝,11114601,82,0,14
0006,葛洲坝,11114601,86,0.1,14
0006,葛洲坝,11114601,91,0.2,14
0006,葛洲坝,11114601,100,0.4,14
0006,葛洲坝,11114601,105,0.5,14
0006,葛洲坝,11114601,116,0.7,14
0006,葛洲坝,11114601,127,0.9,14
0006,葛洲坝,11114601,134,1,14
0006,葛洲坝,11114601,140,1.1,14
0006,葛洲坝,11114601,147,1.2,14
0006,葛洲坝,11114601,152,1.3,14
0006,葛洲坝,11114601,158,1.4,14
0006,葛洲坝,11114601,177,1.7,14
0006,葛洲坝,11114601,183,1.8,14
0006,葛洲坝,11114601,196,2,14
0006,葛洲坝,11114601,209,2.2,14
0006,葛洲坝,11114601,216,2.3,14
0006,葛洲坝,11114601,231,2.5,14
0006,葛洲坝,11114601,237,2.6,14
0006,葛洲坝,11114601,245,2.7,14
0006,葛洲坝,11114601,252,2.8,14
0006,葛洲坝,11114601,274,3.1,14
0006,葛洲坝,11114601,289,3.3,14
0006,葛洲坝,11114601,297,3.4,14
0006,葛洲坝,11114601,312,3.6,14
0006,葛洲坝,11114601,320,3.7,14
0006,葛洲坝,11114601,327,3.8,14
0006,葛洲坝,11114601,335,3.9,14
0006,葛洲坝,11114601,342,4,14
0006,葛洲坝,11114601,350,4.1,14
0006,葛洲坝,11114601,357,4.2,14
0006,葛洲坝,11114601,365,4.3,14
0006,葛洲坝,11114601,372,4.4,14
0006,葛洲坝,11114601,401,4.8,14
0006,葛洲坝,11114601,408,4.9,14
0006,葛洲坝,11114601,416,5,14
0006,葛洲坝,11114601,423,5.1,14
0006,葛洲坝,11114601,431,5.2,14
0006,葛洲坝,11114601,438,5.3,14
0006,葛洲坝,11114601,446,5.4,14
0006,葛洲坝,11114601,461,5.6,14
0006,葛洲坝,11114601,469,5.7,14
0006,葛洲坝,11114601,476,5.8,14
0006,葛洲坝,11114601,484,5.9,14
0006,葛洲坝,11114601,515,6.3,14
0006,葛洲坝,11114601,523,6.4,14
0006,葛洲坝,11114601,604,7.4,14
0006,葛洲坝,11114601,612,7.5,14
0006,葛洲坝,11114601,621,7.6,14
0006,葛洲坝,11114601,629,7.7,14
0006,葛洲坝,11114601,662,8.1,14
0006,葛洲坝,11114601,679,8.3,14
0006,葛洲坝,11114601,688,8.4,14
0006,葛洲坝,11114601,696,8.5,14
0006,葛洲坝,11114601,705,8.6,14
0006,葛洲坝,11114601,733,8.9,14
0006,葛洲坝,11114601,742,9,14
0006,葛洲坝,11114601,761,9.2,14
0006,葛洲坝,11114601,770,9.3,14
0006,葛洲坝,11114601,780,9.4,14
0006,葛洲坝,11114601,801,9.6,14
0006,葛洲坝,11114601,811,9.7,14
0006,葛洲坝,11114601,822,9.8,14
0006,葛洲坝,11114601,845,10,14
0006,葛洲坝,11114601,883,10.3,14
0006,葛洲坝,11114601,895,10.4,14
0006,葛洲坝,11114601,908,10.5,14
0006,葛洲坝,11114601,937,10.7,14
0006,葛洲坝,11114601,954,10.8,14
0006,葛洲坝,11114601,972,10.9,14
0006,葛洲坝,11114601,992,11,14
0006,葛洲坝,11114601,1030,11.2,14
0006,葛洲坝,11114601,1049,11.3,14
0006,葛洲坝,11114601,1076,11.4,14
0006,葛洲坝,11114601,1117,11.5,14
0006,葛洲坝,11114601,1146,11.6,14
0006,葛洲坝,11114601,1167,11.7,14
0006,葛洲坝,11114601,1189,11.8,14
0006,葛洲坝,11114601,1234,12,14
0006,葛洲坝,11114601,1283,12.2,14
0006,葛洲坝,11114601,1336,12.4,14
0006,葛洲坝,11114601,1364,12.5,14
0006,葛洲坝,11114601,1391,12.6,14
0006,葛洲坝,11114601,1419,12.7,14
0006,葛洲坝,11114601,1476,12.9,14
0006,葛洲坝,11114601,1536,13.1,14
0006,葛洲坝,11114601,1566,13.2,14
0006,葛洲坝,11114601,1598,13.3,14
0006,葛洲坝,11114601,1631,13.4,14
0006,葛洲坝,11114601,1691,13.6,14
0006,葛洲坝,11114601,1703,13.7,14
0006,葛洲坝,11114601,1716,13.8,14
0006,葛洲坝,11114601,1728,13.9,14
0006,葛洲坝,11114601,79,0,15
0006,葛洲坝,11114601,83,0.1,15
0006,葛洲坝,11114601,92,0.3,15
0006,葛洲坝,11114601,96,0.4,15
0006,葛洲坝,11114601,105,0.6,15
0006,葛洲坝,11114601,121,0.9,15
0006,葛洲坝,11114601,126,1,15
0006,葛洲坝,11114601,137,1.2,15
0006,葛洲坝,11114601,148,1.4,15
0006,葛洲坝,11114601,159,1.6,15
0006,葛洲坝,11114601,184,2,15
0006,葛洲坝,11114601,190,2.1,15
0006,葛洲坝,11114601,203,2.3,15
0006,葛洲坝,11114601,209,2.4,15
0006,葛洲坝,11114601,216,2.5,15
0006,葛洲坝,11114601,222,2.6,15
0006,葛洲坝,11114601,229,2.7,15
0006,葛洲坝,11114601,249,3,15
0006,葛洲坝,11114601,256,3.1,15
0006,葛洲坝,11114601,402,5.2,15
0006,葛洲坝,11114601,409,5.3,15
0006,葛洲坝,11114601,466,6.1,15
0006,葛洲坝,11114601,473,6.2,15
0006,葛洲坝,11114601,523,6.9,15
0006,葛洲坝,11114601,530,7,15
0006,葛洲坝,11114601,552,7.3,15
0006,葛洲坝,11114601,559,7.4,15
0006,葛洲坝,11114601,567,7.5,15
0006,葛洲坝,11114601,574,7.6,15
0006,葛洲坝,11114601,582,7.7,15
0006,葛洲坝,11114601,589,7.8,15
0006,葛洲坝,11114601,597,7.9,15
0006,葛洲坝,11114601,604,8,15
0006,葛洲坝,11114601,612,8.1,15
0006,葛洲坝,11114601,619,8.2,15
0006,葛洲坝,11114601,627,8.3,15
0006,葛洲坝,11114601,642,8.5,15
0006,葛洲坝,11114601,650,8.6,15
0006,葛洲坝,11114601,723,9.5,15
0006,葛洲坝,11114601,731,9.6,15
0006,葛洲坝,11114601,748,9.8,15
0006,葛洲坝,11114601,756,9.9,15
0006,葛洲坝,11114601,773,10.1,15
0006,葛洲坝,11114601,792,10.3,15
0006,葛洲坝,11114601,821,10.6,15
0006,葛洲坝,11114601,831,10.7,15
0006,葛洲坝,11114601,862,11,15
0006,葛洲坝,11114601,874,11.1,15
0006,葛洲坝,11114601,885,11.2,15
0006,葛洲坝,11114601,897,11.3,15
0006,葛洲坝,11114601,908,11.4,15
0006,葛洲坝,11114601,920,11.5,15
0006,葛洲坝,11114601,933,11.6,15
0006,葛洲坝,11114601,960,11.8,15
0006,葛洲坝,11114601,975,11.9,15
0006,葛洲坝,11114601,989,12,15
0006,葛洲坝,11114601,1004,12.1,15
0006,葛洲坝,11114601,1022,12.2,15
0006,葛洲坝,11114601,1039,12.3,15
0006,葛洲坝,11114601,1074,12.5,15
0006,葛洲坝,11114601,1091,12.6,15
0006,葛洲坝,11114601,1115,12.7,15
0006,葛洲坝,11114601,1151,12.8,15
0006,葛洲坝,11114601,1184,12.9,15
0006,葛洲坝,11114601,1205,13,15
0006,葛洲坝,11114601,1290,13.4,15
0006,葛洲坝,11114601,1314,13.5,15
0006,葛洲坝,11114601,1339,13.6,15
0006,葛洲坝,11114601,1365,13.7,15
0006,葛洲坝,11114601,1392,13.8,15
0006,葛洲坝,11114601,1501,14.2,15
0006,葛洲坝,11114601,1530,14.3,15
0006,葛洲坝,11114601,1560,14.4,15
0006,葛洲坝,11114601,1589,14.5,15
0006,葛洲坝,11114601,1619,14.6,15
0006,葛洲坝,11114601,1651,14.7,15
0006,葛洲坝,11114601,1717,14.9,15
0006,葛洲坝,11114601,1741,15,15
0006,葛洲坝,11114601,1752,15.1,15
0006,葛洲坝,11114601,1764,15.2,15
0006,葛洲坝,11114601,77,0,16
0006,葛洲坝,11114601,81,0.1,16
0006,葛洲坝,11114601,84,0.2,16
0006,葛洲坝,11114601,88,0.3,16
0006,葛洲坝,11114601,105,0.7,16
0006,葛洲坝,11114601,124,1.1,16
0006,葛洲坝,11114601,130,1.2,16
0006,葛洲坝,11114601,135,1.3,16
0006,葛洲坝,11114601,146,1.5,16
0006,葛洲坝,11114601,151,1.6,16
0006,葛洲坝,11114601,157,1.7,16
0006,葛洲坝,11114601,180,2.1,16
0006,葛洲坝,11114601,186,2.2,16
0006,葛洲坝,11114601,205,2.5,16
0006,葛洲坝,11114601,210,2.6,16
0006,葛洲坝,11114601,217,2.7,16
0006,葛洲坝,11114601,223,2.8,16
0006,葛洲坝,11114601,254,3.3,16
0006,葛洲坝,11114601,260,3.4,16
0006,葛洲坝,11114601,267,3.5,16
0006,葛洲坝,11114601,273,3.6,16
0006,葛洲坝,11114601,280,3.7,16
0006,葛洲坝,11114601,286,3.8,16
0006,葛洲坝,11114601,293,3.9,16
0006,葛洲坝,11114601,299,4,16
0006,葛洲坝,11114601,306,4.1,16
0006,葛洲坝,11114601,319,4.3,16
0006,葛洲坝,11114601,326,4.4,16
0006,葛洲坝,11114601,332,4.5,16
0006,葛洲坝,11114601,339,4.6,16
0006,葛洲坝,11114601,352,4.8,16
0006,葛洲坝,11114601,359,4.9,16
0006,葛洲坝,11114601,365,5,16
0006,葛洲坝,11114601,372,5.1,16
0006,葛洲坝,11114601,378,5.2,16
0006,葛洲坝,11114601,391,5.4,16
0006,葛洲坝,11114601,397,5.5,16
0006,葛洲坝,11114601,404,5.6,16
0006,葛洲坝,11114601,410,5.7,16
0006,葛洲坝,11114601,417,5.8,16
0006,葛洲坝,11114601,423,5.9,16
0006,葛洲坝,11114601,430,6,16
0006,葛洲坝,11114601,436,6.1,16
0006,葛洲坝,11114601,443,6.2,16
0006,葛洲坝,11114601,449,6.3,16
0006,葛洲坝,11114601,462,6.5,16
0006,葛洲坝,11114601,468,6.6,16
0006,葛洲坝,11114601,475,6.7,16
0006,葛洲坝,11114601,488,6.9,16
0006,葛洲坝,11114601,495,7,16
0006,葛洲坝,11114601,508,7.2,16
0006,葛洲坝,11114601,515,7.3,16
0006,葛洲坝,11114601,528,7.5,16
0006,葛洲坝,11114601,535,7.6,16
0006,葛洲坝,11114601,548,7.8,16
0006,葛洲坝,11114601,555,7.9,16
0006,葛洲坝,11114601,612,8.7,16
0006,葛洲坝,11114601,619,8.8,16
0006,葛洲坝,11114601,655,9.3,16
0006,葛洲坝,11114601,662,9.4,16
0006,葛洲坝,11114601,670,9.5,16
0006,葛洲坝,11114601,677,9.6,16
0006,葛洲坝,11114601,685,9.7,16
0006,葛洲坝,11114601,692,9.8,16
0006,葛洲坝,11114601,700,9.9,16
0006,葛洲坝,11114601,707,10,16
0006,葛洲坝,11114601,715,10.1,16
0006,葛洲坝,11114601,722,10.2,16
0006,葛洲坝,11114601,730,10.3,16
0006,葛洲坝,11114601,787,11,16
0006,葛洲坝,11114601,795,11.1,16
0006,葛洲坝,11114601,804,11.2,16
0006,葛洲坝,11114601,841,11.6,16
0006,葛洲坝,11114601,850,11.7,16
0006,葛洲坝,11114601,860,11.8,16
0006,葛洲坝,11114601,869,11.9,16
0006,葛洲坝,11114601,879,12,16
0006,葛洲坝,11114601,890,12.1,16
0006,葛洲坝,11114601,913,12.3,16
0006,葛洲坝,11114601,948,12.6,16
0006,葛洲坝,11114601,994,13,16
0006,葛洲坝,11114601,1048,13.4,16
0006,葛洲坝,11114601,1079,13.6,16
0006,葛洲坝,11114601,1128,13.9,16
0006,葛洲坝,11114601,1149,14,16
0006,葛洲坝,11114601,1179,14.1,16
0006,葛洲坝,11114601,1210,14.2,16
0006,葛洲坝,11114601,1234,14.3,16
0006,葛洲坝,11114601,1254,14.4,16
0006,葛洲坝,11114601,1275,14.5,16
0006,葛洲坝,11114601,1318,14.7,16
0006,葛洲坝,11114601,1365,14.9,16
0006,葛洲坝,11114601,1389,15,16
0006,葛洲坝,11114601,1415,15.1,16
0006,葛洲坝,11114601,1494,15.4,16
0006,葛洲坝,11114601,1522,15.5,16
0006,葛洲坝,11114601,1608,15.8,16
0006,葛洲坝,11114601,1637,15.9,16
0006,葛洲坝,11114601,1667,16,16
0006,葛洲坝,11114601,1698,16.1,16
0006,葛洲坝,11114601,1730,16.2,16
0006,葛洲坝,11114601,1763,16.3,16
0006,葛洲坝,11114601,1784,16.4,16
0006,葛洲坝,11114601,76,0,17
0006,葛洲坝,11114601,79,0.1,17
0006,葛洲坝,11114601,86,0.3,17
0006,葛洲坝,11114601,89,0.4,17
0006,葛洲坝,11114601,93,0.5,17
0006,葛洲坝,11114601,110,0.9,17
0006,葛洲坝,11114601,114,1,17
0006,葛洲坝,11114601,123,1.2,17
0006,葛洲坝,11114601,129,1.3,17
0006,葛洲坝,11114601,134,1.4,17
0006,葛洲坝,11114601,150,1.7,17
0006,葛洲坝,11114601,173,2.1,17
0006,葛洲坝,11114601,179,2.2,17
0006,葛洲坝,11114601,184,2.3,17
0006,葛洲坝,11114601,190,2.4,17
0006,葛洲坝,11114601,201,2.6,17
0006,葛洲坝,11114601,212,2.8,17
0006,葛洲坝,11114601,219,2.9,17
0006,葛洲坝,11114601,224,3,17
0006,葛洲坝,11114601,235,3.2,17
0006,葛洲坝,11114601,270,3.8,17
0006,葛洲坝,11114601,276,3.9,17
0006,葛洲坝,11114601,289,4.1,17
0006,葛洲坝,11114601,295,4.2,17
0006,葛洲坝,11114601,308,4.4,17
0006,葛洲坝,11114601,314,4.5,17
0006,葛洲坝,11114601,339,4.9,17
0006,葛洲坝,11114601,345,5,17
0006,葛洲坝,11114601,502,7.6,17
0006,葛洲坝,11114601,508,7.7,17
0006,葛洲坝,11114601,515,7.8,17
0006,葛洲坝,11114601,521,7.9,17
0006,葛洲坝,11114601,528,8,17
0006,葛洲坝,11114601,534,8.1,17
0006,葛洲坝,11114601,541,8.2,17
0006,葛洲坝,11114601,547,8.3,17
0006,葛洲坝,11114601,554,8.4,17
0006,葛洲坝,11114601,560,8.5,17
0006,葛洲坝,11114601,567,8.6,17
0006,葛洲坝,11114601,573,8.7,17
0006,葛洲坝,11114601,580,8.8,17
0006,葛洲坝,11114601,593,9,17
0006,葛洲坝,11114601,600,9.1,17
0006,葛洲坝,11114601,606,9.2,17
0006,葛洲坝,11114601,613,9.3,17
0006,葛洲坝,11114601,626,9.5,17
0006,葛洲坝,11114601,633,9.6,17
0006,葛洲坝,11114601,646,9.8,17
0006,葛洲坝,11114601,653,9.9,17
0006,葛洲坝,11114601,673,10.2,17
0006,葛洲坝,11114601,680,10.3,17
0006,葛洲坝,11114601,693,10.5,17
0006,葛洲坝,11114601,700,10.6,17
0006,葛洲坝,11114601,708,10.7,17
0006,葛洲坝,11114601,715,10.8,17
0006,葛洲坝,11114601,730,11,17
0006,葛洲坝,11114601,737,11.1,17
0006,葛洲坝,11114601,752,11.3,17
0006,葛洲坝,11114601,759,11.4,17
0006,葛洲坝,11114601,767,11.5,17
0006,葛洲坝,11114601,774,11.6,17
0006,葛洲坝,11114601,782,11.7,17
0006,葛洲坝,11114601,823,12.2,17
0006,葛洲坝,11114601,831,12.3,17
0006,葛洲坝,11114601,840,12.4,17
0006,葛洲坝,11114601,848,12.5,17
0006,葛洲坝,11114601,857,12.6,17
0006,葛洲坝,11114601,894,13,17
0006,葛洲坝,11114601,903,13.1,17
0006,葛洲坝,11114601,914,13.2,17
0006,葛洲坝,11114601,948,13.5,17
0006,葛洲坝,11114601,959,13.6,17
0006,葛洲坝,11114601,969,13.7,17
0006,葛洲坝,11114601,990,13.9,17
0006,葛洲坝,11114601,1000,14,17
0006,葛洲坝,11114601,1012,14.1,17
0006,葛洲坝,11114601,1047,14.4,17
0006,葛洲坝,11114601,1059,14.5,17
0006,葛洲坝,11114601,1072,14.6,17
0006,葛洲坝,11114601,1086,14.7,17
0006,葛洲坝,11114601,1129,15,17
0006,葛洲坝,11114601,1145,15.1,17
0006,葛洲坝,11114601,1179,15.3,17
0006,葛洲坝,11114601,1203,15.4,17
0006,葛洲坝,11114601,1228,15.5,17
0006,葛洲坝,11114601,1275,15.7,17
0006,葛洲坝,11114601,1296,15.8,17
0006,葛洲坝,11114601,1318,15.9,17
0006,葛洲坝,11114601,1363,16.1,17
0006,葛洲坝,11114601,1410,16.3,17
0006,葛洲坝,11114601,1459,16.5,17
0006,葛洲坝,11114601,1485,16.6,17
0006,葛洲坝,11114601,1565,16.9,17
0006,葛洲坝,11114601,1622,17.1,17
0006,葛洲坝,11114601,1710,17.4,17
0006,葛洲坝,11114601,1741,17.5,17
0006,葛洲坝,11114601,1805,17.7,17
0006,葛洲坝,11114601,74,0,18
0006,葛洲坝,11114601,77,0.1,18
0006,葛洲坝,11114601,79,0.2,18
0006,葛洲坝,11114601,83,0.3,18
0006,葛洲坝,11114601,86,0.4,18
0006,葛洲坝,11114601,90,0.5,18
0006,葛洲坝,11114601,93,0.6,18
0006,葛洲坝,11114601,97,0.7,18
0006,葛洲坝,11114601,100,0.8,18
0006,葛洲坝,11114601,105,0.9,18
0006,葛洲坝,11114601,108,1,18
0006,葛洲坝,11114601,114,1.1,18
0006,葛洲坝,11114601,118,1.2,18
0006,葛洲坝,11114601,127,1.4,18
0006,葛洲坝,11114601,138,1.6,18
0006,葛洲坝,11114601,143,1.7,18
0006,葛洲坝,11114601,149,1.8,18
0006,葛洲坝,11114601,160,2,18
0006,葛洲坝,11114601,171,2.2,18
0006,葛洲坝,11114601,176,2.3,18
0006,葛洲坝,11114601,182,2.4,18
0006,葛洲坝,11114601,187,2.5,18
0006,葛洲坝,11114601,208,2.9,18
0006,葛洲坝,11114601,213,3,18
0006,葛洲坝,11114601,224,3.2,18
0006,葛洲坝,11114601,235,3.4,18
0006,葛洲坝,11114601,246,3.6,18
0006,葛洲坝,11114601,251,3.7,18
0006,葛洲坝,11114601,257,3.8,18
0006,葛洲坝,11114601,268,4,18
0006,葛洲坝,11114601,279,4.2,18
0006,葛洲坝,11114601,286,4.3,18
0006,葛洲坝,11114601,292,4.4,18
0006,葛洲坝,11114601,303,4.6,18
0006,葛洲坝,11114601,309,4.7,18
0006,葛洲坝,11114601,338,5.2,18
0006,葛洲坝,11114601,344,5.3,18
0006,葛洲坝,11114601,367,5.7,18
0006,葛洲坝,11114601,373,5.8,18
0006,葛洲坝,11114601,390,6.1,18
0006,葛洲坝,11114601,396,6.2,18
0006,葛洲坝,11114601,401,6.3,18
0006,葛洲坝,11114601,407,6.4,18
0006,葛洲坝,11114601,412,6.5,18
0006,葛洲坝,11114601,418,6.6,18
0006,葛洲坝,11114601,423,6.7,18
0006,葛洲坝,11114601,429,6.8,18
0006,葛洲坝,11114601,434,6.9,18
0006,葛洲坝,11114601,440,7,18
0006,葛洲坝,11114601,445,7.1,18
0006,葛洲坝,11114601,451,7.2,18
0006,葛洲坝,11114601,456,7.3,18
0006,葛洲坝,11114601,462,7.4,18
0006,葛洲坝,11114601,559,9,18
0006,葛洲坝,11114601,565,9.1,18
0006,葛洲坝,11114601,590,9.5,18
0006,葛洲坝,11114601,596,9.6,18
0006,葛洲坝,11114601,621,10,18
0006,葛洲坝,11114601,627,10.1,18
0006,葛洲坝,11114601,646,10.4,18
0006,葛洲坝,11114601,652,10.5,18
0006,葛洲坝,11114601,659,10.6,18
0006,葛洲坝,11114601,665,10.7,18
0006,葛洲坝,11114601,678,10.9,18
0006,葛洲坝,11114601,684,11,18
0006,葛洲坝,11114601,691,11.1,18
0006,葛洲坝,11114601,697,11.2,18
0006,葛洲坝,11114601,704,11.3,18
0006,葛洲坝,11114601,710,11.4,18
0006,葛洲坝,11114601,717,11.5,18
0006,葛洲坝,11114601,723,11.6,18
0006,葛洲坝,11114601,736,11.8,18
0006,葛洲坝,11114601,742,11.9,18
0006,葛洲坝,11114601,749,12,18
0006,葛洲坝,11114601,757,12.1,18
0006,葛洲坝,11114601,764,12.2,18
0006,葛洲坝,11114601,793,12.6,18
0006,葛洲坝,11114601,800,12.7,18
0006,葛洲坝,11114601,815,12.9,18
0006,葛洲坝,11114601,864,13.5,18
0006,葛洲坝,11114601,872,13.6,18
0006,葛洲坝,11114601,889,13.8,18
0006,葛洲坝,11114601,897,13.9,18
0006,葛洲坝,11114601,907,14,18
0006,葛洲坝,11114601,916,14.1,18
0006,葛洲坝,11114601,946,14.4,18
0006,葛洲坝,11114601,956,14.5,18
0006,葛洲坝,11114601,965,14.6,18
0006,葛洲坝,11114601,975,14.7,18
0006,葛洲坝,11114601,984,14.8,18
0006,葛洲坝,11114601,994,14.9,18
0006,葛洲坝,11114601,1046,15.4,18
0006,葛洲坝,11114601,1119,16,18
0006,葛洲坝,11114601,1131,16.1,18
0006,葛洲坝,11114601,1144,16.2,18
0006,葛洲坝,11114601,1159,16.3,18
0006,葛洲坝,11114601,1190,16.5,18
0006,葛洲坝,11114601,1227,16.7,18
0006,葛洲坝,11114601,1291,17,18
0006,葛洲坝,11114601,1312,17.1,18
0006,葛洲坝,11114601,1334,17.2,18
0006,葛洲坝,11114601,1380,17.4,18
0006,葛洲坝,11114601,1403,17.5,18
0006,葛洲坝,11114601,1427,17.6,18
0006,葛洲坝,11114601,1450,17.7,18
0006,葛洲坝,11114601,1474,17.8,18
0006,葛洲坝,11114601,1499,17.9,18
0006,葛洲坝,11114601,1550,18.1,18
0006,葛洲坝,11114601,1579,18.2,18
0006,葛洲坝,11114601,1638,18.4,18
0006,葛洲坝,11114601,1669,18.5,18
0006,葛洲坝,11114601,1701,18.6,18
0006,葛洲坝,11114601,1766,18.8,18
0006,葛洲坝,11114601,1800,18.9,18
0006,葛洲坝,11114601,1835,19,18
0006,葛洲坝,11114601,73,0,19
0006,葛洲坝,11114601,76,0.1,19
0006,葛洲坝,11114601,77,0.2,19
0006,葛洲坝,11114601,80,0.3,19
0006,葛洲坝,11114601,84,0.4,19
0006,葛洲坝,11114601,87,0.5,19
0006,葛洲坝,11114601,89,0.6,19
0006,葛洲坝,11114601,93,0.7,19
0006,葛洲坝,11114601,96,0.8,19
0006,葛洲坝,11114601,100,0.9,19
0006,葛洲坝,11114601,103,1,19
0006,葛洲坝,11114601,107,1.1,19
0006,葛洲坝,11114601,112,1.2,19
0006,葛洲坝,11114601,143,1.8,19
0006,葛洲坝,11114601,154,2,19
0006,葛洲坝,11114601,168,2.3,19
0006,葛洲坝,11114601,175,2.4,19
0006,葛洲坝,11114601,179,2.5,19
0006,葛洲坝,11114601,184,2.6,19
0006,葛洲坝,11114601,215,3.2,19
0006,葛洲坝,11114601,220,3.3,19
0006,葛洲坝,11114601,266,4.2,19
0006,葛洲坝,11114601,271,4.3,19
0006,葛洲坝,11114601,277,4.4,19
0006,葛洲坝,11114601,288,4.6,19
0006,葛洲坝,11114601,294,4.7,19
0006,葛洲坝,11114601,305,4.9,19
0006,葛洲坝,11114601,311,5,19
0006,葛洲坝,11114601,316,5.1,19
0006,葛洲坝,11114601,322,5.2,19
0006,葛洲坝,11114601,327,5.3,19
0006,葛洲坝,11114601,333,5.4,19
0006,葛洲坝,11114601,344,5.6,19
0006,葛洲坝,11114601,350,5.7,19
0006,葛洲坝,11114601,355,5.8,19
0006,葛洲坝,11114601,361,5.9,19
0006,葛洲坝,11114601,366,6,19
0006,葛洲坝,11114601,377,6.2,19
0006,葛洲坝,11114601,382,6.3,19
0006,葛洲坝,11114601,398,6.6,19
0006,葛洲坝,11114601,403,6.7,19
0006,葛洲坝,11114601,419,7,19
0006,葛洲坝,11114601,424,7.1,19
0006,葛洲坝,11114601,440,7.4,19
0006,葛洲坝,11114601,445,7.5,19
0006,葛洲坝,11114601,461,7.8,19
0006,葛洲坝,11114601,466,7.9,19
0006,葛洲坝,11114601,472,8,19
0006,葛洲坝,11114601,477,8.1,19
0006,葛洲坝,11114601,483,8.2,19
0006,葛洲坝,11114601,488,8.3,19
0006,葛洲坝,11114601,494,8.4,19
0006,葛洲坝,11114601,517,8.8,19
0006,葛洲坝,11114601,523,8.9,19
0006,葛洲坝,11114601,546,9.3,19
0006,葛洲坝,11114601,552,9.4,19
0006,葛洲坝,11114601,575,9.8,19
0006,葛洲坝,11114601,581,9.9,19
0006,葛洲坝,11114601,604,10.3,19
0006,葛洲坝,11114601,610,10.4,19
0006,葛洲坝,11114601,713,12.1,19
0006,葛洲坝,11114601,719,12.2,19
0006,葛洲坝,11114601,750,12.7,19
0006,葛洲坝,11114601,756,12.8,19
0006,葛洲坝,11114601,775,13.1,19
0006,葛洲坝,11114601,825,13.8,19
0006,葛洲坝,11114601,832,13.9,19
0006,葛洲坝,11114601,847,14.1,19
0006,葛洲坝,11114601,854,14.2,19
0006,葛洲坝,11114601,862,14.3,19
0006,葛洲坝,11114601,869,14.4,19
0006,葛洲坝,11114601,877,14.5,19
0006,葛洲坝,11114601,926,15.1,19
0006,葛洲坝,11114601,970,15.6,19
0006,葛洲坝,11114601,979,15.7,19
0006,葛洲坝,11114601,1007,16,19
0006,葛洲坝,11114601,1016,16.1,19
0006,葛洲坝,11114601,1053,16.5,19
0006,葛洲坝,11114601,1062,16.6,19
0006,葛洲坝,11114601,1073,16.7,19
0006,葛洲坝,11114601,1085,16.8,19
0006,葛洲坝,11114601,1096,16.9,19
0006,葛洲坝,11114601,1131,17.2,19
0006,葛洲坝,11114601,1158,17.4,19
0006,葛洲坝,11114601,1201,17.7,19
0006,葛洲坝,11114601,1250,18,19
0006,葛洲坝,11114601,1327,18.4,19
0006,葛洲坝,11114601,1349,18.5,19
0006,葛洲坝,11114601,1373,18.6,19
0006,葛洲坝,11114601,1400,18.7,19
0006,葛洲坝,11114601,1428,18.8,19
0006,葛洲坝,11114601,1454,18.9,19
0006,葛洲坝,11114601,1479,19,19
0006,葛洲坝,11114601,1582,19.4,19
0006,葛洲坝,11114601,1613,19.5,19
0006,葛洲坝,11114601,1676,19.7,19
0006,葛洲坝,11114601,1737,19.9,19
0006,葛洲坝,11114601,72,0,20
0006,葛洲坝,11114601,74,0.1,20
0006,葛洲坝,11114601,81,0.4,20
0006,葛洲坝,11114601,86,0.6,20
0006,葛洲坝,11114601,89,0.7,20
0006,葛洲坝,11114601,102,1.1,20
0006,葛洲坝,11114601,107,1.2,20
0006,葛洲坝,11114601,111,1.3,20
0006,葛洲坝,11114601,116,1.4,20
0006,葛洲坝,11114601,137,1.8,20
0006,葛洲坝,11114601,142,1.9,20
0006,葛洲坝,11114601,171,2.5,20
0006,葛洲坝,11114601,176,2.6,20
0006,葛洲坝,11114601,180,2.7,20
0006,葛洲坝,11114601,185,2.8,20
0006,葛洲坝,11114601,194,3,20
0006,葛洲坝,11114601,199,3.1,20
0006,葛洲坝,11114601,213,3.4,20
0006,葛洲坝,11114601,218,3.5,20
0006,葛洲坝,11114601,227,3.7,20
0006,葛洲坝,11114601,232,3.8,20
0006,葛洲坝,11114601,238,3.9,20
0006,葛洲坝,11114601,243,4,20
0006,葛洲坝,11114601,264,4.4,20
0006,葛洲坝,11114601,269,4.5,20
0006,葛洲坝,11114601,275,4.6,20
0006,葛洲坝,11114601,280,4.7,20
0006,葛洲坝,11114601,291,4.9,20
0006,葛洲坝,11114601,296,5,20
0006,葛洲坝,11114601,307,5.2,20
0006,葛洲坝,11114601,312,5.3,20
0006,葛洲坝,11114601,328,5.6,20
0006,葛洲坝,11114601,333,5.7,20
0006,葛洲坝,11114601,354,6.1,20
0006,葛洲坝,11114601,359,6.2,20
0006,葛洲坝,11114601,460,8.2,20
0006,葛洲坝,11114601,465,8.3,20
0006,葛洲坝,11114601,481,8.6,20
0006,葛洲坝,11114601,486,8.7,20
0006,葛洲坝,11114601,497,8.9,20
0006,葛洲坝,11114601,502,9,20
0006,葛洲坝,11114601,508,9.1,20
0006,葛洲坝,11114601,513,9.2,20
0006,葛洲坝,11114601,524,9.4,20
0006,葛洲坝,11114601,529,9.5,20
0006,葛洲坝,11114601,540,9.7,20
0006,葛洲坝,11114601,545,9.8,20
0006,葛洲坝,11114601,551,9.9,20
0006,葛洲坝,11114601,556,10,20
0006,葛洲坝,11114601,562,10.1,20
0006,葛洲坝,11114601,567,10.2,20
0006,葛洲坝,11114601,573,10.3,20
0006,葛洲坝,11114601,578,10.4,20
0006,葛洲坝,11114601,584,10.5,20
0006,葛洲坝,11114601,595,10.7,20
0006,葛洲坝,11114601,601,10.8,20
0006,葛洲坝,11114601,606,10.9,20
0006,葛洲坝,11114601,612,11,20
0006,葛洲坝,11114601,623,11.2,20
0006,葛洲坝,11114601,629,11.3,20
0006,葛洲坝,11114601,640,11.5,20
0006,葛洲坝,11114601,646,11.6,20
0006,葛洲坝,11114601,657,11.8,20
0006,葛洲坝,11114601,663,11.9,20
0006,葛洲坝,11114601,680,12.2,20
0006,葛洲坝,11114601,686,12.3,20
0006,葛洲坝,11114601,697,12.5,20
0006,葛洲坝,11114601,703,12.6,20
0006,葛洲坝,11114601,720,12.9,20
0006,葛洲坝,11114601,726,13,20
0006,葛洲坝,11114601,785,14,20
0006,葛洲坝,11114601,791,14.1,20
0006,葛洲坝,11114601,804,14.3,20
0006,葛洲坝,11114601,812,14.4,20
0006,葛洲坝,11114601,819,14.5,20
0006,葛洲坝,11114601,827,14.6,20
0006,葛洲坝,11114601,834,14.7,20
0006,葛洲坝,11114601,898,15.6,20
0006,葛洲坝,11114601,905,15.7,20
0006,葛洲坝,11114601,913,15.8,20
0006,葛洲坝,11114601,920,15.9,20
0006,葛洲坝,11114601,928,16,20
0006,葛洲坝,11114601,993,16.8,20
0006,葛洲坝,11114601,1001,16.9,20
0006,葛洲坝,11114601,1026,17.2,20
0006,葛洲坝,11114601,1034,17.3,20
0006,葛洲坝,11114601,1043,17.4,20
0006,葛洲坝,11114601,1069,17.7,20
0006,葛洲坝,11114601,1078,17.8,20
0006,葛洲坝,11114601,1088,17.9,20
0006,葛洲坝,11114601,1119,18.2,20
0006,葛洲坝,11114601,1129,18.3,20
0006,葛洲坝,11114601,1140,18.4,20
0006,葛洲坝,11114601,1150,18.5,20
0006,葛洲坝,11114601,1163,18.6,20
0006,葛洲坝,11114601,1175,18.7,20
0006,葛洲坝,11114601,1188,18.8,20
0006,葛洲坝,11114601,1215,19,20
0006,葛洲坝,11114601,1230,19.1,20
0006,葛洲坝,11114601,1281,19.4,20
0006,葛洲坝,11114601,1303,19.5,20
0006,葛洲坝,11114601,1326,19.6,20
0006,葛洲坝,11114601,1350,19.7,20
0006,葛洲坝,11114601,1375,19.8,20
0006,葛洲坝,11114601,1401,19.9,20
0006,葛洲坝,11114601,1428,20,20
0006,葛洲坝,11114601,71,0,21
0006,葛洲坝,11114601,73,0.1,21
0006,葛洲坝,11114601,80,0.4,21
0006,葛洲坝,11114601,85,0.6,21
0006,葛洲坝,11114601,88,0.7,21
0006,葛洲坝,11114601,101,1.1,21
0006,葛洲坝,11114601,114,1.4,21
0006,葛洲坝,11114601,123,1.6,21
0006,葛洲坝,11114601,128,1.7,21
0006,葛洲坝,11114601,142,2,21
0006,葛洲坝,11114601,147,2.1,21
0006,葛洲坝,11114601,156,2.3,21
0006,葛洲坝,11114601,161,2.4,21
0006,葛洲坝,11114601,165,2.5,21
0006,葛洲坝,11114601,170,2.6,21
0006,葛洲坝,11114601,174,2.7,21
0006,葛洲坝,11114601,183,2.9,21
0006,葛洲坝,11114601,187,3,21
0006,葛洲坝,11114601,192,3.1,21
0006,葛洲坝,11114601,196,3.2,21
0006,葛洲坝,11114601,201,3.3,21
0006,葛洲坝,11114601,205,3.4,21
0006,葛洲坝,11114601,210,3.5,21
0006,葛洲坝,11114601,214,3.6,21
0006,葛洲坝,11114601,223,3.8,21
0006,葛洲坝,11114601,237,4.1,21
0006,葛洲坝,11114601,242,4.2,21
0006,葛洲坝,11114601,293,5.2,21
0006,葛洲坝,11114601,298,5.3,21
0006,葛洲坝,11114601,337,6.1,21
0006,葛洲坝,11114601,342,6.2,21
0006,葛洲坝,11114601,386,7.1,21
0006,葛洲坝,11114601,391,7.2,21
0006,葛洲坝,11114601,415,7.7,21
0006,葛洲坝,11114601,420,7.8,21
0006,葛洲坝,11114601,434,8.1,21
0006,葛洲坝,11114601,439,8.2,21
0006,葛洲坝,11114601,540,10.2,21
0006,葛洲坝,11114601,545,10.3,21
0006,葛洲坝,11114601,556,10.5,21
0006,葛洲坝,11114601,561,10.6,21
0006,葛洲坝,11114601,577,10.9,21
0006,葛洲坝,11114601,582,11,21
0006,葛洲坝,11114601,593,11.2,21
0006,葛洲坝,11114601,598,11.3,21
0006,葛洲坝,11114601,609,11.5,21
0006,葛洲坝,11114601,614,11.6,21
0006,葛洲坝,11114601,630,11.9,21
0006,葛洲坝,11114601,635,12,21
0006,葛洲坝,11114601,641,12.1,21
0006,葛洲坝,11114601,646,12.2,21
0006,葛洲坝,11114601,657,12.4,21
0006,葛洲坝,11114601,662,12.5,21
0006,葛洲坝,11114601,668,12.6,21
0006,葛洲坝,11114601,673,12.7,21
0006,葛洲坝,11114601,679,12.8,21
0006,葛洲坝,11114601,684,12.9,21
0006,葛洲坝,11114601,690,13,21
0006,葛洲坝,11114601,695,13.1,21
0006,葛洲坝,11114601,701,13.2,21
0006,葛洲坝,11114601,706,13.3,21
0006,葛洲坝,11114601,712,13.4,21
0006,葛洲坝,11114601,717,13.5,21
0006,葛洲坝,11114601,723,13.6,21
0006,葛洲坝,11114601,728,13.7,21
0006,葛洲坝,11114601,734,13.8,21
0006,葛洲坝,11114601,739,13.9,21
0006,葛洲坝,11114601,745,14,21
0006,葛洲坝,11114601,750,14.1,21
0006,葛洲坝,11114601,756,14.2,21
0006,葛洲坝,11114601,761,14.3,21
0006,葛洲坝,11114601,767,14.4,21
0006,葛洲坝,11114601,784,14.7,21
0006,葛洲坝,11114601,790,14.8,21
0006,葛洲坝,11114601,801,15,21
0006,葛洲坝,11114601,807,15.1,21
0006,葛洲坝,11114601,820,15.3,21
0006,葛洲坝,11114601,828,15.4,21
0006,葛洲坝,11114601,835,15.5,21
0006,葛洲坝,11114601,862,15.9,21
0006,葛洲坝,11114601,869,16,21
0006,葛洲坝,11114601,875,16.1,21
0006,葛洲坝,11114601,882,16.2,21
0006,葛洲坝,11114601,895,16.4,21
0006,葛洲坝,11114601,902,16.5,21
0006,葛洲坝,11114601,924,16.8,21
0006,葛洲坝,11114601,931,16.9,21
0006,葛洲坝,11114601,946,17.1,21
0006,葛洲坝,11114601,953,17.2,21
0006,葛洲坝,11114601,968,17.4,21
0006,葛洲坝,11114601,975,17.5,21
0006,葛洲坝,11114601,990,17.7,21
0006,葛洲坝,11114601,997,17.8,21
0006,葛洲坝,11114601,1005,17.9,21
0006,葛洲坝,11114601,1062,18.6,21
0006,葛洲坝,11114601,1070,18.7,21
0006,葛洲坝,11114601,1121,19.3,21
0006,葛洲坝,11114601,1177,19.8,21
0006,葛洲坝,11114601,1203,20,21
0006,葛洲坝,11114601,70,0,22
0006,葛洲坝,11114601,72,0.1,22
0006,葛洲坝,11114601,79,0.4,22
0006,葛洲坝,11114601,84,0.6,22
0006,葛洲坝,11114601,87,0.7,22
0006,葛洲坝,11114601,100,1.1,22
0006,葛洲坝,11114601,117,1.5,22
0006,葛洲坝,11114601,121,1.6,22
0006,葛洲坝,11114601,130,1.8,22
0006,葛洲坝,11114601,139,2,22
0006,葛洲坝,11114601,156,2.4,22
0006,葛洲坝,11114601,160,2.5,22
0006,葛洲坝,11114601,177,2.9,22
0006,葛洲坝,11114601,180,3,22
0006,葛洲坝,11114601,185,3.1,22
0006,葛洲坝,11114601,189,3.2,22
0006,葛洲坝,11114601,194,3.3,22
0006,葛洲坝,11114601,197,3.4,22
0006,葛洲坝,11114601,202,3.5,22
0006,葛洲坝,11114601,206,3.6,22
0006,葛洲坝,11114601,219,3.9,22
0006,葛洲坝,11114601,228,4.1,22
0006,葛洲坝,11114601,233,4.2,22
0006,葛洲坝,11114601,242,4.4,22
0006,葛洲坝,11114601,251,4.6,22
0006,葛洲坝,11114601,265,4.9,22
0006,葛洲坝,11114601,270,5,22
0006,葛洲坝,11114601,289,5.4,22
0006,葛洲坝,11114601,294,5.5,22
0006,葛洲坝,11114601,308,5.8,22
0006,葛洲坝,11114601,313,5.9,22
0006,葛洲坝,11114601,327,6.2,22
0006,葛洲坝,11114601,332,6.3,22
0006,葛洲坝,11114601,346,6.6,22
0006,葛洲坝,11114601,351,6.7,22
0006,葛洲坝,11114601,360,6.9,22
0006,葛洲坝,11114601,365,7,22
0006,葛洲坝,11114601,374,7.2,22
0006,葛洲坝,11114601,379,7.3,22
0006,葛洲坝,11114601,393,7.6,22
0006,葛洲坝,11114601,398,7.7,22
0006,葛洲坝,11114601,407,7.9,22
0006,葛洲坝,11114601,412,8,22
0006,葛洲坝,11114601,416,8.1,22
0006,葛洲坝,11114601,421,8.2,22
0006,葛洲坝,11114601,425,8.3,22
0006,葛洲坝,11114601,430,8.4,22
0006,葛洲坝,11114601,434,8.5,22
0006,葛洲坝,11114601,439,8.6,22
0006,葛洲坝,11114601,453,8.9,22
0006,葛洲坝,11114601,458,9,22
0006,葛洲坝,11114601,472,9.3,22
0006,葛洲坝,11114601,477,9.4,22
0006,葛洲坝,11114601,501,9.9,22
0006,葛洲坝,11114601,506,10,22
0006,葛洲坝,11114601,525,10.4,22
0006,葛洲坝,11114601,530,10.5,22
0006,葛洲坝,11114601,551,10.9,22
0006,葛洲坝,11114601,556,11,22
0006,葛洲坝,11114601,625,12.4,22
0006,葛洲坝,11114601,630,12.5,22
0006,葛洲坝,11114601,636,12.6,22
0006,葛洲坝,11114601,641,12.7,22
0006,葛洲坝,11114601,657,13,22
0006,葛洲坝,11114601,662,13.1,22
0006,葛洲坝,11114601,678,13.4,22
0006,葛洲坝,11114601,683,13.5,22
0006,葛洲坝,11114601,699,13.8,22
0006,葛洲坝,11114601,704,13.9,22
0006,葛洲坝,11114601,725,14.3,22
0006,葛洲坝,11114601,730,14.4,22
0006,葛洲坝,11114601,746,14.7,22
0006,葛洲坝,11114601,751,14.8,22
0006,葛洲坝,11114601,762,15,22
0006,葛洲坝,11114601,767,15.1,22
0006,葛洲坝,11114601,778,15.3,22
0006,葛洲坝,11114601,783,15.4,22
0006,葛洲坝,11114601,789,15.5,22
0006,葛洲坝,11114601,794,15.6,22
0006,葛洲坝,11114601,800,15.7,22
0006,葛洲坝,11114601,805,15.8,22
0006,葛洲坝,11114601,811,15.9,22
0006,葛洲坝,11114601,816,16,22
0006,葛洲坝,11114601,822,16.1,22
0006,葛洲坝,11114601,829,16.2,22
0006,葛洲坝,11114601,863,16.7,22
0006,葛洲坝,11114601,882,17,22
0006,葛洲坝,11114601,888,17.1,22
0006,葛洲坝,11114601,901,17.3,22
0006,葛洲坝,11114601,907,17.4,22
0006,葛洲坝,11114601,914,17.5,22
0006,葛洲坝,11114601,927,17.7,22
0006,葛洲坝,11114601,934,17.8,22
0006,葛洲坝,11114601,977,18.4,22
0006,葛洲坝,11114601,984,18.5,22
0006,葛洲坝,11114601,1006,18.8,22
0006,葛洲坝,11114601,1013,18.9,22
0006,葛洲坝,11114601,1028,19.1,22
0006,葛洲坝,11114601,1035,19.2,22
0006,葛洲坝,11114601,1050,19.4,22
0006,葛洲坝,11114601,1057,19.5,22
0006,葛洲坝,11114601,1065,19.6,22
0006,葛洲坝,11114601,1080,19.8,22
0006,葛洲坝,11114601,1089,19.9,22
0006,葛洲坝,11114601,1097,20,22
0006,葛洲坝,11114601,69,0,23
0006,葛洲坝,11114601,71,0.1,23
0006,葛洲坝,11114601,78,0.4,23
0006,葛洲坝,11114601,83,0.6,23
0006,葛洲坝,11114601,86,0.7,23
0006,葛洲坝,11114601,99,1.1,23
0006,葛洲坝,11114601,106,1.3,23
0006,葛洲坝,11114601,110,1.4,23
0006,葛洲坝,11114601,115,1.5,23
0006,葛洲坝,11114601,118,1.6,23
0006,葛洲坝,11114601,123,1.7,23
0006,葛洲坝,11114601,127,1.8,23
0006,葛洲坝,11114601,146,2.3,23
0006,葛洲坝,11114601,151,2.4,23
0006,葛洲坝,11114601,155,2.5,23
0006,葛洲坝,11114601,174,3,23
0006,葛洲坝,11114601,179,3.1,23
0006,葛洲坝,11114601,183,3.2,23
0006,葛洲坝,11114601,202,3.7,23
0006,葛洲坝,11114601,207,3.8,23
0006,葛洲坝,11114601,211,3.9,23
0006,葛洲坝,11114601,216,4,23
0006,葛洲坝,11114601,220,4.1,23
0006,葛洲坝,11114601,229,4.3,23
0006,葛洲坝,11114601,233,4.4,23
0006,葛洲坝,11114601,242,4.6,23
0006,葛洲坝,11114601,246,4.7,23
0006,葛洲坝,11114601,255,4.9,23
0006,葛洲坝,11114601,259,5,23
0006,葛洲坝,11114601,264,5.1,23
0006,葛洲坝,11114601,268,5.2,23
0006,葛洲坝,11114601,273,5.3,23
0006,葛洲坝,11114601,277,5.4,23
0006,葛洲坝,11114601,282,5.5,23
0006,葛洲坝,11114601,286,5.6,23
0006,葛洲坝,11114601,291,5.7,23
0006,葛洲坝,11114601,295,5.8,23
0006,葛洲坝,11114601,300,5.9,23
0006,葛洲坝,11114601,309,6.1,23
0006,葛洲坝,11114601,314,6.2,23
0006,葛洲坝,11114601,318,6.3,23
0006,葛洲坝,11114601,323,6.4,23
0006,葛洲坝,11114601,327,6.5,23
0006,葛洲坝,11114601,332,6.6,23
0006,葛洲坝,11114601,341,6.8,23
0006,葛洲坝,11114601,346,6.9,23
0006,葛洲坝,11114601,350,7,23
0006,葛洲坝,11114601,359,7.2,23
0006,葛洲坝,11114601,368,7.4,23
0006,葛洲坝,11114601,373,7.5,23
0006,葛洲坝,11114601,377,7.6,23
0006,葛洲坝,11114601,382,7.7,23
0006,葛洲坝,11114601,386,7.8,23
0006,葛洲坝,11114601,391,7.9,23
0006,葛洲坝,11114601,395,8,23
0006,葛洲坝,11114601,400,8.1,23
0006,葛洲坝,11114601,404,8.2,23
0006,葛洲坝,11114601,413,8.4,23
0006,葛洲坝,11114601,417,8.5,23
0006,葛洲坝,11114601,426,8.7,23
0006,葛洲坝,11114601,430,8.8,23
0006,葛洲坝,11114601,435,8.9,23
0006,葛洲坝,11114601,439,9,23
0006,葛洲坝,11114601,444,9.1,23
0006,葛洲坝,11114601,448,9.2,23
0006,葛洲坝,11114601,453,9.3,23
0006,葛洲坝,11114601,457,9.4,23
0006,葛洲坝,11114601,462,9.5,23
0006,葛洲坝,11114601,466,9.6,23
0006,葛洲坝,11114601,471,9.7,23
0006,葛洲坝,11114601,480,9.9,23
0006,葛洲坝,11114601,485,10,23
0006,葛洲坝,11114601,494,10.2,23
0006,葛洲坝,11114601,499,10.3,23
0006,葛洲坝,11114601,503,10.4,23
0006,葛洲坝,11114601,508,10.5,23
0006,葛洲坝,11114601,517,10.7,23
0006,葛洲坝,11114601,522,10.8,23
0006,葛洲坝,11114601,531,11,23
0006,葛洲坝,11114601,536,11.1,23
0006,葛洲坝,11114601,545,11.3,23
0006,葛洲坝,11114601,550,11.4,23
0006,葛洲坝,11114601,559,11.6,23
0006,葛洲坝,11114601,564,11.7,23
0006,葛洲坝,11114601,573,11.9,23
0006,葛洲坝,11114601,578,12,23
0006,葛洲坝,11114601,587,12.2,23
0006,葛洲坝,11114601,592,12.3,23
0006,葛洲坝,11114601,601,12.5,23
0006,葛洲坝,11114601,606,12.6,23
0006,葛洲坝,11114601,652,13.5,23
0006,葛洲坝,11114601,657,13.6,23
0006,葛洲坝,11114601,783,16.1,23
0006,葛洲坝,11114601,788,16.2,23
0006,葛洲坝,11114601,799,16.4,23
0006,葛洲坝,11114601,804,16.5,23
0006,葛洲坝,11114601,820,16.8,23
0006,葛洲坝,11114601,825,16.9,23
0006,葛洲坝,11114601,831,17,23
0006,葛洲坝,11114601,844,17.2,23
0006,葛洲坝,11114601,850,17.3,23
0006,葛洲坝,11114601,857,17.4,23
0006,葛洲坝,11114601,863,17.5,23
0006,葛洲坝,11114601,870,17.6,23
0006,葛洲坝,11114601,876,17.7,23
0006,葛洲坝,11114601,907,18.2,23
0006,葛洲坝,11114601,913,18.3,23
0006,葛洲坝,11114601,926,18.5,23
0006,葛洲坝,11114601,939,18.7,23
0006,葛洲坝,11114601,946,18.8,23
0006,葛洲坝,11114601,966,19.1,23
0006,葛洲坝,11114601,973,19.2,23
0006,葛洲坝,11114601,993,19.5,23
0006,葛洲坝,11114601,1000,19.6,23
0006,葛洲坝,11114601,1020,19.9,23
0006,葛洲坝,11114601,1027,20,23
0006,葛洲坝,11114601,69,0,24
0006,葛洲坝,11114601,71,0.1,24
0006,葛洲坝,11114601,78,0.4,24
0006,葛洲坝,11114601,80,0.5,24
0006,葛洲坝,11114601,85,0.7,24
0006,葛洲坝,11114601,95,1,24
0006,葛洲坝,11114601,98,1.1,24
0006,葛洲坝,11114601,109,1.4,24
0006,葛洲坝,11114601,113,1.5,24
0006,葛洲坝,11114601,116,1.6,24
0006,葛洲坝,11114601,120,1.7,24
0006,葛洲坝,11114601,131,2,24
0006,葛洲坝,11114601,135,2.1,24
0006,葛洲坝,11114601,142,2.3,24
0006,葛洲坝,11114601,146,2.4,24
0006,葛洲坝,11114601,157,2.7,24
0006,葛洲坝,11114601,161,2.8,24
0006,葛洲坝,11114601,184,3.4,24
0006,葛洲坝,11114601,188,3.5,24
0006,葛洲坝,11114601,229,4.5,24
0006,葛洲坝,11114601,233,4.6,24
0006,葛洲坝,11114601,250,5,24
0006,葛洲坝,11114601,254,5.1,24
0006,葛洲坝,11114601,259,5.2,24
0006,葛洲坝,11114601,263,5.3,24
0006,葛洲坝,11114601,272,5.5,24
0006,葛洲坝,11114601,276,5.6,24
0006,葛洲坝,11114601,293,6,24
0006,葛洲坝,11114601,297,6.1,24
0006,葛洲坝,11114601,302,6.2,24
0006,葛洲坝,11114601,306,6.3,24
0006,葛洲坝,11114601,315,6.5,24
0006,葛洲坝,11114601,319,6.6,24
0006,葛洲坝,11114601,328,6.8,24
0006,葛洲坝,11114601,332,6.9,24
0006,葛洲坝,11114601,341,7.1,24
0006,葛洲坝,11114601,345,7.2,24
0006,葛洲坝,11114601,354,7.4,24
0006,葛洲坝,11114601,358,7.5,24
0006,葛洲坝,11114601,363,7.6,24
0006,葛洲坝,11114601,367,7.7,24
0006,葛洲坝,11114601,376,7.9,24
0006,葛洲坝,11114601,380,8,24
0006,葛洲坝,11114601,385,8.1,24
0006,葛洲坝,11114601,389,8.2,24
0006,葛洲坝,11114601,398,8.4,24
0006,葛洲坝,11114601,402,8.5,24
0006,葛洲坝,11114601,419,8.9,24
0006,葛洲坝,11114601,423,9,24
0006,葛洲坝,11114601,440,9.4,24
0006,葛洲坝,11114601,444,9.5,24
0006,葛洲坝,11114601,453,9.7,24
0006,葛洲坝,11114601,457,9.8,24
0006,葛洲坝,11114601,466,10,24
0006,葛洲坝,11114601,470,10.1,24
0006,葛洲坝,11114601,475,10.2,24
0006,葛洲坝,11114601,479,10.3,24
0006,葛洲坝,11114601,488,10.5,24
0006,葛洲坝,11114601,492,10.6,24
0006,葛洲坝,11114601,497,10.7,24
0006,葛洲坝,11114601,501,10.8,24
0006,葛洲坝,11114601,506,10.9,24
0006,葛洲坝,11114601,510,11,24
0006,葛洲坝,11114601,515,11.1,24
0006,葛洲坝,11114601,519,11.2,24
0006,葛洲坝,11114601,528,11.4,24
0006,葛洲坝,11114601,532,11.5,24
0006,葛洲坝,11114601,537,11.6,24
0006,葛洲坝,11114601,541,11.7,24
0006,葛洲坝,11114601,550,11.9,24
0006,葛洲坝,11114601,554,12,24
0006,葛洲坝,11114601,559,12.1,24
0006,葛洲坝,11114601,563,12.2,24
0006,葛洲坝,11114601,568,12.3,24
0006,葛洲坝,11114601,572,12.4,24
0006,葛洲坝,11114601,581,12.6,24
0006,葛洲坝,11114601,585,12.7,24
0006,葛洲坝,11114601,590,12.8,24
0006,葛洲坝,11114601,599,13,24
0006,葛洲坝,11114601,604,13.1,24
0006,葛洲坝,11114601,613,13.3,24
0006,葛洲坝,11114601,618,13.4,24
0006,葛洲坝,11114601,647,14,24
0006,葛洲坝,11114601,652,14.1,24
0006,葛洲坝,11114601,681,14.7,24
0006,葛洲坝,11114601,686,14.8,24
0006,葛洲坝,11114601,700,15.1,24
0006,葛洲坝,11114601,705,15.2,24
0006,葛洲坝,11114601,724,15.6,24
0006,葛洲坝,11114601,729,15.7,24
0006,葛洲坝,11114601,748,16.1,24
0006,葛洲坝,11114601,753,16.2,24
0006,葛洲坝,11114601,834,17.8,24
0006,葛洲坝,11114601,865,18.3,24
0006,葛洲坝,11114601,871,18.4,24
0006,葛洲坝,11114601,882,18.6,24
0006,葛洲坝,11114601,888,18.7,24
0006,葛洲坝,11114601,901,18.9,24
0006,葛洲坝,11114601,907,19,24
0006,葛洲坝,11114601,926,19.3,24
0006,葛洲坝,11114601,939,19.5,24
0006,葛洲坝,11114601,946,19.6,24
0006,葛洲坝,11114601,952,19.7,24
0006,葛洲坝,11114601,959,19.8,24
0006,葛洲坝,11114601,965,19.9,24
0006,葛洲坝,11114601,68,0,25
0006,葛洲坝,11114601,70,0.1,25
0006,葛洲坝,11114601,77,0.4,25
0006,葛洲坝,11114601,79,0.5,25
0006,葛洲坝,11114601,84,0.7,25
0006,葛洲坝,11114601,94,1,25
0006,葛洲坝,11114601,97,1.1,25
0006,葛洲坝,11114601,107,1.4,25
0006,葛洲坝,11114601,114,1.6,25
0006,葛洲坝,11114601,118,1.7,25
0006,葛洲坝,11114601,121,1.8,25
0006,葛洲坝,11114601,125,1.9,25
0006,葛洲坝,11114601,128,2,25
0006,葛洲坝,11114601,132,2.1,25
0006,葛洲坝,11114601,135,2.2,25
0006,葛洲坝,11114601,142,2.4,25
0006,葛洲坝,11114601,157,2.8,25
0006,葛洲坝,11114601,161,2.9,25
0006,葛洲坝,11114601,164,3,25
0006,葛洲坝,11114601,168,3.1,25
0006,葛洲坝,11114601,179,3.4,25
0006,葛洲坝,11114601,183,3.5,25
0006,葛洲坝,11114601,190,3.7,25
0006,葛洲坝,11114601,194,3.8,25
0006,葛洲坝,11114601,291,6.2,25
0006,葛洲坝,11114601,295,6.3,25
0006,葛洲坝,11114601,312,6.7,25
0006,葛洲坝,11114601,316,6.8,25
0006,葛洲坝,11114601,337,7.3,25
0006,葛洲坝,11114601,341,7.4,25
0006,葛洲坝,11114601,358,7.8,25
0006,葛洲坝,11114601,362,7.9,25
0006,葛洲坝,11114601,375,8.2,25
0006,葛洲坝,11114601,379,8.3,25
0006,葛洲坝,11114601,396,8.7,25
0006,葛洲坝,11114601,400,8.8,25
0006,葛洲坝,11114601,449,10,25
0006,葛洲坝,11114601,453,10.1,25
0006,葛洲坝,11114601,470,10.5,25
0006,葛洲坝,11114601,474,10.6,25
0006,葛洲坝,11114601,487,10.9,25
0006,葛洲坝,11114601,491,11,25
0006,葛洲坝,11114601,504,11.3,25
0006,葛洲坝,11114601,508,11.4,25
0006,葛洲坝,11114601,517,11.6,25
0006,葛洲坝,11114601,521,11.7,25
0006,葛洲坝,11114601,534,12,25
0006,葛洲坝,11114601,538,12.1,25
0006,葛洲坝,11114601,551,12.4,25
0006,葛洲坝,11114601,555,12.5,25
0006,葛洲坝,11114601,564,12.7,25
0006,葛洲坝,11114601,568,12.8,25
0006,葛洲坝,11114601,577,13,25
0006,葛洲坝,11114601,581,13.1,25
0006,葛洲坝,11114601,586,13.2,25
0006,葛洲坝,11114601,590,13.3,25
0006,葛洲坝,11114601,595,13.4,25
0006,葛洲坝,11114601,599,13.5,25
0006,葛洲坝,11114601,604,13.6,25
0006,葛洲坝,11114601,608,13.7,25
0006,葛洲坝,11114601,613,13.8,25
0006,葛洲坝,11114601,617,13.9,25
0006,葛洲坝,11114601,622,14,25
0006,葛洲坝,11114601,626,14.1,25
0006,葛洲坝,11114601,631,14.2,25
0006,葛洲坝,11114601,635,14.3,25
0006,葛洲坝,11114601,640,14.4,25
0006,葛洲坝,11114601,644,14.5,25
0006,葛洲坝,11114601,649,14.6,25
0006,葛洲坝,11114601,658,14.8,25
0006,葛洲坝,11114601,663,14.9,25
0006,葛洲坝,11114601,667,15,25
0006,葛洲坝,11114601,672,15.1,25
0006,葛洲坝,11114601,681,15.3,25
0006,葛洲坝,11114601,686,15.4,25
0006,葛洲坝,11114601,690,15.5,25
0006,葛洲坝,11114601,695,15.6,25
0006,葛洲坝,11114601,704,15.8,25
0006,葛洲坝,11114601,709,15.9,25
0006,葛洲坝,11114601,713,16,25
0006,葛洲坝,11114601,718,16.1,25
0006,葛洲坝,11114601,727,16.3,25
0006,葛洲坝,11114601,732,16.4,25
0006,葛洲坝,11114601,736,16.5,25
0006,葛洲坝,11114601,741,16.6,25
0006,葛洲坝,11114601,750,16.8,25
0006,葛洲坝,11114601,755,16.9,25
0006,葛洲坝,11114601,759,17,25
0006,葛洲坝,11114601,764,17.1,25
0006,葛洲坝,11114601,768,17.2,25
0006,葛洲坝,11114601,773,17.3,25
0006,葛洲坝,11114601,797,17.8,25
0006,葛洲坝,11114601,802,17.9,25
0006,葛洲坝,11114601,838,18.6,25
0006,葛洲坝,11114601,855,18.9,25
0006,葛洲坝,11114601,862,19,25
0006,葛洲坝,11114601,868,19.1,25
0006,葛洲坝,11114601,923,20,25
0006,葛洲坝,11114601,68,0,26
0006,葛洲坝,11114601,70,0.1,26
0006,葛洲坝,11114601,77,0.4,26
0006,葛洲坝,11114601,79,0.5,26
0006,葛洲坝,11114601,84,0.7,26
0006,葛洲坝,11114601,89,0.9,26
0006,葛洲坝,11114601,93,1,26
0006,葛洲坝,11114601,96,1.1,26
0006,葛洲坝,11114601,106,1.4,26
0006,葛洲坝,11114601,109,1.5,26
0006,葛洲坝,11114601,116,1.7,26
0006,葛洲坝,11114601,119,1.8,26
0006,葛洲坝,11114601,123,1.9,26
0006,葛洲坝,11114601,126,2,26
0006,葛洲坝,11114601,130,2.1,26
0006,葛洲坝,11114601,132,2.2,26
0006,葛洲坝,11114601,135,2.3,26
0006,葛洲坝,11114601,139,2.4,26
0006,葛洲坝,11114601,154,2.8,26
0006,葛洲坝,11114601,158,2.9,26
0006,葛洲坝,11114601,161,3,26
0006,葛洲坝,11114601,168,3.2,26
0006,葛洲坝,11114601,175,3.4,26
0006,葛洲坝,11114601,179,3.5,26
0006,葛洲坝,11114601,182,3.6,26
0006,葛洲坝,11114601,186,3.7,26
0006,葛洲坝,11114601,189,3.8,26
0006,葛洲坝,11114601,193,3.9,26
0006,葛洲坝,11114601,208,4.3,26
0006,葛洲坝,11114601,212,4.4,26
0006,葛洲坝,11114601,231,4.9,26
0006,葛洲坝,11114601,235,5,26
0006,葛洲坝,11114601,246,5.3,26
0006,葛洲坝,11114601,250,5.4,26
0006,葛洲坝,11114601,293,6.5,26
0006,葛洲坝,11114601,297,6.6,26
0006,葛洲坝,11114601,362,8.2,26
0006,葛洲坝,11114601,366,8.3,26
0006,葛洲坝,11114601,433,10,26
0006,葛洲坝,11114601,437,10.1,26
0006,葛洲坝,11114601,486,11.3,26
0006,葛洲坝,11114601,490,11.4,26
0006,葛洲坝,11114601,519,12.1,26
0006,葛洲坝,11114601,523,12.2,26
0006,葛洲坝,11114601,552,12.9,26
0006,葛洲坝,11114601,556,13,26
0006,葛洲坝,11114601,573,13.4,26
0006,葛洲坝,11114601,577,13.5,26
0006,葛洲坝,11114601,586,13.7,26
0006,葛洲坝,11114601,590,13.8,26
0006,葛洲坝,11114601,603,14.1,26
0006,葛洲坝,11114601,607,14.2,26
0006,葛洲坝,11114601,616,14.4,26
0006,葛洲坝,11114601,620,14.5,26
0006,葛洲坝,11114601,629,14.7,26
0006,葛洲坝,11114601,633,14.8,26
0006,葛洲坝,11114601,642,15,26
0006,葛洲坝,11114601,646,15.1,26
0006,葛洲坝,11114601,655,15.3,26
0006,葛洲坝,11114601,659,15.4,26
0006,葛洲坝,11114601,664,15.5,26
0006,葛洲坝,11114601,668,15.6,26
0006,葛洲坝,11114601,677,15.8,26
0006,葛洲坝,11114601,681,15.9,26
0006,葛洲坝,11114601,690,16.1,26
0006,葛洲坝,11114601,694,16.2,26
0006,葛洲坝,11114601,699,16.3,26
0006,葛洲坝,11114601,703,16.4,26
0006,葛洲坝,11114601,712,16.6,26
0006,葛洲坝,11114601,716,16.7,26
0006,葛洲坝,11114601,721,16.8,26
0006,葛洲坝,11114601,725,16.9,26
0006,葛洲坝,11114601,734,17.1,26
0006,葛洲坝,11114601,738,17.2,26
0006,葛洲坝,11114601,743,17.3,26
0006,葛洲坝,11114601,747,17.4,26
0006,葛洲坝,11114601,756,17.6,26
0006,葛洲坝,11114601,760,17.7,26
0006,葛洲坝,11114601,765,17.8,26
0006,葛洲坝,11114601,769,17.9,26
0006,葛洲坝,11114601,774,18,26
0006,葛洲坝,11114601,783,18.2,26
0006,葛洲坝,11114601,788,18.3,26
0006,葛洲坝,11114601,802,18.6,26
0006,葛洲坝,11114601,807,18.7,26
0006,葛洲坝,11114601,823,19,26
0006,葛洲坝,11114601,840,19.3,26
0006,葛洲坝,11114601,846,19.4,26
0006,葛洲坝,11114601,851,19.5,26
0006,葛洲坝,11114601,857,19.6,26
0006,葛洲坝,11114601,67,0,27
0006,葛洲坝,11114601,69,0.1,27
0006,葛洲坝,11114601,74,0.3,27
0006,葛洲坝,11114601,76,0.4,27
0006,葛洲坝,11114601,81,0.6,27
0006,葛洲坝,11114601,83,0.7,27
0006,葛洲坝,11114601,86,0.8,27
0006,葛洲坝,11114601,108,1.5,27
0006,葛洲坝,11114601,111,1.6,27
0006,葛洲坝,11114601,127,2.1,27
0006,葛洲坝,11114601,130,2.2,27
0006,葛洲坝,11114601,137,2.4,27
0006,葛洲坝,11114601,140,2.5,27
0006,葛洲坝,11114601,144,2.6,27
0006,葛洲坝,11114601,147,2.7,27
0006,葛洲坝,11114601,154,2.9,27
0006,葛洲坝,11114601,157,3,27
0006,葛洲坝,11114601,161,3.1,27
0006,葛洲坝,11114601,164,3.2,27
0006,葛洲坝,11114601,168,3.3,27
0006,葛洲坝,11114601,171,3.4,27
0006,葛洲坝,11114601,175,3.5,27
0006,葛洲坝,11114601,178,3.6,27
0006,葛洲坝,11114601,185,3.8,27
0006,葛洲坝,11114601,192,4,27
0006,葛洲坝,11114601,196,4.1,27
0006,葛洲坝,11114601,199,4.2,27
0006,葛洲坝,11114601,203,4.3,27
0006,葛洲坝,11114601,210,4.5,27
0006,葛洲坝,11114601,214,4.6,27
0006,葛洲坝,11114601,221,4.8,27
0006,葛洲坝,11114601,225,4.9,27
0006,葛洲坝,11114601,228,5,27
0006,葛洲坝,11114601,232,5.1,27
0006,葛洲坝,11114601,247,5.5,27
0006,葛洲坝,11114601,251,5.6,27
0006,葛洲坝,11114601,262,5.9,27
0006,葛洲坝,11114601,266,6,27
0006,葛洲坝,11114601,281,6.4,27
0006,葛洲坝,11114601,285,6.5,27
0006,葛洲坝,11114601,296,6.8,27
0006,葛洲坝,11114601,300,6.9,27
0006,葛洲坝,11114601,315,7.3,27
0006,葛洲坝,11114601,319,7.4,27
0006,葛洲坝,11114601,338,7.9,27
0006,葛洲坝,11114601,342,8,27
0006,葛洲坝,11114601,373,8.8,27
0006,葛洲坝,11114601,377,8.9,27
0006,葛洲坝,11114601,404,9.6,27
0006,葛洲坝,11114601,408,9.7,27
0006,葛洲坝,11114601,427,10.2,27
0006,葛洲坝,11114601,431,10.3,27
0006,葛洲坝,11114601,446,10.7,27
0006,葛洲坝,11114601,450,10.8,27
0006,葛洲坝,11114601,465,11.2,27
0006,葛洲坝,11114601,469,11.3,27
0006,葛洲坝,11114601,496,12,27
0006,葛洲坝,11114601,500,12.1,27
0006,葛洲坝,11114601,545,13.2,27
0006,葛洲坝,11114601,549,13.3,27
0006,葛洲坝,11114601,598,14.5,27
0006,葛洲坝,11114601,602,14.6,27
0006,葛洲坝,11114601,623,15.1,27
0006,葛洲坝,11114601,627,15.2,27
0006,葛洲坝,11114601,648,15.7,27
0006,葛洲坝,11114601,652,15.8,27
0006,葛洲坝,11114601,669,16.2,27
0006,葛洲坝,11114601,673,16.3,27
0006,葛洲坝,11114601,690,16.7,27
0006,葛洲坝,11114601,694,16.8,27
0006,葛洲坝,11114601,707,17.1,27
0006,葛洲坝,11114601,711,17.2,27
0006,葛洲坝,11114601,728,17.6,27
0006,葛洲坝,11114601,732,17.7,27
0006,葛洲坝,11114601,745,18,27
0006,葛洲坝,11114601,749,18.1,27
0006,葛洲坝,11114601,758,18.3,27
0006,葛洲坝,11114601,762,18.4,27
0006,葛洲坝,11114601,767,18.5,27
0006,葛洲坝,11114601,776,18.7,27
0006,葛洲坝,11114601,781,18.8,27
0006,葛洲坝,11114601,785,18.9,27
0006,葛洲坝,11114601,790,19,27
0006,葛洲坝,11114601,811,19.4,27
0006,葛洲坝,11114601,816,19.5,27
0006,葛洲坝,11114601,822,19.6,27
0006,葛洲坝,11114601,827,19.7,27
0006,葛洲坝,11114601,833,19.8,27
0006,葛洲坝,11114601,838,19.9,27
0006,葛洲坝,11114601,844,20,27
0006,葛洲坝,11114601,67,0,28
0006,葛洲坝,11114601,69,0.1,28
0006,葛洲坝,11114601,76,0.4,28
0006,葛洲坝,11114601,78,0.5,28
0006,葛洲坝,11114601,83,0.7,28
0006,葛洲坝,11114601,85,0.8,28
0006,葛洲坝,11114601,88,0.9,28
0006,葛洲坝,11114601,131,2.3,28
0006,葛洲坝,11114601,134,2.4,28
0006,葛洲坝,11114601,141,2.6,28
0006,葛洲坝,11114601,144,2.7,28
0006,葛洲坝,11114601,151,2.9,28
0006,葛洲坝,11114601,154,3,28
0006,葛洲坝,11114601,161,3.2,28
0006,葛洲坝,11114601,164,3.3,28
0006,葛洲坝,11114601,171,3.5,28
0006,葛洲坝,11114601,174,3.6,28
0006,葛洲坝,11114601,178,3.7,28
0006,葛洲坝,11114601,181,3.8,28
0006,葛洲坝,11114601,188,4,28
0006,葛洲坝,11114601,191,4.1,28
0006,葛洲坝,11114601,195,4.2,28
0006,葛洲坝,11114601,198,4.3,28
0006,葛洲坝,11114601,202,4.4,28
0006,葛洲坝,11114601,205,4.5,28
0006,葛洲坝,11114601,209,4.6,28
0006,葛洲坝,11114601,212,4.7,28
0006,葛洲坝,11114601,216,4.8,28
0006,葛洲坝,11114601,219,4.9,28
0006,葛洲坝,11114601,223,5,28
0006,葛洲坝,11114601,226,5.1,28
0006,葛洲坝,11114601,230,5.2,28
0006,葛洲坝,11114601,237,5.4,28
0006,葛洲坝,11114601,241,5.5,28
0006,葛洲坝,11114601,248,5.7,28
0006,葛洲坝,11114601,252,5.8,28
0006,葛洲坝,11114601,259,6,28
0006,葛洲坝,11114601,263,6.1,28
0006,葛洲坝,11114601,270,6.3,28
0006,葛洲坝,11114601,274,6.4,28
0006,葛洲坝,11114601,277,6.5,28
0006,葛洲坝,11114601,281,6.6,28
0006,葛洲坝,11114601,288,6.8,28
0006,葛洲坝,11114601,292,6.9,28
0006,葛洲坝,11114601,295,7,28
0006,葛洲坝,11114601,299,7.1,28
0006,葛洲坝,11114601,306,7.3,28
0006,葛洲坝,11114601,310,7.4,28
0006,葛洲坝,11114601,317,7.6,28
0006,葛洲坝,11114601,321,7.7,28
0006,葛洲坝,11114601,328,7.9,28
0006,葛洲坝,11114601,332,8,28
0006,葛洲坝,11114601,339,8.2,28
0006,葛洲坝,11114601,343,8.3,28
0006,葛洲坝,11114601,358,8.7,28
0006,葛洲坝,11114601,362,8.8,28
0006,葛洲坝,11114601,373,9.1,28
0006,葛洲坝,11114601,377,9.2,28
0006,葛洲坝,11114601,384,9.4,28
0006,葛洲坝,11114601,388,9.5,28
0006,葛洲坝,11114601,399,9.8,28
0006,葛洲坝,11114601,403,9.9,28
0006,葛洲坝,11114601,410,10.1,28
0006,葛洲坝,11114601,414,10.2,28
0006,葛洲坝,11114601,425,10.5,28
0006,葛洲坝,11114601,429,10.6,28
0006,葛洲坝,11114601,436,10.8,28
0006,葛洲坝,11114601,440,10.9,28
0006,葛洲坝,11114601,447,11.1,28
0006,葛洲坝,11114601,451,11.2,28
0006,葛洲坝,11114601,458,11.4,28
0006,葛洲坝,11114601,462,11.5,28
0006,葛洲坝,11114601,469,11.7,28
0006,葛洲坝,11114601,473,11.8,28
0006,葛洲坝,11114601,484,12.1,28
0006,葛洲坝,11114601,488,12.2,28
0006,葛洲坝,11114601,495,12.4,28
0006,葛洲坝,11114601,499,12.5,28
0006,葛洲坝,11114601,514,12.9,28
0006,葛洲坝,11114601,518,13,28
0006,葛洲坝,11114601,545,13.7,28
0006,葛洲坝,11114601,549,13.8,28
0006,葛洲坝,11114601,658,16.5,28
0006,葛洲坝,11114601,662,16.6,28
0006,葛洲坝,11114601,735,18.4,28
0006,葛洲坝,11114601,739,18.5,28
0006,葛洲坝,11114601,744,18.6,28
0006,葛洲坝,11114601,748,18.7,28
0006,葛洲坝,11114601,757,18.9,28
0006,葛洲坝,11114601,761,19,28
0006,葛洲坝,11114601,766,19.1,28
0006,葛洲坝,11114601,770,19.2,28
0006,葛洲坝,11114601,775,19.3,28
0006,葛洲坝,11114601,781,19.4,28
0006,葛洲坝,11114601,786,19.5,28
0006,葛洲坝,11114601,808,19.9,28
0006,葛洲坝,11114601,816,20,28
0006,葛洲坝,11114601,66,0,29
0006,葛洲坝,11114601,69,0.1,29
0006,葛洲坝,11114601,71,0.2,29
0006,葛洲坝,11114601,76,0.4,29
0006,葛洲坝,11114601,78,0.5,29
0006,葛洲坝,11114601,85,0.8,29
0006,葛洲坝,11114601,87,0.9,29
0006,葛洲坝,11114601,90,1,29
0006,葛洲坝,11114601,98,1.3,29
0006,葛洲坝,11114601,101,1.4,29
0006,葛洲坝,11114601,135,2.5,29
0006,葛洲坝,11114601,138,2.6,29
0006,葛洲坝,11114601,154,3.1,29
0006,葛洲坝,11114601,157,3.2,29
0006,葛洲坝,11114601,164,3.4,29
0006,葛洲坝,11114601,167,3.5,29
0006,葛洲坝,11114601,177,3.8,29
0006,葛洲坝,11114601,180,3.9,29
0006,葛洲坝,11114601,190,4.2,29
0006,葛洲坝,11114601,193,4.3,29
0006,葛洲坝,11114601,200,4.5,29
0006,葛洲坝,11114601,203,4.6,29
0006,葛洲坝,11114601,213,4.9,29
0006,葛洲坝,11114601,216,5,29
0006,葛洲坝,11114601,223,5.2,29
0006,葛洲坝,11114601,226,5.3,29
0006,葛洲坝,11114601,230,5.4,29
0006,葛洲坝,11114601,233,5.5,29
0006,葛洲坝,11114601,237,5.6,29
0006,葛洲坝,11114601,240,5.7,29
0006,葛洲坝,11114601,244,5.8,29
0006,葛洲坝,11114601,247,5.9,29
0006,葛洲坝,11114601,251,6,29
0006,葛洲坝,11114601,254,6.1,29
0006,葛洲坝,11114601,261,6.3,29
0006,葛洲坝,11114601,264,6.4,29
0006,葛洲坝,11114601,268,6.5,29
0006,葛洲坝,11114601,271,6.6,29
0006,葛洲坝,11114601,275,6.7,29
0006,葛洲坝,11114601,278,6.8,29
0006,葛洲坝,11114601,282,6.9,29
0006,葛洲坝,11114601,289,7.1,29
0006,葛洲坝,11114601,293,7.2,29
0006,葛洲坝,11114601,296,7.3,29
0006,葛洲坝,11114601,300,7.4,29
0006,葛洲坝,11114601,303,7.5,29
0006,葛洲坝,11114601,307,7.6,29
0006,葛洲坝,11114601,310,7.7,29
0006,葛洲坝,11114601,314,7.8,29
0006,葛洲坝,11114601,317,7.9,29
0006,葛洲坝,11114601,321,8,29
0006,葛洲坝,11114601,324,8.1,29
0006,葛洲坝,11114601,328,8.2,29
0006,葛洲坝,11114601,331,8.3,29
0006,葛洲坝,11114601,335,8.4,29
0006,葛洲坝,11114601,342,8.6,29
0006,葛洲坝,11114601,346,8.7,29
0006,葛洲坝,11114601,357,9,29
0006,葛洲坝,11114601,361,9.1,29
0006,葛洲坝,11114601,364,9.2,29
0006,葛洲坝,11114601,368,9.3,29
0006,葛洲坝,11114601,371,9.4,29
0006,葛洲坝,11114601,375,9.5,29
0006,葛洲坝,11114601,382,9.7,29
0006,葛洲坝,11114601,386,9.8,29
0006,葛洲坝,11114601,391,9.9,29
0006,葛洲坝,11114601,394,10,29
0006,葛洲坝,11114601,398,10.1,29
0006,葛洲坝,11114601,405,10.3,29
0006,葛洲坝,11114601,409,10.4,29
0006,葛洲坝,11114601,412,10.5,29
0006,葛洲坝,11114601,416,10.6,29
0006,葛洲坝,11114601,423,10.8,29
0006,葛洲坝,11114601,427,10.9,29
0006,葛洲坝,11114601,430,11,29
0006,葛洲坝,11114601,434,11.1,29
0006,葛洲坝,11114601,437,11.2,29
0006,葛洲坝,11114601,441,11.3,29
0006,葛洲坝,11114601,448,11.5,29
0006,葛洲坝,11114601,452,11.6,29
0006,葛洲坝,11114601,455,11.7,29
0006,葛洲坝,11114601,459,11.8,29
0006,葛洲坝,11114601,466,12,29
0006,葛洲坝,11114601,470,12.1,29
0006,葛洲坝,11114601,473,12.2,29
0006,葛洲坝,11114601,477,12.3,29
0006,葛洲坝,11114601,480,12.4,29
0006,葛洲坝,11114601,484,12.5,29
0006,葛洲坝,11114601,491,12.7,29
0006,葛洲坝,11114601,495,12.8,29
0006,葛洲坝,11114601,498,12.9,29
0006,葛洲坝,11114601,502,13,29
0006,葛洲坝,11114601,509,13.2,29
0006,葛洲坝,11114601,513,13.3,29
0006,葛洲坝,11114601,516,13.4,29
0006,葛洲坝,11114601,520,13.5,29
0006,葛洲坝,11114601,531,13.8,29
0006,葛洲坝,11114601,535,13.9,29
0006,葛洲坝,11114601,546,14.2,29
0006,葛洲坝,11114601,550,14.3,29
0006,葛洲坝,11114601,577,15,29
0006,葛洲坝,11114601,581,15.1,29
0006,葛洲坝,11114601,612,15.9,29
0006,葛洲坝,11114601,616,16,29
0006,葛洲坝,11114601,639,16.6,29
0006,葛洲坝,11114601,643,16.7,29
0006,葛洲坝,11114601,666,17.3,29
0006,葛洲坝,11114601,670,17.4,29
0006,葛洲坝,11114601,693,18,29
0006,葛洲坝,11114601,697,18.1,29
0006,葛洲坝,11114601,710,18.4,29
0006,葛洲坝,11114601,714,18.5,29
0006,葛洲坝,11114601,727,18.8,29
0006,葛洲坝,11114601,731,18.9,29
0006,葛洲坝,11114601,744,19.2,29
0006,葛洲坝,11114601,760,19.5,29
0006,葛洲坝,11114601,767,19.6,29
0006,葛洲坝,11114601,66,0,30
0006,葛洲坝,11114601,68,0.1,30
0006,葛洲坝,11114601,71,0.2,30
0006,葛洲坝,11114601,73,0.3,30
0006,葛洲坝,11114601,78,0.5,30
0006,葛洲坝,11114601,80,0.6,30
0006,葛洲坝,11114601,87,0.9,30
0006,葛洲坝,11114601,89,1,30
0006,葛洲坝,11114601,92,1.1,30
0006,葛洲坝,11114601,97,1.3,30
0006,葛洲坝,11114601,100,1.4,30
0006,葛洲坝,11114601,111,1.8,30
0006,葛洲坝,11114601,114,1.9,30
0006,葛洲坝,11114601,133,2.5,30
0006,葛洲坝,11114601,136,2.6,30
0006,葛洲坝,11114601,158,3.3,30
0006,葛洲坝,11114601,161,3.4,30
0006,葛洲坝,11114601,174,3.8,30
0006,葛洲坝,11114601,177,3.9,30
0006,葛洲坝,11114601,190,4.3,30
0006,葛洲坝,11114601,193,4.4,30
0006,葛洲坝,11114601,206,4.8,30
0006,葛洲坝,11114601,209,4.9,30
0006,葛洲坝,11114601,219,5.2,30
0006,葛洲坝,11114601,222,5.3,30
0006,葛洲坝,11114601,226,5.4,30
0006,葛洲坝,11114601,229,5.5,30
0006,葛洲坝,11114601,236,5.7,30
0006,葛洲坝,11114601,239,5.8,30
0006,葛洲坝,11114601,243,5.9,30
0006,葛洲坝,11114601,246,6,30
0006,葛洲坝,11114601,253,6.2,30
0006,葛洲坝,11114601,256,6.3,30
0006,葛洲坝,11114601,260,6.4,30
0006,葛洲坝,11114601,263,6.5,30
0006,葛洲坝,11114601,273,6.8,30
0006,葛洲坝,11114601,276,6.9,30
0006,葛洲坝,11114601,280,7,30
0006,葛洲坝,11114601,283,7.1,30
0006,葛洲坝,11114601,287,7.2,30
0006,葛洲坝,11114601,290,7.3,30
0006,葛洲坝,11114601,294,7.4,30
0006,葛洲坝,11114601,297,7.5,30
0006,葛洲坝,11114601,304,7.7,30
0006,葛洲坝,11114601,307,7.8,30
0006,葛洲坝,11114601,314,8,30
0006,葛洲坝,11114601,317,8.1,30
0006,葛洲坝,11114601,324,8.3,30
0006,葛洲坝,11114601,327,8.4,30
0006,葛洲坝,11114601,331,8.5,30
0006,葛洲坝,11114601,334,8.6,30
0006,葛洲坝,11114601,338,8.7,30
0006,葛洲坝,11114601,341,8.8,30
0006,葛洲坝,11114601,345,8.9,30
0006,葛洲坝,11114601,348,9,30
0006,葛洲坝,11114601,352,9.1,30
0006,葛洲坝,11114601,355,9.2,30
0006,葛洲坝,11114601,359,9.3,30
0006,葛洲坝,11114601,362,9.4,30
0006,葛洲坝,11114601,366,9.5,30
0006,葛洲坝,11114601,369,9.6,30
0006,葛洲坝,11114601,373,9.7,30
0006,葛洲坝,11114601,376,9.8,30
0006,葛洲坝,11114601,380,9.9,30
0006,葛洲坝,11114601,383,10,30
0006,葛洲坝,11114601,387,10.1,30
0006,葛洲坝,11114601,390,10.2,30
0006,葛洲坝,11114601,394,10.3,30
0006,葛洲坝,11114601,397,10.4,30
0006,葛洲坝,11114601,401,10.5,30
0006,葛洲坝,11114601,404,10.6,30
0006,葛洲坝,11114601,408,10.7,30
0006,葛洲坝,11114601,411,10.8,30
0006,葛洲坝,11114601,418,11,30
0006,葛洲坝,11114601,421,11.1,30
0006,葛洲坝,11114601,425,11.2,30
0006,葛洲坝,11114601,428,11.3,30
0006,葛洲坝,11114601,432,11.4,30
0006,葛洲坝,11114601,435,11.5,30
0006,葛洲坝,11114601,439,11.6,30
0006,葛洲坝,11114601,442,11.7,30
0006,葛洲坝,11114601,449,11.9,30
0006,葛洲坝,11114601,452,12,30
0006,葛洲坝,11114601,456,12.1,30
0006,葛洲坝,11114601,459,12.2,30
0006,葛洲坝,11114601,463,12.3,30
0006,葛洲坝,11114601,466,12.4,30
0006,葛洲坝,11114601,470,12.5,30
0006,葛洲坝,11114601,473,12.6,30
0006,葛洲坝,11114601,477,12.7,30
0006,葛洲坝,11114601,480,12.8,30
0006,葛洲坝,11114601,484,12.9,30
0006,葛洲坝,11114601,487,13,30
0006,葛洲坝,11114601,491,13.1,30
0006,葛洲坝,11114601,494,13.2,30
0006,葛洲坝,11114601,498,13.3,30
0006,葛洲坝,11114601,501,13.4,30
0006,葛洲坝,11114601,505,13.5,30
0006,葛洲坝,11114601,508,13.6,30
0006,葛洲坝,11114601,512,13.7,30
0006,葛洲坝,11114601,515,13.8,30
0006,葛洲坝,11114601,519,13.9,30
0006,葛洲坝,11114601,522,14,30
0006,葛洲坝,11114601,526,14.1,30
0006,葛洲坝,11114601,529,14.2,30
0006,葛洲坝,11114601,533,14.3,30
0006,葛洲坝,11114601,540,14.5,30
0006,葛洲坝,11114601,544,14.6,30
0006,葛洲坝,11114601,547,14.7,30
0006,葛洲坝,11114601,551,14.8,30
0006,葛洲坝,11114601,562,15.1,30
0006,葛洲坝,11114601,566,15.2,30
0006,葛洲坝,11114601,573,15.4,30
0006,葛洲坝,11114601,577,15.5,30
0006,葛洲坝,11114601,588,15.8,30
0006,葛洲坝,11114601,592,15.9,30
0006,葛洲坝,11114601,603,16.2,30
0006,葛洲坝,11114601,607,16.3,30
0006,葛洲坝,11114601,614,16.5,30
0006,葛洲坝,11114601,618,16.6,30
0006,葛洲坝,11114601,629,16.9,30
0006,葛洲坝,11114601,633,17,30
0006,葛洲坝,11114601,640,17.2,30
0006,葛洲坝,11114601,644,17.3,30
0006,葛洲坝,11114601,655,17.6,30
0006,葛洲坝,11114601,659,17.7,30
0006,葛洲坝,11114601,670,18,30
0006,葛洲坝,11114601,674,18.1,30
0006,葛洲坝,11114601,691,18.5,30
0006,葛洲坝,11114601,695,18.6,30
0006,葛洲坝,11114601,721,19.2,30
0006,葛洲坝,11114602,176,0,4.8
0006,葛洲坝,11114602,190,0.1,4.8
0006,葛洲坝,11114602,198,0.2,4.8
0006,葛洲坝,11114602,213,0.3,4.8
0006,葛洲坝,11114602,230,0.4,4.8
0006,葛洲坝,11114602,250,0.5,4.8
0006,葛洲坝,11114602,272,0.6,4.8
0006,葛洲坝,11114602,300,0.7,4.8
0006,葛洲坝,11114602,325,0.8,4.8
0006,葛洲坝,11114602,380,1,4.8
0006,葛洲坝,11114602,535,1.5,4.8
0006,葛洲坝,11114602,638,1.8,4.8
0006,葛洲坝,11114602,670,1.9,4.8
0006,葛洲坝,11114602,703,2,4.8
0006,葛洲坝,11114602,737,2.1,4.8
0006,葛洲坝,11114602,772,2.2,4.8
0006,葛洲坝,11114602,168,0,5
0006,葛洲坝,11114602,182,0.1,5
0006,葛洲坝,11114602,193,0.2,5
0006,葛洲坝,11114602,208,0.3,5
0006,葛洲坝,11114602,224,0.4,5
0006,葛洲坝,11114602,263,0.6,5
0006,葛洲坝,11114602,288,0.7,5
0006,葛洲坝,11114602,315,0.8,5
0006,葛洲坝,11114602,340,0.9,5
0006,葛洲坝,11114602,366,1,5
0006,葛洲坝,11114602,397,1.1,5
0006,葛洲坝,11114602,423,1.2,5
0006,葛洲坝,11114602,452,1.3,5
0006,葛洲坝,11114602,480,1.4,5
0006,葛洲坝,11114602,510,1.5,5
0006,葛洲坝,11114602,539,1.6,5
0006,葛洲坝,11114602,571,1.7,5
0006,葛洲坝,11114602,666,2,5
0006,葛洲坝,11114602,698,2.1,5
0006,葛洲坝,11114602,732,2.2,5
0006,葛洲坝,11114602,765,2.3,5
0006,葛洲坝,11114602,866,2.6,5
0006,葛洲坝,11114602,902,2.7,5
0006,葛洲坝,11114602,939,2.8,5
0006,葛洲坝,11114602,150,0,6
0006,葛洲坝,11114602,163,0.1,6
0006,葛洲坝,11114602,175,0.2,6
0006,葛洲坝,11114602,200,0.4,6
0006,葛洲坝,11114602,216,0.5,6
0006,葛洲坝,11114602,235,0.6,6
0006,葛洲坝,11114602,251,0.7,6
0006,葛洲坝,11114602,268,0.8,6
0006,葛洲坝,11114602,286,0.9,6
0006,葛洲坝,11114602,305,1,6
0006,葛洲坝,11114602,344,1.2,6
0006,葛洲坝,11114602,365,1.3,6
0006,葛洲坝,11114602,388,1.4,6
0006,葛洲坝,11114602,410,1.5,6
0006,葛洲坝,11114602,450,1.7,6
0006,葛洲坝,11114602,474,1.8,6
0006,葛洲坝,11114602,571,2.2,6
0006,葛洲坝,11114602,597,2.3,6
0006,葛洲坝,11114602,674,2.6,6
0006,葛洲坝,11114602,700,2.7,6
0006,葛洲坝,11114602,727,2.8,6
0006,葛洲坝,11114602,755,2.9,6
0006,葛洲坝,11114602,782,3,6
0006,葛洲坝,11114602,810,3.1,6
0006,葛洲坝,11114602,953,3.6,6
0006,葛洲坝,11114602,985,3.7,6
0006,葛洲坝,11114602,1019,3.8,6
0006,葛洲坝,11114602,1054,3.9,6
0006,葛洲坝,11114602,1091,4,6
0006,葛洲坝,11114602,1133,4.1,6
0006,葛洲坝,11114602,135,0,7
0006,葛洲坝,11114602,148,0.1,7
0006,葛洲坝,11114602,158,0.2,7
0006,葛洲坝,11114602,169,0.3,7
0006,葛洲坝,11114602,179,0.4,7
0006,葛洲坝,11114602,191,0.5,7
0006,葛洲坝,11114602,206,0.6,7
0006,葛洲坝,11114602,217,0.7,7
0006,葛洲坝,11114602,231,0.8,7
0006,葛洲坝,11114602,244,0.9,7
0006,葛洲坝,11114602,258,1,7
0006,葛洲坝,11114602,288,1.2,7
0006,葛洲坝,11114602,303,1.3,7
0006,葛洲坝,11114602,321,1.4,7
0006,葛洲坝,11114602,336,1.5,7
0006,葛洲坝,11114602,353,1.6,7
0006,葛洲坝,11114602,367,1.7,7
0006,葛洲坝,11114602,386,1.8,7
0006,葛洲坝,11114602,425,2,7
0006,葛洲坝,11114602,444,2.1,7
0006,葛洲坝,11114602,483,2.3,7
0006,葛洲坝,11114602,504,2.4,7
0006,葛洲坝,11114602,524,2.5,7
0006,葛洲坝,11114602,545,2.6,7
0006,葛洲坝,11114602,565,2.7,7
0006,葛洲坝,11114602,606,2.9,7
0006,葛洲坝,11114602,649,3.1,7
0006,葛洲坝,11114602,760,3.6,7
0006,葛洲坝,11114602,784,3.7,7
0006,葛洲坝,11114602,807,3.8,7
0006,葛洲坝,11114602,832,3.9,7
0006,葛洲坝,11114602,856,4,7
0006,葛洲坝,11114602,881,4.1,7
0006,葛洲坝,11114602,934,4.3,7
0006,葛洲坝,11114602,965,4.4,7
0006,葛洲坝,11114602,1003,4.5,7
0006,葛洲坝,11114602,1046,4.6,7
0006,葛洲坝,11114602,1085,4.7,7
0006,葛洲坝,11114602,1120,4.8,7
0006,葛洲坝,11114602,1160,4.9,7
0006,葛洲坝,11114602,1190,5,7
0006,葛洲坝,11114602,122,0,8
0006,葛洲坝,11114602,132,0.1,8
0006,葛洲坝,11114602,141,0.2,8
0006,葛洲坝,11114602,160,0.4,8
0006,葛洲坝,11114602,183,0.6,8
0006,葛洲坝,11114602,192,0.7,8
0006,葛洲坝,11114602,204,0.8,8
0006,葛洲坝,11114602,215,0.9,8
0006,葛洲坝,11114602,228,1,8
0006,葛洲坝,11114602,240,1.1,8
0006,葛洲坝,11114602,253,1.2,8
0006,葛洲坝,11114602,280,1.4,8
0006,葛洲坝,11114602,292,1.5,8
0006,葛洲坝,11114602,306,1.6,8
0006,葛洲坝,11114602,316,1.7,8
0006,葛洲坝,11114602,329,1.8,8
0006,葛洲坝,11114602,344,1.9,8
0006,葛洲坝,11114602,355,2,8
0006,葛洲坝,11114602,371,2.1,8
0006,葛洲坝,11114602,386,2.2,8
0006,葛洲坝,11114602,417,2.4,8
0006,葛洲坝,11114602,466,2.7,8
0006,葛洲坝,11114602,482,2.8,8
0006,葛洲坝,11114602,497,2.9,8
0006,葛洲坝,11114602,514,3,8
0006,葛洲坝,11114602,532,3.1,8
0006,葛洲坝,11114602,549,3.2,8
0006,葛洲坝,11114602,567,3.3,8
0006,葛洲坝,11114602,584,3.4,8
0006,葛洲坝,11114602,619,3.6,8
0006,葛洲坝,11114602,638,3.7,8
0006,葛洲坝,11114602,696,4,8
0006,葛洲坝,11114602,757,4.3,8
0006,葛洲坝,11114602,779,4.4,8
0006,葛洲坝,11114602,824,4.6,8
0006,葛洲坝,11114602,848,4.7,8
0006,葛洲坝,11114602,873,4.8,8
0006,葛洲坝,11114602,899,4.9,8
0006,葛洲坝,11114602,928,5,8
0006,葛洲坝,11114602,961,5.1,8
0006,葛洲坝,11114602,995,5.2,8
0006,葛洲坝,11114602,1025,5.3,8
0006,葛洲坝,11114602,1060,5.4,8
0006,葛洲坝,11114602,1090,5.5,8
0006,葛洲坝,11114602,1115,5.6,8
0006,葛洲坝,11114602,1135,5.7,8
0006,葛洲坝,11114602,1165,5.8,8
0006,葛洲坝,11114602,1190,5.9,8
0006,葛洲坝,11114602,110,0,9
0006,葛洲坝,11114602,120,0.1,9
0006,葛洲坝,11114602,129,0.2,9
0006,葛洲坝,11114602,136,0.3,9
0006,葛洲坝,11114602,145,0.4,9
0006,葛洲坝,11114602,153,0.5,9
0006,葛洲坝,11114602,162,0.6,9
0006,葛洲坝,11114602,170,0.7,9
0006,葛洲坝,11114602,179,0.8,9
0006,葛洲坝,11114602,189,0.9,9
0006,葛洲坝,11114602,200,1,9
0006,葛洲坝,11114602,208,1.1,9
0006,葛洲坝,11114602,219,1.2,9
0006,葛洲坝,11114602,262,1.6,9
0006,葛洲坝,11114602,283,1.8,9
0006,葛洲坝,11114602,296,1.9,9
0006,葛洲坝,11114602,308,2,9
0006,葛洲坝,11114602,329,2.2,9
0006,葛洲坝,11114602,341,2.3,9
0006,葛洲坝,11114602,354,2.4,9
0006,葛洲坝,11114602,379,2.6,9
0006,葛洲坝,11114602,392,2.7,9
0006,葛洲坝,11114602,404,2.8,9
0006,葛洲坝,11114602,417,2.9,9
0006,葛洲坝,11114602,470,3.3,9
0006,葛洲坝,11114602,527,3.7,9
0006,葛洲坝,11114602,541,3.8,9
0006,葛洲坝,11114602,556,3.9,9
0006,葛洲坝,11114602,572,4,9
0006,葛洲坝,11114602,587,4.1,9
0006,葛洲坝,11114602,633,4.4,9
0006,葛洲坝,11114602,648,4.5,9
0006,葛洲坝,11114602,664,4.6,9
0006,葛洲坝,11114602,714,4.9,9
0006,葛洲坝,11114602,733,5,9
0006,葛洲坝,11114602,753,5.1,9
0006,葛洲坝,11114602,774,5.2,9
0006,葛洲坝,11114602,796,5.3,9
0006,葛洲坝,11114602,841,5.5,9
0006,葛洲坝,11114602,865,5.6,9
0006,葛洲坝,11114602,894,5.7,9
0006,葛洲坝,11114602,934,5.8,9
0006,葛洲坝,11114602,961,5.9,9
0006,葛洲坝,11114602,990,6,9
0006,葛洲坝,11114602,1020,6.1,9
0006,葛洲坝,11114602,1051,6.2,9
0006,葛洲坝,11114602,1076,6.3,9
0006,葛洲坝,11114602,1100,6.4,9
0006,葛洲坝,11114602,1130,6.5,9
0006,葛洲坝,11114602,99,0,10
0006,葛洲坝,11114602,106,0.1,10
0006,葛洲坝,11114602,121,0.3,10
0006,葛洲坝,11114602,128,0.4,10
0006,葛洲坝,11114602,136,0.5,10
0006,葛洲坝,11114602,143,0.6,10
0006,葛洲坝,11114602,149,0.7,10
0006,葛洲坝,11114602,158,0.8,10
0006,葛洲坝,11114602,166,0.9,10
0006,葛洲坝,11114602,175,1,10
0006,葛洲坝,11114602,257,1.9,10
0006,葛洲坝,11114602,306,2.4,10
0006,葛洲坝,11114602,317,2.5,10
0006,葛洲坝,11114602,329,2.6,10
0006,葛洲坝,11114602,340,2.7,10
0006,葛洲坝,11114602,352,2.8,10
0006,葛洲坝,11114602,363,2.9,10
0006,葛洲坝,11114602,375,3,10
0006,葛洲坝,11114602,386,3.1,10
0006,葛洲坝,11114602,398,3.2,10
0006,葛洲坝,11114602,409,3.3,10
0006,葛洲坝,11114602,443,3.6,10
0006,葛洲坝,11114602,454,3.7,10
0006,葛洲坝,11114602,477,3.9,10
0006,葛洲坝,11114602,500,4.1,10
0006,葛洲坝,11114602,512,4.2,10
0006,葛洲坝,11114602,537,4.4,10
0006,葛洲坝,11114602,549,4.5,10
0006,葛洲坝,11114602,562,4.6,10
0006,葛洲坝,11114602,574,4.7,10
0006,葛洲坝,11114602,588,4.8,10
0006,葛洲坝,11114602,629,5.1,10
0006,葛洲坝,11114602,669,5.4,10
0006,葛洲坝,11114602,682,5.5,10
0006,葛洲坝,11114602,693,5.6,10
0006,葛洲坝,11114602,705,5.7,10
0006,葛洲坝,11114602,718,5.8,10
0006,葛洲坝,11114602,730,5.9,10
0006,葛洲坝,11114602,741,6,10
0006,葛洲坝,11114602,758,6.1,10
0006,葛洲坝,11114602,776,6.2,10
0006,葛洲坝,11114602,798,6.3,10
0006,葛洲坝,11114602,835,6.4,10
0006,葛洲坝,11114602,873,6.5,10
0006,葛洲坝,11114602,904,6.6,10
0006,葛洲坝,11114602,925,6.7,10
0006,葛洲坝,11114602,948,6.8,10
0006,葛洲坝,11114602,996,7,10
0006,葛洲坝,11114602,1020,7.1,10
0006,葛洲坝,11114602,1040,7.2,10
0006,葛洲坝,11114602,1055,7.3,10
0006,葛洲坝,11114602,1075,7.4,10
0006,葛洲坝,11114602,1100,7.5,10
0006,葛洲坝,11114602,1130,7.6,10
0006,葛洲坝,11114602,94,0,11
0006,葛洲坝,11114602,101,0.1,11
0006,葛洲坝,11114602,107,0.2,11
0006,葛洲坝,11114602,114,0.3,11
0006,葛洲坝,11114602,120,0.4,11
0006,葛洲坝,11114602,127,0.5,11
0006,葛洲坝,11114602,133,0.6,11
0006,葛洲坝,11114602,147,0.8,11
0006,葛洲坝,11114602,154,0.9,11
0006,葛洲坝,11114602,162,1,11
0006,葛洲坝,11114602,203,1.5,11
0006,葛洲坝,11114602,211,1.6,11
0006,葛洲坝,11114602,218,1.7,11
0006,葛洲坝,11114602,226,1.8,11
0006,葛洲坝,11114602,235,1.9,11
0006,葛洲坝,11114602,243,2,11
0006,葛洲坝,11114602,252,2.1,11
0006,葛洲坝,11114602,260,2.2,11
0006,葛洲坝,11114602,269,2.3,11
0006,葛洲坝,11114602,277,2.4,11
0006,葛洲坝,11114602,287,2.5,11
0006,葛洲坝,11114602,298,2.6,11
0006,葛洲坝,11114602,305,2.7,11
0006,葛洲坝,11114602,314,2.8,11
0006,葛洲坝,11114602,324,2.9,11
0006,葛洲坝,11114602,405,3.7,11
0006,葛洲坝,11114602,415,3.8,11
0006,葛洲坝,11114602,466,4.3,11
0006,葛洲坝,11114602,476,4.4,11
0006,葛洲坝,11114602,487,4.5,11
0006,葛洲坝,11114602,497,4.6,11
0006,葛洲坝,11114602,508,4.7,11
0006,葛洲坝,11114602,597,5.5,11
0006,葛洲坝,11114602,608,5.6,11
0006,葛洲坝,11114602,618,5.7,11
0006,葛洲坝,11114602,629,5.8,11
0006,葛洲坝,11114602,650,6,11
0006,葛洲坝,11114602,671,6.2,11
0006,葛洲坝,11114602,681,6.3,11
0006,葛洲坝,11114602,690,6.4,11
0006,葛洲坝,11114602,718,6.7,11
0006,葛洲坝,11114602,729,6.8,11
0006,葛洲坝,11114602,742,6.9,11
0006,葛洲坝,11114602,759,7,11
0006,葛洲坝,11114602,796,7.2,11
0006,葛洲坝,11114602,821,7.3,11
0006,葛洲坝,11114602,875,7.5,11
0006,葛洲坝,11114602,902,7.6,11
0006,葛洲坝,11114602,920,7.7,11
0006,葛洲坝,11114602,957,7.9,11
0006,葛洲坝,11114602,996,8.1,11
0006,葛洲坝,11114602,1013,8.2,11
0006,葛洲坝,11114602,1036,8.3,11
0006,葛洲坝,11114602,1060,8.4,11
0006,葛洲坝,11114602,1090,8.5,11
0006,葛洲坝,11114602,1133,8.6,11
0006,葛洲坝,11114602,89,0,12
0006,葛洲坝,11114602,95,0.1,12
0006,葛洲坝,11114602,124,0.6,12
0006,葛洲坝,11114602,136,0.8,12
0006,葛洲坝,11114602,163,1.2,12
0006,葛洲坝,11114602,171,1.3,12
0006,葛洲坝,11114602,178,1.4,12
0006,葛洲坝,11114602,186,1.5,12
0006,葛洲坝,11114602,192,1.6,12
0006,葛洲坝,11114602,199,1.7,12
0006,葛洲坝,11114602,207,1.8,12
0006,葛洲坝,11114602,213,1.9,12
0006,葛洲坝,11114602,221,2,12
0006,葛洲坝,11114602,228,2.1,12
0006,葛洲坝,11114602,236,2.2,12
0006,葛洲坝,11114602,243,2.3,12
0006,葛洲坝,11114602,249,2.4,12
0006,葛洲坝,11114602,257,2.5,12
0006,葛洲坝,11114602,266,2.6,12
0006,葛洲坝,11114602,283,2.8,12
0006,葛洲坝,11114602,293,2.9,12
0006,葛洲坝,11114602,301,3,12
0006,葛洲坝,11114602,310,3.1,12
0006,葛洲坝,11114602,320,3.2,12
0006,葛洲坝,11114602,329,3.3,12
0006,葛洲坝,11114602,348,3.5,12
0006,葛洲坝,11114602,357,3.6,12
0006,葛洲坝,11114602,394,4,12
0006,葛洲坝,11114602,403,4.1,12
0006,葛洲坝,11114602,458,4.7,12
0006,葛洲坝,11114602,467,4.8,12
0006,葛洲坝,11114602,486,5,12
0006,葛洲坝,11114602,495,5.1,12
0006,葛洲坝,11114602,505,5.2,12
0006,葛洲坝,11114602,534,5.5,12
0006,葛洲坝,11114602,544,5.6,12
0006,葛洲坝,11114602,553,5.7,12
0006,葛洲坝,11114602,563,5.8,12
0006,葛洲坝,11114602,612,6.3,12
0006,葛洲坝,11114602,622,6.4,12
0006,葛洲坝,11114602,651,6.7,12
0006,葛洲坝,11114602,661,6.8,12
0006,葛洲坝,11114602,680,7,12
0006,葛洲坝,11114602,690,7.1,12
0006,葛洲坝,11114602,751,7.7,12
0006,葛洲坝,11114602,761,7.8,12
0006,葛洲坝,11114602,772,7.9,12
0006,葛洲坝,11114602,785,8,12
0006,葛洲坝,11114602,803,8.1,12
0006,葛洲坝,11114602,822,8.2,12
0006,葛洲坝,11114602,842,8.3,12
0006,葛洲坝,11114602,864,8.4,12
0006,葛洲坝,11114602,885,8.5,12
0006,葛洲坝,11114602,928,8.7,12
0006,葛洲坝,11114602,945,8.8,12
0006,葛洲坝,11114602,960,8.9,12
0006,葛洲坝,11114602,980,9,12
0006,葛洲坝,11114602,1002,9.1,12
0006,葛洲坝,11114602,1023,9.2,12
0006,葛洲坝,11114602,1047,9.3,12
0006,葛洲坝,11114602,1077,9.4,12
0006,葛洲坝,11114602,1124,9.5,12
0006,葛洲坝,11114602,85,0,13
0006,葛洲坝,11114602,91,0.1,13
0006,葛洲坝,11114602,96,0.2,13
0006,葛洲坝,11114602,102,0.3,13
0006,葛洲坝,11114602,107,0.4,13
0006,葛洲坝,11114602,111,0.5,13
0006,葛洲坝,11114602,116,0.6,13
0006,葛洲坝,11114602,127,0.8,13
0006,葛洲坝,11114602,138,1,13
0006,葛洲坝,11114602,145,1.1,13
0006,葛洲坝,11114602,151,1.2,13
0006,葛洲坝,11114602,158,1.3,13
0006,葛洲坝,11114602,170,1.5,13
0006,葛洲坝,11114602,177,1.6,13
0006,葛洲坝,11114602,183,1.7,13
0006,葛洲坝,11114602,190,1.8,13
0006,葛洲坝,11114602,210,2.1,13
0006,葛洲坝,11114602,223,2.3,13
0006,葛洲坝,11114602,238,2.5,13
0006,葛洲坝,11114602,245,2.6,13
0006,葛洲坝,11114602,253,2.7,13
0006,葛洲坝,11114602,270,2.9,13
0006,葛洲坝,11114602,278,3,13
0006,葛洲坝,11114602,285,3.1,13
0006,葛洲坝,11114602,293,3.2,13
0006,葛洲坝,11114602,300,3.3,13
0006,葛洲坝,11114602,308,3.4,13
0006,葛洲坝,11114602,325,3.6,13
0006,葛洲坝,11114602,341,3.8,13
0006,葛洲坝,11114602,351,3.9,13
0006,葛洲坝,11114602,359,4,13
0006,葛洲坝,11114602,368,4.1,13
0006,葛洲坝,11114602,376,4.2,13
0006,葛洲坝,11114602,385,4.3,13
0006,葛洲坝,11114602,393,4.4,13
0006,葛洲坝,11114602,402,4.5,13
0006,葛洲坝,11114602,410,4.6,13
0006,葛洲坝,11114602,419,4.7,13
0006,葛洲坝,11114602,427,4.8,13
0006,葛洲坝,11114602,436,4.9,13
0006,葛洲坝,11114602,444,5,13
0006,葛洲坝,11114602,453,5.1,13
0006,葛洲坝,11114602,461,5.2,13
0006,葛洲坝,11114602,478,5.4,13
0006,葛洲坝,11114602,495,5.6,13
0006,葛洲坝,11114602,512,5.8,13
0006,葛洲坝,11114602,529,6,13
0006,葛洲坝,11114602,538,6.1,13
0006,葛洲坝,11114602,629,7.1,13
0006,葛洲坝,11114602,638,7.2,13
0006,葛洲坝,11114602,666,7.5,13
0006,葛洲坝,11114602,675,7.6,13
0006,葛洲坝,11114602,685,7.7,13
0006,葛洲坝,11114602,694,7.8,13
0006,葛洲坝,11114602,711,8,13
0006,葛洲坝,11114602,718,8.1,13
0006,葛洲坝,11114602,733,8.3,13
0006,葛洲坝,11114602,742,8.4,13
0006,葛洲坝,11114602,761,8.6,13
0006,葛洲坝,11114602,783,8.8,13
0006,葛洲坝,11114602,796,8.9,13
0006,葛洲坝,11114602,810,9,13
0006,葛洲坝,11114602,825,9.1,13
0006,葛洲坝,11114602,843,9.2,13
0006,葛洲坝,11114602,880,9.4,13
0006,葛洲坝,11114602,898,9.5,13
0006,葛洲坝,11114602,915,9.6,13
0006,葛洲坝,11114602,931,9.7,13
0006,葛洲坝,11114602,949,9.8,13
0006,葛洲坝,11114602,969,9.9,13
0006,葛洲坝,11114602,988,10,13
0006,葛洲坝,11114602,1009,10.1,13
0006,葛洲坝,11114602,1034,10.2,13
0006,葛洲坝,11114602,1065,10.3,13
0006,葛洲坝,11114602,1113,10.4,13
0006,葛洲坝,11114602,82,0,14
0006,葛洲坝,11114602,87,0.1,14
0006,葛洲坝,11114602,91,0.2,14
0006,葛洲坝,11114602,96,0.3,14
0006,葛洲坝,11114602,105,0.5,14
0006,葛洲坝,11114602,110,0.6,14
0006,葛洲坝,11114602,114,0.7,14
0006,葛洲坝,11114602,119,0.8,14
0006,葛洲坝,11114602,125,0.9,14
0006,葛洲坝,11114602,136,1.1,14
0006,葛洲坝,11114602,142,1.2,14
0006,葛洲坝,11114602,155,1.4,14
0006,葛洲坝,11114602,161,1.5,14
0006,葛洲坝,11114602,178,1.8,14
0006,葛洲坝,11114602,185,1.9,14
0006,葛洲坝,11114602,191,2,14
0006,葛洲坝,11114602,210,2.3,14
0006,葛洲坝,11114602,216,2.4,14
0006,葛洲坝,11114602,223,2.5,14
0006,葛洲坝,11114602,245,2.8,14
0006,葛洲坝,11114602,260,3,14
0006,葛洲坝,11114602,282,3.3,14
0006,葛洲坝,11114602,289,3.4,14
0006,葛洲坝,11114602,298,3.5,14
0006,葛洲坝,11114602,303,3.6,14
0006,葛洲坝,11114602,315,3.8,14
0006,葛洲坝,11114602,323,3.9,14
0006,葛洲坝,11114602,362,4.4,14
0006,葛洲坝,11114602,370,4.5,14
0006,葛洲坝,11114602,393,4.8,14
0006,葛洲坝,11114602,401,4.9,14
0006,葛洲坝,11114602,480,5.9,14
0006,葛洲坝,11114602,488,6,14
0006,葛洲坝,11114602,505,6.2,14
0006,葛洲坝,11114602,513,6.3,14
0006,葛洲坝,11114602,536,6.6,14
0006,葛洲坝,11114602,544,6.7,14
0006,葛洲坝,11114602,585,7.2,14
0006,葛洲坝,11114602,593,7.3,14
0006,葛洲坝,11114602,610,7.5,14
0006,葛洲坝,11114602,618,7.6,14
0006,葛洲坝,11114602,627,7.7,14
0006,葛洲坝,11114602,635,7.8,14
0006,葛洲坝,11114602,652,8,14
0006,葛洲坝,11114602,660,8.1,14
0006,葛洲坝,11114602,715,8.8,14
0006,葛洲坝,11114602,730,9,14
0006,葛洲坝,11114602,763,9.4,14
0006,葛洲坝,11114602,773,9.5,14
0006,葛洲坝,11114602,784,9.6,14
0006,葛洲坝,11114602,807,9.8,14
0006,葛洲坝,11114602,820,9.9,14
0006,葛洲坝,11114602,835,10,14
0006,葛洲坝,11114602,849,10.1,14
0006,葛洲坝,11114602,864,10.2,14
0006,葛洲坝,11114602,880,10.3,14
0006,葛洲坝,11114602,927,10.6,14
0006,葛洲坝,11114602,941,10.7,14
0006,葛洲坝,11114602,957,10.8,14
0006,葛洲坝,11114602,974,10.9,14
0006,葛洲坝,11114602,995,11,14
0006,葛洲坝,11114602,1021,11.1,14
0006,葛洲坝,11114602,1055,11.2,14
0006,葛洲坝,11114602,79,0,15
0006,葛洲坝,11114602,83,0.1,15
0006,葛洲坝,11114602,112,0.8,15
0006,葛洲坝,11114602,138,1.3,15
0006,葛洲坝,11114602,155,1.6,15
0006,葛洲坝,11114602,166,1.8,15
0006,葛洲坝,11114602,183,2.1,15
0006,葛洲坝,11114602,194,2.3,15
0006,葛洲坝,11114602,219,2.7,15
0006,葛洲坝,11114602,246,3.1,15
0006,葛洲坝,11114602,259,3.3,15
0006,葛洲坝,11114602,274,3.5,15
0006,葛洲坝,11114602,281,3.6,15
0006,葛洲坝,11114602,296,3.8,15
0006,葛洲坝,11114602,303,3.9,15
0006,葛洲坝,11114602,308,4,15
0006,葛洲坝,11114602,315,4.1,15
0006,葛洲坝,11114602,344,4.5,15
0006,葛洲坝,11114602,351,4.6,15
0006,葛洲坝,11114602,373,4.9,15
0006,葛洲坝,11114602,380,5,15
0006,葛洲坝,11114602,402,5.3,15
0006,葛洲坝,11114602,409,5.4,15
0006,葛洲坝,11114602,424,5.6,15
0006,葛洲坝,11114602,431,5.7,15
0006,葛洲坝,11114602,439,5.8,15
0006,葛洲坝,11114602,446,5.9,15
0006,葛洲坝,11114602,461,6.1,15
0006,葛洲坝,11114602,468,6.2,15
0006,葛洲坝,11114602,476,6.3,15
0006,葛洲坝,11114602,483,6.4,15
0006,葛洲坝,11114602,498,6.6,15
0006,葛洲坝,11114602,505,6.7,15
0006,葛洲坝,11114602,513,6.8,15
0006,葛洲坝,11114602,520,6.9,15
0006,葛洲坝,11114602,535,7.1,15
0006,葛洲坝,11114602,542,7.2,15
0006,葛洲坝,11114602,550,7.3,15
0006,葛洲坝,11114602,557,7.4,15
0006,葛洲坝,11114602,565,7.5,15
0006,葛洲坝,11114602,572,7.6,15
0006,葛洲坝,11114602,580,7.7,15
0006,葛洲坝,11114602,587,7.8,15
0006,葛洲坝,11114602,595,7.9,15
0006,葛洲坝,11114602,610,8.1,15
0006,葛洲坝,11114602,618,8.2,15
0006,葛洲坝,11114602,625,8.3,15
0006,葛洲坝,11114602,633,8.4,15
0006,葛洲坝,11114602,640,8.5,15
0006,葛洲坝,11114602,648,8.6,15
0006,葛洲坝,11114602,663,8.8,15
0006,葛洲坝,11114602,671,8.9,15
0006,葛洲坝,11114602,678,9,15
0006,葛洲坝,11114602,686,9.1,15
0006,葛洲坝,11114602,693,9.2,15
0006,葛洲坝,11114602,708,9.4,15
0006,葛洲坝,11114602,723,9.6,15
0006,葛洲坝,11114602,731,9.7,15
0006,葛洲坝,11114602,746,9.9,15
0006,葛洲坝,11114602,754,10,15
0006,葛洲坝,11114602,761,10.1,15
0006,葛洲坝,11114602,770,10.2,15
0006,葛洲坝,11114602,778,10.3,15
0006,葛洲坝,11114602,787,10.4,15
0006,葛洲坝,11114602,797,10.5,15
0006,葛洲坝,11114602,808,10.6,15
0006,葛洲坝,11114602,831,10.8,15
0006,葛洲坝,11114602,856,11,15
0006,葛洲坝,11114602,935,11.6,15
0006,葛洲坝,11114602,946,11.7,15
0006,葛洲坝,11114602,960,11.8,15
0006,葛洲坝,11114602,981,11.9,15
0006,葛洲坝,11114602,1008,12,15
0006,葛洲坝,11114602,1044,12.1,15
0006,葛洲坝,11114602,77,0,16
0006,葛洲坝,11114602,81,0.1,16
0006,葛洲坝,11114602,84,0.2,16
0006,葛洲坝,11114602,88,0.3,16
0006,葛洲坝,11114602,95,0.5,16
0006,葛洲坝,11114602,99,0.6,16
0006,葛洲坝,11114602,112,0.9,16
0006,葛洲坝,11114602,126,1.2,16
0006,葛洲坝,11114602,132,1.3,16
0006,葛洲坝,11114602,137,1.4,16
0006,葛洲坝,11114602,143,1.5,16
0006,葛洲坝,11114602,147,1.6,16
0006,葛洲坝,11114602,152,1.7,16
0006,葛洲坝,11114602,158,1.8,16
0006,葛洲坝,11114602,163,1.9,16
0006,葛洲坝,11114602,169,2,16
0006,葛洲坝,11114602,174,2.1,16
0006,葛洲坝,11114602,178,2.2,16
0006,葛洲坝,11114602,184,2.3,16
0006,葛洲坝,11114602,189,2.4,16
0006,葛洲坝,11114602,195,2.5,16
0006,葛洲坝,11114602,220,2.9,16
0006,葛洲坝,11114602,226,3,16
0006,葛洲坝,11114602,251,3.4,16
0006,葛洲坝,11114602,264,3.6,16
0006,葛洲坝,11114602,271,3.7,16
0006,葛洲坝,11114602,284,3.9,16
0006,葛洲坝,11114602,289,4,16
0006,葛洲坝,11114602,296,4.1,16
0006,葛洲坝,11114602,302,4.2,16
0006,葛洲坝,11114602,315,4.4,16
0006,葛洲坝,11114602,335,4.7,16
0006,葛洲坝,11114602,342,4.8,16
0006,葛洲坝,11114602,355,5,16
0006,葛洲坝,11114602,362,5.1,16
0006,葛洲坝,11114602,389,5.5,16
0006,葛洲坝,11114602,396,5.6,16
0006,葛洲坝,11114602,437,6.2,16
0006,葛洲坝,11114602,444,6.3,16
0006,葛洲坝,11114602,471,6.7,16
0006,葛洲坝,11114602,478,6.8,16
0006,葛洲坝,11114602,512,7.3,16
0006,葛洲坝,11114602,519,7.4,16
0006,葛洲坝,11114602,597,8.5,16
0006,葛洲坝,11114602,604,8.6,16
0006,葛洲坝,11114602,708,10.1,16
0006,葛洲坝,11114602,715,10.2,16
0006,葛洲坝,11114602,758,10.8,16
0006,葛洲坝,11114602,765,10.9,16
0006,葛洲坝,11114602,774,11,16
0006,葛洲坝,11114602,782,11.1,16
0006,葛洲坝,11114602,791,11.2,16
0006,葛洲坝,11114602,810,11.4,16
0006,葛洲坝,11114602,851,11.8,16
0006,葛洲坝,11114602,863,11.9,16
0006,葛洲坝,11114602,886,12.1,16
0006,葛洲坝,11114602,898,12.2,16
0006,葛洲坝,11114602,921,12.4,16
0006,葛洲坝,11114602,955,12.7,16
0006,葛洲坝,11114602,971,12.8,16
0006,葛洲坝,11114602,995,12.9,16
0006,葛洲坝,11114602,1032,13,16
0006,葛洲坝,11114602,76,0,17
0006,葛洲坝,11114602,79,0.1,17
0006,葛洲坝,11114602,86,0.3,17
0006,葛洲坝,11114602,89,0.4,17
0006,葛洲坝,11114602,93,0.5,17
0006,葛洲坝,11114602,96,0.6,17
0006,葛洲坝,11114602,100,0.7,17
0006,葛洲坝,11114602,109,0.9,17
0006,葛洲坝,11114602,113,1,17
0006,葛洲坝,11114602,122,1.2,17
0006,葛洲坝,11114602,146,1.7,17
0006,葛洲坝,11114602,151,1.8,17
0006,葛洲坝,11114602,157,1.9,17
0006,葛洲坝,11114602,162,2,17
0006,葛洲坝,11114602,171,2.2,17
0006,葛洲坝,11114602,176,2.3,17
0006,葛洲坝,11114602,182,2.4,17
0006,葛洲坝,11114602,187,2.5,17
0006,葛洲坝,11114602,198,2.7,17
0006,葛洲坝,11114602,221,3.1,17
0006,葛洲坝,11114602,227,3.2,17
0006,葛洲坝,11114602,264,3.8,17
0006,葛洲坝,11114602,270,3.9,17
0006,葛洲坝,11114602,275,4,17
0006,葛洲坝,11114602,281,4.1,17
0006,葛洲坝,11114602,288,4.2,17
0006,葛洲坝,11114602,290,4.3,17
0006,葛洲坝,11114602,296,4.4,17
0006,葛洲坝,11114602,315,4.7,17
0006,葛洲坝,11114602,321,4.8,17
0006,葛洲坝,11114602,334,5,17
0006,葛洲坝,11114602,340,5.1,17
0006,葛洲坝,11114602,347,5.2,17
0006,葛洲坝,11114602,353,5.3,17
0006,葛洲坝,11114602,360,5.4,17
0006,葛洲坝,11114602,366,5.5,17
0006,葛洲坝,11114602,379,5.7,17
0006,葛洲坝,11114602,385,5.8,17
0006,葛洲坝,11114602,392,5.9,17
0006,葛洲坝,11114602,398,6,17
0006,葛洲坝,11114602,411,6.2,17
0006,葛洲坝,11114602,417,6.3,17
0006,葛洲坝,11114602,430,6.5,17
0006,葛洲坝,11114602,436,6.6,17
0006,葛洲坝,11114602,443,6.7,17
0006,葛洲坝,11114602,449,6.8,17
0006,葛洲坝,11114602,456,6.9,17
0006,葛洲坝,11114602,462,7,17
0006,葛洲坝,11114602,469,7.1,17
0006,葛洲坝,11114602,475,7.2,17
0006,葛洲坝,11114602,482,7.3,17
0006,葛洲坝,11114602,488,7.4,17
0006,葛洲坝,11114602,495,7.5,17
0006,葛洲坝,11114602,501,7.6,17
0006,葛洲坝,11114602,508,7.7,17
0006,葛洲坝,11114602,521,7.9,17
0006,葛洲坝,11114602,528,8,17
0006,葛洲坝,11114602,534,8.1,17
0006,葛洲坝,11114602,541,8.2,17
0006,葛洲坝,11114602,547,8.3,17
0006,葛洲坝,11114602,554,8.4,17
0006,葛洲坝,11114602,560,8.5,17
0006,葛洲坝,11114602,567,8.6,17
0006,葛洲坝,11114602,580,8.8,17
0006,葛洲坝,11114602,587,8.9,17
0006,葛洲坝,11114602,600,9.1,17
0006,葛洲坝,11114602,607,9.2,17
0006,葛洲坝,11114602,613,9.3,17
0006,葛洲坝,11114602,620,9.4,17
0006,葛洲坝,11114602,626,9.5,17
0006,葛洲坝,11114602,633,9.6,17
0006,葛洲坝,11114602,639,9.7,17
0006,葛洲坝,11114602,646,9.8,17
0006,葛洲坝,11114602,652,9.9,17
0006,葛洲坝,11114602,659,10,17
0006,葛洲坝,11114602,665,10.1,17
0006,葛洲坝,11114602,678,10.3,17
0006,葛洲坝,11114602,684,10.4,17
0006,葛洲坝,11114602,691,10.5,17
0006,葛洲坝,11114602,697,10.6,17
0006,葛洲坝,11114602,716,10.9,17
0006,葛洲坝,11114602,722,11,17
0006,葛洲坝,11114602,729,11.1,17
0006,葛洲坝,11114602,735,11.2,17
0006,葛洲坝,11114602,742,11.3,17
0006,葛洲坝,11114602,755,11.5,17
0006,葛洲坝,11114602,762,11.6,17
0006,葛洲坝,11114602,770,11.7,17
0006,葛洲坝,11114602,777,11.8,17
0006,葛洲坝,11114602,785,11.9,17
0006,葛洲坝,11114602,802,12.1,17
0006,葛洲坝,11114602,839,12.5,17
0006,葛洲坝,11114602,920,13.3,17
0006,葛洲坝,11114602,930,13.4,17
0006,葛洲坝,11114602,962,13.7,17
0006,葛洲坝,11114602,982,13.8,17
0006,葛洲坝,11114602,1020,13.9,17
0006,葛洲坝,11114602,74,0,18
0006,葛洲坝,11114602,78,0.1,18
0006,葛洲坝,11114602,80,0.2,18
0006,葛洲坝,11114602,83,0.3,18
0006,葛洲坝,11114602,87,0.4,18
0006,葛洲坝,11114602,90,0.5,18
0006,葛洲坝,11114602,97,0.7,18
0006,葛洲坝,11114602,126,1.4,18
0006,葛洲坝,11114602,135,1.6,18
0006,葛洲坝,11114602,140,1.7,18
0006,葛洲坝,11114602,144,1.8,18
0006,葛洲坝,11114602,154,2,18
0006,葛洲坝,11114602,158,2.1,18
0006,葛洲坝,11114602,167,2.3,18
0006,葛洲坝,11114602,171,2.4,18
0006,葛洲坝,11114602,176,2.5,18
0006,葛洲坝,11114602,180,2.6,18
0006,葛洲坝,11114602,185,2.7,18
0006,葛洲坝,11114602,191,2.8,18
0006,葛洲坝,11114602,196,2.9,18
0006,葛洲坝,11114602,202,3,18
0006,葛洲坝,11114602,207,3.1,18
0006,葛洲坝,11114602,218,3.3,18
0006,葛洲坝,11114602,223,3.4,18
0006,葛洲坝,11114602,244,3.8,18
0006,葛洲坝,11114602,255,4,18
0006,葛洲坝,11114602,261,4.1,18
0006,葛洲坝,11114602,266,4.2,18
0006,葛洲坝,11114602,272,4.3,18
0006,葛洲坝,11114602,285,4.5,18
0006,葛洲坝,11114602,297,4.7,18
0006,葛洲坝,11114602,308,4.9,18
0006,葛洲坝,11114602,315,5,18
0006,葛洲坝,11114602,321,5.1,18
0006,葛洲坝,11114602,376,6,18
0006,葛洲坝,11114602,382,6.1,18
0006,葛洲坝,11114602,443,7.1,18
0006,葛洲坝,11114602,449,7.2,18
0006,葛洲坝,11114602,492,7.9,18
0006,葛洲坝,11114602,498,8,18
0006,葛洲坝,11114602,535,8.6,18
0006,葛洲坝,11114602,541,8.7,18
0006,葛洲坝,11114602,560,9,18
0006,葛洲坝,11114602,566,9.1,18
0006,葛洲坝,11114602,615,9.9,18
0006,葛洲坝,11114602,621,10,18
0006,葛洲坝,11114602,698,11.3,18
0006,葛洲坝,11114602,704,11.4,18
0006,葛洲坝,11114602,735,11.9,18
0006,葛洲坝,11114602,741,12,18
0006,葛洲坝,11114602,760,12.3,18
0006,葛洲坝,11114602,796,12.8,18
0006,葛洲坝,11114602,821,13.1,18
0006,葛洲坝,11114602,829,13.2,18
0006,葛洲坝,11114602,838,13.3,18
0006,葛洲坝,11114602,866,13.6,18
0006,葛洲坝,11114602,875,13.7,18
0006,葛洲坝,11114602,937,14.4,18
0006,葛洲坝,11114602,949,14.5,18
0006,葛洲坝,11114602,960,14.6,18
0006,葛洲坝,11114602,976,14.7,18
0006,葛洲坝,11114602,998,14.8,18
0006,葛洲坝,11114602,73,0,19
0006,葛洲坝,11114602,76,0.1,19
0006,葛洲坝,11114602,78,0.2,19
0006,葛洲坝,11114602,84,0.4,19
0006,葛洲坝,11114602,87,0.5,19
0006,葛洲坝,11114602,101,0.9,19
0006,葛洲坝,11114602,104,1,19
0006,葛洲坝,11114602,108,1.1,19
0006,葛洲坝,11114602,125,1.5,19
0006,葛洲坝,11114602,129,1.6,19
0006,葛洲坝,11114602,142,1.9,19
0006,葛洲坝,11114602,146,2,19
0006,葛洲坝,11114602,159,2.3,19
0006,葛洲坝,11114602,163,2.4,19
0006,葛洲坝,11114602,172,2.6,19
0006,葛洲坝,11114602,176,2.7,19
0006,葛洲坝,11114602,182,2.8,19
0006,葛洲坝,11114602,186,2.9,19
0006,葛洲坝,11114602,191,3,19
0006,葛洲坝,11114602,202,3.2,19
0006,葛洲坝,11114602,207,3.3,19
0006,葛洲坝,11114602,221,3.6,19
0006,葛洲坝,11114602,227,3.7,19
0006,葛洲坝,11114602,232,3.8,19
0006,葛洲坝,11114602,243,4,19
0006,葛洲坝,11114602,248,4.1,19
0006,葛洲坝,11114602,265,4.4,19
0006,葛洲坝,11114602,271,4.5,19
0006,葛洲坝,11114602,276,4.6,19
0006,葛洲坝,11114602,282,4.7,19
0006,葛洲坝,11114602,298,5,19
0006,葛洲坝,11114602,303,5.1,19
0006,葛洲坝,11114602,309,5.2,19
0006,葛洲坝,11114602,320,5.4,19
0006,葛洲坝,11114602,326,5.5,19
0006,葛洲坝,11114602,343,5.8,19
0006,葛洲坝,11114602,349,5.9,19
0006,葛洲坝,11114602,372,6.3,19
0006,葛洲坝,11114602,378,6.4,19
0006,葛洲坝,11114602,401,6.8,19
0006,葛洲坝,11114602,407,6.9,19
0006,葛洲坝,11114602,430,7.3,19
0006,葛洲坝,11114602,436,7.4,19
0006,葛洲坝,11114602,459,7.8,19
0006,葛洲坝,11114602,465,7.9,19
0006,葛洲坝,11114602,488,8.3,19
0006,葛洲坝,11114602,494,8.4,19
0006,葛洲坝,11114602,523,8.9,19
0006,葛洲坝,11114602,529,9,19
0006,葛洲坝,11114602,546,9.3,19
0006,葛洲坝,11114602,552,9.4,19
0006,葛洲坝,11114602,569,9.7,19
0006,葛洲坝,11114602,575,9.8,19
0006,葛洲坝,11114602,586,10,19
0006,葛洲坝,11114602,592,10.1,19
0006,葛洲坝,11114602,609,10.4,19
0006,葛洲坝,11114602,615,10.5,19
0006,葛洲坝,11114602,632,10.8,19
0006,葛洲坝,11114602,638,10.9,19
0006,葛洲坝,11114602,655,11.2,19
0006,葛洲坝,11114602,661,11.3,19
0006,葛洲坝,11114602,672,11.5,19
0006,葛洲坝,11114602,678,11.6,19
0006,葛洲坝,11114602,689,11.8,19
0006,葛洲坝,11114602,695,11.9,19
0006,葛洲坝,11114602,706,12.1,19
0006,葛洲坝,11114602,712,12.2,19
0006,葛洲坝,11114602,741,12.7,19
0006,葛洲坝,11114602,747,12.8,19
0006,葛洲坝,11114602,772,13.2,19
0006,葛洲坝,11114602,778,13.3,19
0006,葛洲坝,11114602,785,13.4,19
0006,葛洲坝,11114602,807,13.7,19
0006,葛洲坝,11114602,814,13.8,19
0006,葛洲坝,11114602,822,13.9,19
0006,葛洲坝,11114602,863,14.4,19
0006,葛洲坝,11114602,871,14.5,19
0006,葛洲坝,11114602,880,14.6,19
0006,葛洲坝,11114602,888,14.7,19
0006,葛洲坝,11114602,929,15.2,19
0006,葛洲坝,11114602,937,15.3,19
0006,葛洲坝,11114602,960,15.5,19
0006,葛洲坝,11114602,72,0,20
0006,葛洲坝,11114602,74,0.1,20
0006,葛洲坝,11114602,81,0.4,20
0006,葛洲坝,11114602,97,0.9,20
0006,葛洲坝,11114602,100,1,20
0006,葛洲坝,11114602,104,1.1,20
0006,葛洲坝,11114602,111,1.3,20
0006,葛洲坝,11114602,115,1.4,20
0006,葛洲坝,11114602,140,2,20
0006,葛洲坝,11114602,144,2.1,20
0006,葛洲坝,11114602,173,2.8,20
0006,葛洲坝,11114602,177,2.9,20
0006,葛洲坝,11114602,182,3,20
0006,葛洲坝,11114602,206,3.5,20
0006,葛洲坝,11114602,215,3.7,20
0006,葛洲坝,11114602,251,4.4,20
0006,葛洲坝,11114602,262,4.6,20
0006,葛洲坝,11114602,273,4.8,20
0006,葛洲坝,11114602,284,5,20
0006,葛洲坝,11114602,315,5.6,20
0006,葛洲坝,11114602,320,5.7,20
0006,葛洲坝,11114602,326,5.8,20
0006,葛洲坝,11114602,331,5.9,20
0006,葛洲坝,11114602,337,6,20
0006,葛洲坝,11114602,342,6.1,20
0006,葛洲坝,11114602,348,6.2,20
0006,葛洲坝,11114602,353,6.3,20
0006,葛洲坝,11114602,359,6.4,20
0006,葛洲坝,11114602,364,6.5,20
0006,葛洲坝,11114602,370,6.6,20
0006,葛洲坝,11114602,375,6.7,20
0006,葛洲坝,11114602,381,6.8,20
0006,葛洲坝,11114602,386,6.9,20
0006,葛洲坝,11114602,392,7,20
0006,葛洲坝,11114602,397,7.1,20
0006,葛洲坝,11114602,403,7.2,20
0006,葛洲坝,11114602,408,7.3,20
0006,葛洲坝,11114602,414,7.4,20
0006,葛洲坝,11114602,419,7.5,20
0006,葛洲坝,11114602,425,7.6,20
0006,葛洲坝,11114602,430,7.7,20
0006,葛洲坝,11114602,436,7.8,20
0006,葛洲坝,11114602,441,7.9,20
0006,葛洲坝,11114602,447,8,20
0006,葛洲坝,11114602,458,8.2,20
0006,葛洲坝,11114602,464,8.3,20
0006,葛洲坝,11114602,469,8.4,20
0006,葛洲坝,11114602,480,8.6,20
0006,葛洲坝,11114602,485,8.7,20
0006,葛洲坝,11114602,491,8.8,20
0006,葛洲坝,11114602,496,8.9,20
0006,葛洲坝,11114602,502,9,20
0006,葛洲坝,11114602,507,9.1,20
0006,葛洲坝,11114602,513,9.2,20
0006,葛洲坝,11114602,518,9.3,20
0006,葛洲坝,11114602,529,9.5,20
0006,葛洲坝,11114602,534,9.6,20
0006,葛洲坝,11114602,540,9.7,20
0006,葛洲坝,11114602,545,9.8,20
0006,葛洲坝,11114602,556,10,20
0006,葛洲坝,11114602,561,10.1,20
0006,葛洲坝,11114602,567,10.2,20
0006,葛洲坝,11114602,572,10.3,20
0006,葛洲坝,11114602,583,10.5,20
0006,葛洲坝,11114602,588,10.6,20
0006,葛洲坝,11114602,594,10.7,20
0006,葛洲坝,11114602,599,10.8,20
0006,葛洲坝,11114602,605,10.9,20
0006,葛洲坝,11114602,610,11,20
0006,葛洲坝,11114602,616,11.1,20
0006,葛洲坝,11114602,621,11.2,20
0006,葛洲坝,11114602,632,11.4,20
0006,葛洲坝,11114602,637,11.5,20
0006,葛洲坝,11114602,643,11.6,20
0006,葛洲坝,11114602,648,11.7,20
0006,葛洲坝,11114602,659,11.9,20
0006,葛洲坝,11114602,664,12,20
0006,葛洲坝,11114602,670,12.1,20
0006,葛洲坝,11114602,675,12.2,20
0006,葛洲坝,11114602,681,12.3,20
0006,葛洲坝,11114602,686,12.4,20
0006,葛洲坝,11114602,692,12.5,20
0006,葛洲坝,11114602,697,12.6,20
0006,葛洲坝,11114602,708,12.8,20
0006,葛洲坝,11114602,713,12.9,20
0006,葛洲坝,11114602,724,13.1,20
0006,葛洲坝,11114602,729,13.2,20
0006,葛洲坝,11114602,735,13.3,20
0006,葛洲坝,11114602,746,13.5,20
0006,葛洲坝,11114602,752,13.6,20
0006,葛洲坝,11114602,777,14,20
0006,葛洲坝,11114602,783,14.1,20
0006,葛洲坝,11114602,796,14.3,20
0006,葛洲坝,11114602,802,14.4,20
0006,葛洲坝,11114602,809,14.5,20
0006,葛洲坝,11114602,824,14.7,20
0006,葛洲坝,11114602,839,14.9,20
0006,葛洲坝,11114602,854,15.1,20
0006,葛洲坝,11114602,861,15.2,20
0006,葛洲坝,11114602,869,15.3,20
0006,葛洲坝,11114602,892,15.6,20
0006,葛洲坝,11114602,900,15.7,20
0006,葛洲坝,11114602,925,16,20
0006,葛洲坝,11114602,942,16.2,20
0006,葛洲坝,11114602,952,16.3,20
0006,葛洲坝,11114602,975,16.5,20
0006,葛洲坝,11114602,990,16.6,20
0006,葛洲坝,11114602,71,0,21
0006,葛洲坝,11114602,73,0.1,21
0006,葛洲坝,11114602,80,0.4,21
0006,葛洲坝,11114602,91,0.8,21
0006,葛洲坝,11114602,95,0.9,21
0006,葛洲坝,11114602,98,1,21
0006,葛洲坝,11114602,102,1.1,21
0006,葛洲坝,11114602,105,1.2,21
0006,葛洲坝,11114602,112,1.4,21
0006,葛洲坝,11114602,115,1.5,21
0006,葛洲坝,11114602,119,1.6,21
0006,葛洲坝,11114602,136,2,21
0006,葛洲坝,11114602,139,2.1,21
0006,葛洲坝,11114602,143,2.2,21
0006,葛洲坝,11114602,176,3,21
0006,葛洲坝,11114602,180,3.1,21
0006,葛洲坝,11114602,185,3.2,21
0006,葛洲坝,11114602,194,3.4,21
0006,葛洲坝,11114602,207,3.7,21
0006,葛洲坝,11114602,216,3.9,21
0006,葛洲坝,11114602,221,4,21
0006,葛洲坝,11114602,247,4.5,21
0006,葛洲坝,11114602,251,4.6,21
0006,葛洲坝,11114602,256,4.7,21
0006,葛洲坝,11114602,262,4.8,21
0006,葛洲坝,11114602,267,4.9,21
0006,葛洲坝,11114602,286,5.3,21
0006,葛洲坝,11114602,295,5.5,21
0006,葛洲坝,11114602,321,6,21
0006,葛洲坝,11114602,326,6.1,21
0006,葛洲坝,11114602,342,6.4,21
0006,葛洲坝,11114602,347,6.5,21
0006,葛洲坝,11114602,363,6.8,21
0006,葛洲坝,11114602,368,6.9,21
0006,葛洲坝,11114602,389,7.3,21
0006,葛洲坝,11114602,394,7.4,21
0006,葛洲坝,11114602,410,7.7,21
0006,葛洲坝,11114602,415,7.8,21
0006,葛洲坝,11114602,426,8,21
0006,葛洲坝,11114602,431,8.1,21
0006,葛洲坝,11114602,452,8.5,21
0006,葛洲坝,11114602,457,8.6,21
0006,葛洲坝,11114602,478,9,21
0006,葛洲坝,11114602,483,9.1,21
0006,葛洲坝,11114602,519,9.8,21
0006,葛洲坝,11114602,524,9.9,21
0006,葛洲坝,11114602,570,10.8,21
0006,葛洲坝,11114602,575,10.9,21
0006,葛洲坝,11114602,611,11.6,21
0006,葛洲坝,11114602,616,11.7,21
0006,葛洲坝,11114602,632,12,21
0006,葛洲坝,11114602,637,12.1,21
0006,葛洲坝,11114602,653,12.4,21
0006,葛洲坝,11114602,658,12.5,21
0006,葛洲坝,11114602,674,12.8,21
0006,葛洲坝,11114602,679,12.9,21
0006,葛洲坝,11114602,695,13.2,21
0006,葛洲坝,11114602,700,13.3,21
0006,葛洲坝,11114602,711,13.5,21
0006,葛洲坝,11114602,716,13.6,21
0006,葛洲坝,11114602,732,13.9,21
0006,葛洲坝,11114602,737,14,21
0006,葛洲坝,11114602,753,14.3,21
0006,葛洲坝,11114602,758,14.4,21
0006,葛洲坝,11114602,764,14.5,21
0006,葛洲坝,11114602,793,15,21
0006,葛洲坝,11114602,799,15.1,21
0006,葛洲坝,11114602,806,15.2,21
0006,葛洲坝,11114602,812,15.3,21
0006,葛洲坝,11114602,819,15.4,21
0006,葛洲坝,11114602,832,15.6,21
0006,葛洲坝,11114602,839,15.7,21
0006,葛洲坝,11114602,861,16,21
0006,葛洲坝,11114602,868,16.1,21
0006,葛洲坝,11114602,904,16.6,21
0006,葛洲坝,11114602,911,16.7,21
0006,葛洲坝,11114602,933,17,21
0006,葛洲坝,11114602,940,17.1,21
0006,葛洲坝,11114602,946,17.2,21
0006,葛洲坝,11114602,954,17.3,21
0006,葛洲坝,11114602,965,17.4,21
0006,葛洲坝,11114602,983,17.5,21
0006,葛洲坝,11114602,70,0,22
0006,葛洲坝,11114602,72,0.1,22
0006,葛洲坝,11114602,79,0.4,22
0006,葛洲坝,11114602,87,0.7,22
0006,葛洲坝,11114602,90,0.8,22
0006,葛洲坝,11114602,112,1.5,22
0006,葛洲坝,11114602,115,1.6,22
0006,葛洲坝,11114602,119,1.7,22
0006,葛洲坝,11114602,138,2.2,22
0006,葛洲坝,11114602,142,2.3,22
0006,葛洲坝,11114602,157,2.7,22
0006,葛洲坝,11114602,161,2.8,22
0006,葛洲坝,11114602,182,3.3,22
0006,葛洲坝,11114602,191,3.5,22
0006,葛洲坝,11114602,194,3.6,22
0006,葛洲坝,11114602,198,3.7,22
0006,葛洲坝,11114602,203,3.8,22
0006,葛洲坝,11114602,207,3.9,22
0006,葛洲坝,11114602,212,4,22
0006,葛洲坝,11114602,221,4.2,22
0006,葛洲坝,11114602,226,4.3,22
0006,葛洲坝,11114602,240,4.6,22
0006,葛洲坝,11114602,245,4.7,22
0006,葛洲坝,11114602,264,5.1,22
0006,葛洲坝,11114602,269,5.2,22
0006,葛洲坝,11114602,273,5.3,22
0006,葛洲坝,11114602,278,5.4,22
0006,葛洲坝,11114602,287,5.6,22
0006,葛洲坝,11114602,292,5.7,22
0006,葛洲坝,11114602,296,5.8,22
0006,葛洲坝,11114602,301,5.9,22
0006,葛洲坝,11114602,460,9.1,22
0006,葛洲坝,11114602,465,9.2,22
0006,葛洲坝,11114602,519,10.3,22
0006,葛洲坝,11114602,524,10.4,22
0006,葛洲坝,11114602,548,10.9,22
0006,葛洲坝,11114602,553,11,22
0006,葛洲坝,11114602,734,14.6,22
0006,葛洲坝,11114602,739,14.7,22
0006,葛洲坝,11114602,775,15.4,22
0006,葛洲坝,11114602,780,15.5,22
0006,葛洲坝,11114602,786,15.6,22
0006,葛洲坝,11114602,797,15.8,22
0006,葛洲坝,11114602,803,15.9,22
0006,葛洲坝,11114602,846,16.6,22
0006,葛洲坝,11114602,859,16.8,22
0006,葛洲坝,11114602,866,16.9,22
0006,葛洲坝,11114602,872,17,22
0006,葛洲坝,11114602,879,17.1,22
0006,葛洲坝,11114602,885,17.2,22
0006,葛洲坝,11114602,892,17.3,22
0006,葛洲坝,11114602,905,17.5,22
0006,葛洲坝,11114602,912,17.6,22
0006,葛洲坝,11114602,932,17.9,22
0006,葛洲坝,11114602,939,18,22
0006,葛洲坝,11114602,978,18.4,22
0006,葛洲坝,11114602,69,0,23
0006,葛洲坝,11114602,72,0.1,23
0006,葛洲坝,11114602,74,0.2,23
0006,葛洲坝,11114602,81,0.5,23
0006,葛洲坝,11114602,83,0.6,23
0006,葛洲坝,11114602,86,0.7,23
0006,葛洲坝,11114602,88,0.8,23
0006,葛洲坝,11114602,91,0.9,23
0006,葛洲坝,11114602,102,1.3,23
0006,葛洲坝,11114602,105,1.4,23
0006,葛洲坝,11114602,109,1.5,23
0006,葛洲坝,11114602,112,1.6,23
0006,葛洲坝,11114602,116,1.7,23
0006,葛洲坝,11114602,119,1.8,23
0006,葛洲坝,11114602,123,1.9,23
0006,葛洲坝,11114602,130,2.1,23
0006,葛洲坝,11114602,134,2.2,23
0006,葛洲坝,11114602,137,2.3,23
0006,葛洲坝,11114602,141,2.4,23
0006,葛洲坝,11114602,152,2.7,23
0006,葛洲坝,11114602,156,2.8,23
0006,葛洲坝,11114602,159,2.9,23
0006,葛洲坝,11114602,163,3,23
0006,葛洲坝,11114602,166,3.1,23
0006,葛洲坝,11114602,170,3.2,23
0006,葛洲坝,11114602,175,3.3,23
0006,葛洲坝,11114602,179,3.4,23
0006,葛洲坝,11114602,186,3.6,23
0006,葛洲坝,11114602,190,3.7,23
0006,葛洲坝,11114602,199,3.9,23
0006,葛洲坝,11114602,203,4,23
0006,葛洲坝,11114602,208,4.1,23
0006,葛洲坝,11114602,212,4.2,23
0006,葛洲坝,11114602,221,4.4,23
0006,葛洲坝,11114602,229,4.6,23
0006,葛洲坝,11114602,234,4.7,23
0006,葛洲坝,11114602,238,4.8,23
0006,葛洲坝,11114602,243,4.9,23
0006,葛洲坝,11114602,252,5.1,23
0006,葛洲坝,11114602,261,5.3,23
0006,葛洲坝,11114602,265,5.4,23
0006,葛洲坝,11114602,270,5.5,23
0006,葛洲坝,11114602,274,5.6,23
0006,葛洲坝,11114602,279,5.7,23
0006,葛洲坝,11114602,288,5.9,23
0006,葛洲坝,11114602,293,6,23
0006,葛洲坝,11114602,302,6.2,23
0006,葛洲坝,11114602,307,6.3,23
0006,葛洲坝,11114602,326,6.7,23
0006,葛洲坝,11114602,331,6.8,23
0006,葛洲坝,11114602,345,7.1,23
0006,葛洲坝,11114602,350,7.2,23
0006,葛洲坝,11114602,364,7.5,23
0006,葛洲坝,11114602,369,7.6,23
0006,葛洲坝,11114602,383,7.9,23
0006,葛洲坝,11114602,388,8,23
0006,葛洲坝,11114602,407,8.4,23
0006,葛洲坝,11114602,412,8.5,23
0006,葛洲坝,11114602,426,8.8,23
0006,葛洲坝,11114602,431,8.9,23
0006,葛洲坝,11114602,445,9.2,23
0006,葛洲坝,11114602,450,9.3,23
0006,葛洲坝,11114602,464,9.6,23
0006,葛洲坝,11114602,469,9.7,23
0006,葛洲坝,11114602,483,10,23
0006,葛洲坝,11114602,488,10.1,23
0006,葛洲坝,11114602,497,10.3,23
0006,葛洲坝,11114602,502,10.4,23
0006,葛洲坝,11114602,511,10.6,23
0006,葛洲坝,11114602,516,10.7,23
0006,葛洲坝,11114602,525,10.9,23
0006,葛洲坝,11114602,530,11,23
0006,葛洲坝,11114602,539,11.2,23
0006,葛洲坝,11114602,544,11.3,23
0006,葛洲坝,11114602,548,11.4,23
0006,葛洲坝,11114602,553,11.5,23
0006,葛洲坝,11114602,562,11.7,23
0006,葛洲坝,11114602,567,11.8,23
0006,葛洲坝,11114602,581,12.1,23
0006,葛洲坝,11114602,586,12.2,23
0006,葛洲坝,11114602,610,12.7,23
0006,葛洲坝,11114602,615,12.8,23
0006,葛洲坝,11114602,634,13.2,23
0006,葛洲坝,11114602,639,13.3,23
0006,葛洲坝,11114602,658,13.7,23
0006,葛洲坝,11114602,663,13.8,23
0006,葛洲坝,11114602,682,14.2,23
0006,葛洲坝,11114602,687,14.3,23
0006,葛洲坝,11114602,706,14.7,23
0006,葛洲坝,11114602,711,14.8,23
0006,葛洲坝,11114602,730,15.2,23
0006,葛洲坝,11114602,735,15.3,23
0006,葛洲坝,11114602,754,15.7,23
0006,葛洲坝,11114602,759,15.8,23
0006,葛洲坝,11114602,770,16,23
0006,葛洲坝,11114602,775,16.1,23
0006,葛洲坝,11114602,786,16.3,23
0006,葛洲坝,11114602,791,16.4,23
0006,葛洲坝,11114602,812,16.8,23
0006,葛洲坝,11114602,817,16.9,23
0006,葛洲坝,11114602,823,17,23
0006,葛洲坝,11114602,840,17.3,23
0006,葛洲坝,11114602,846,17.4,23
0006,葛洲坝,11114602,883,18,23
0006,葛洲坝,11114602,889,18.1,23
0006,葛洲坝,11114602,908,18.4,23
0006,葛洲坝,11114602,914,18.5,23
0006,葛洲坝,11114602,927,18.7,23
0006,葛洲坝,11114602,933,18.8,23
0006,葛洲坝,11114602,940,18.9,23
0006,葛洲坝,11114602,946,19,23
0006,葛洲坝,11114602,959,19.2,23
0006,葛洲坝,11114602,69,0,24
0006,葛洲坝,11114602,71,0.1,24
0006,葛洲坝,11114602,80,0.5,24
0006,葛洲坝,11114602,82,0.6,24
0006,葛洲坝,11114602,87,0.8,24
0006,葛洲坝,11114602,89,0.9,24
0006,葛洲坝,11114602,92,1,24
0006,葛洲坝,11114602,94,1.1,24
0006,葛洲坝,11114602,97,1.2,24
0006,葛洲坝,11114602,99,1.3,24
0006,葛洲坝,11114602,102,1.4,24
0006,葛洲坝,11114602,109,1.6,24
0006,葛洲坝,11114602,112,1.7,24
0006,葛洲坝,11114602,119,1.9,24
0006,葛洲坝,11114602,126,2.1,24
0006,葛洲坝,11114602,130,2.2,24
0006,葛洲坝,11114602,133,2.3,24
0006,葛洲坝,11114602,137,2.4,24
0006,葛洲坝,11114602,144,2.6,24
0006,葛洲坝,11114602,151,2.8,24
0006,葛洲坝,11114602,154,2.9,24
0006,葛洲坝,11114602,161,3.1,24
0006,葛洲坝,11114602,180,3.6,24
0006,葛洲坝,11114602,184,3.7,24
0006,葛洲坝,11114602,201,4.1,24
0006,葛洲坝,11114602,205,4.2,24
0006,葛洲坝,11114602,218,4.5,24
0006,葛洲坝,11114602,221,4.6,24
0006,葛洲坝,11114602,225,4.7,24
0006,葛洲坝,11114602,230,4.8,24
0006,葛洲坝,11114602,234,4.9,24
0006,葛洲坝,11114602,243,5.1,24
0006,葛洲坝,11114602,247,5.2,24
0006,葛洲坝,11114602,260,5.5,24
0006,葛洲坝,11114602,263,5.6,24
0006,葛洲坝,11114602,268,5.7,24
0006,葛洲坝,11114602,271,5.8,24
0006,葛洲坝,11114602,276,5.9,24
0006,葛洲坝,11114602,282,6,24
0006,葛洲坝,11114602,285,6.1,24
0006,葛洲坝,11114602,290,6.2,24
0006,葛洲坝,11114602,299,6.4,24
0006,葛洲坝,11114602,304,6.5,24
0006,葛洲坝,11114602,308,6.6,24
0006,葛洲坝,11114602,313,6.7,24
0006,葛洲坝,11114602,322,6.9,24
0006,葛洲坝,11114602,327,7,24
0006,葛洲坝,11114602,331,7.1,24
0006,葛洲坝,11114602,336,7.2,24
0006,葛洲坝,11114602,340,7.3,24
0006,葛洲坝,11114602,345,7.4,24
0006,葛洲坝,11114602,354,7.6,24
0006,葛洲坝,11114602,359,7.7,24
0006,葛洲坝,11114602,363,7.8,24
0006,葛洲坝,11114602,368,7.9,24
0006,葛洲坝,11114602,372,8,24
0006,葛洲坝,11114602,377,8.1,24
0006,葛洲坝,11114602,381,8.2,24
0006,葛洲坝,11114602,386,8.3,24
0006,葛洲坝,11114602,395,8.5,24
0006,葛洲坝,11114602,400,8.6,24
0006,葛洲坝,11114602,404,8.7,24
0006,葛洲坝,11114602,409,8.8,24
0006,葛洲坝,11114602,413,8.9,24
0006,葛洲坝,11114602,418,9,24
0006,葛洲坝,11114602,427,9.2,24
0006,葛洲坝,11114602,432,9.3,24
0006,葛洲坝,11114602,436,9.4,24
0006,葛洲坝,11114602,441,9.5,24
0006,葛洲坝,11114602,445,9.6,24
0006,葛洲坝,11114602,450,9.7,24
0006,葛洲坝,11114602,454,9.8,24
0006,葛洲坝,11114602,459,9.9,24
0006,葛洲坝,11114602,468,10.1,24
0006,葛洲坝,11114602,473,10.2,24
0006,葛洲坝,11114602,477,10.3,24
0006,葛洲坝,11114602,482,10.4,24
0006,葛洲坝,11114602,486,10.5,24
0006,葛洲坝,11114602,491,10.6,24
0006,葛洲坝,11114602,495,10.7,24
0006,葛洲坝,11114602,500,10.8,24
0006,葛洲坝,11114602,504,10.9,24
0006,葛洲坝,11114602,509,11,24
0006,葛洲坝,11114602,513,11.1,24
0006,葛洲坝,11114602,518,11.2,24
0006,葛洲坝,11114602,522,11.3,24
0006,葛洲坝,11114602,527,11.4,24
0006,葛洲坝,11114602,531,11.5,24
0006,葛洲坝,11114602,536,11.6,24
0006,葛洲坝,11114602,540,11.7,24
0006,葛洲坝,11114602,549,11.9,24
0006,葛洲坝,11114602,553,12,24
0006,葛洲坝,11114602,558,12.1,24
0006,葛洲坝,11114602,562,12.2,24
0006,葛洲坝,11114602,567,12.3,24
0006,葛洲坝,11114602,571,12.4,24
0006,葛洲坝,11114602,576,12.5,24
0006,葛洲坝,11114602,580,12.6,24
0006,葛洲坝,11114602,585,12.7,24
0006,葛洲坝,11114602,594,12.9,24
0006,葛洲坝,11114602,599,13,24
0006,葛洲坝,11114602,603,13.1,24
0006,葛洲坝,11114602,608,13.2,24
0006,葛洲坝,11114602,617,13.4,24
0006,葛洲坝,11114602,622,13.5,24
0006,葛洲坝,11114602,626,13.6,24
0006,葛洲坝,11114602,631,13.7,24
0006,葛洲坝,11114602,640,13.9,24
0006,葛洲坝,11114602,645,14,24
0006,葛洲坝,11114602,649,14.1,24
0006,葛洲坝,11114602,654,14.2,24
0006,葛洲坝,11114602,663,14.4,24
0006,葛洲坝,11114602,668,14.5,24
0006,葛洲坝,11114602,677,14.7,24
0006,葛洲坝,11114602,682,14.8,24
0006,葛洲坝,11114602,686,14.9,24
0006,葛洲坝,11114602,691,15,24
0006,葛洲坝,11114602,700,15.2,24
0006,葛洲坝,11114602,705,15.3,24
0006,葛洲坝,11114602,714,15.5,24
0006,葛洲坝,11114602,719,15.6,24
0006,葛洲坝,11114602,723,15.7,24
0006,葛洲坝,11114602,728,15.8,24
0006,葛洲坝,11114602,737,16,24
0006,葛洲坝,11114602,742,16.1,24
0006,葛洲坝,11114602,776,16.8,24
0006,葛洲坝,11114602,781,16.9,24
0006,葛洲坝,11114602,810,17.5,24
0006,葛洲坝,11114602,816,17.6,24
0006,葛洲坝,11114602,821,17.7,24
0006,葛洲坝,11114602,832,17.9,24
0006,葛洲坝,11114602,837,18,24
0006,葛洲坝,11114602,853,18.3,24
0006,葛洲坝,11114602,864,18.5,24
0006,葛洲坝,11114602,870,18.6,24
0006,葛洲坝,11114602,875,18.7,24
0006,葛洲坝,11114602,881,18.8,24
0006,葛洲坝,11114602,910,19.3,24
0006,葛洲坝,11114602,916,19.4,24
0006,葛洲坝,11114602,68,0,25
0006,葛洲坝,11114602,70,0.1,25
0006,葛洲坝,11114602,79,0.5,25
0006,葛洲坝,11114602,81,0.6,25
0006,葛洲坝,11114602,90,1,25
0006,葛洲坝,11114602,92,1.1,25
0006,葛洲坝,11114602,99,1.4,25
0006,葛洲坝,11114602,115,1.9,25
0006,葛洲坝,11114602,122,2.1,25
0006,葛洲坝,11114602,132,2.4,25
0006,葛洲坝,11114602,139,2.6,25
0006,葛洲坝,11114602,158,3.2,25
0006,葛洲坝,11114602,173,3.6,25
0006,葛洲坝,11114602,180,3.8,25
0006,葛洲坝,11114602,211,4.6,25
0006,葛洲坝,11114602,215,4.7,25
0006,葛洲坝,11114602,256,5.7,25
0006,葛洲坝,11114602,274,6.1,25
0006,葛洲坝,11114602,279,6.2,25
0006,葛洲坝,11114602,283,6.3,25
0006,葛洲坝,11114602,292,6.5,25
0006,葛洲坝,11114602,296,6.6,25
0006,葛洲坝,11114602,301,6.7,25
0006,葛洲坝,11114602,305,6.8,25
0006,葛洲坝,11114602,310,6.9,25
0006,葛洲坝,11114602,314,7,25
0006,葛洲坝,11114602,323,7.2,25
0006,葛洲坝,11114602,327,7.3,25
0006,葛洲坝,11114602,332,7.4,25
0006,葛洲坝,11114602,336,7.5,25
0006,葛洲坝,11114602,345,7.7,25
0006,葛洲坝,11114602,349,7.8,25
0006,葛洲坝,11114602,358,8,25
0006,葛洲坝,11114602,362,8.1,25
0006,葛洲坝,11114602,371,8.3,25
0006,葛洲坝,11114602,375,8.4,25
0006,葛洲坝,11114602,380,8.5,25
0006,葛洲坝,11114602,384,8.6,25
0006,葛洲坝,11114602,393,8.8,25
0006,葛洲坝,11114602,397,8.9,25
0006,葛洲坝,11114602,402,9,25
0006,葛洲坝,11114602,406,9.1,25
0006,葛洲坝,11114602,415,9.3,25
0006,葛洲坝,11114602,419,9.4,25
0006,葛洲坝,11114602,424,9.5,25
0006,葛洲坝,11114602,428,9.6,25
0006,葛洲坝,11114602,437,9.8,25
0006,葛洲坝,11114602,441,9.9,25
0006,葛洲坝,11114602,450,10.1,25
0006,葛洲坝,11114602,454,10.2,25
0006,葛洲坝,11114602,459,10.3,25
0006,葛洲坝,11114602,463,10.4,25
0006,葛洲坝,11114602,472,10.6,25
0006,葛洲坝,11114602,476,10.7,25
0006,葛洲坝,11114602,485,10.9,25
0006,葛洲坝,11114602,489,11,25
0006,葛洲坝,11114602,494,11.1,25
0006,葛洲坝,11114602,498,11.2,25
0006,葛洲坝,11114602,507,11.4,25
0006,葛洲坝,11114602,511,11.5,25
0006,葛洲坝,11114602,520,11.7,25
0006,葛洲坝,11114602,524,11.8,25
0006,葛洲坝,11114602,533,12,25
0006,葛洲坝,11114602,537,12.1,25
0006,葛洲坝,11114602,550,12.4,25
0006,葛洲坝,11114602,554,12.5,25
0006,葛洲坝,11114602,563,12.7,25
0006,葛洲坝,11114602,567,12.8,25
0006,葛洲坝,11114602,576,13,25
0006,葛洲坝,11114602,580,13.1,25
0006,葛洲坝,11114602,585,13.2,25
0006,葛洲坝,11114602,589,13.3,25
0006,葛洲坝,11114602,598,13.5,25
0006,葛洲坝,11114602,602,13.6,25
0006,葛洲坝,11114602,607,13.7,25
0006,葛洲坝,11114602,611,13.8,25
0006,葛洲坝,11114602,620,14,25
0006,葛洲坝,11114602,624,14.1,25
0006,葛洲坝,11114602,629,14.2,25
0006,葛洲坝,11114602,633,14.3,25
0006,葛洲坝,11114602,638,14.4,25
0006,葛洲坝,11114602,642,14.5,25
0006,葛洲坝,11114602,647,14.6,25
0006,葛洲坝,11114602,651,14.7,25
0006,葛洲坝,11114602,656,14.8,25
0006,葛洲坝,11114602,660,14.9,25
0006,葛洲坝,11114602,669,15.1,25
0006,葛洲坝,11114602,673,15.2,25
0006,葛洲坝,11114602,678,15.3,25
0006,葛洲坝,11114602,682,15.4,25
0006,葛洲坝,11114602,687,15.5,25
0006,葛洲坝,11114602,691,15.6,25
0006,葛洲坝,11114602,700,15.8,25
0006,葛洲坝,11114602,704,15.9,25
0006,葛洲坝,11114602,709,16,25
0006,葛洲坝,11114602,713,16.1,25
0006,葛洲坝,11114602,718,16.2,25
0006,葛洲坝,11114602,727,16.4,25
0006,葛洲坝,11114602,732,16.5,25
0006,葛洲坝,11114602,741,16.7,25
0006,葛洲坝,11114602,746,16.8,25
0006,葛洲坝,11114602,755,17,25
0006,葛洲坝,11114602,760,17.1,25
0006,葛洲坝,11114602,764,17.2,25
0006,葛洲坝,11114602,769,17.3,25
0006,葛洲坝,11114602,773,17.4,25
0006,葛洲坝,11114602,778,17.5,25
0006,葛洲坝,11114602,782,17.6,25
0006,葛洲坝,11114602,787,17.7,25
0006,葛洲坝,11114602,791,17.8,25
0006,葛洲坝,11114602,796,17.9,25
0006,葛洲坝,11114602,825,18.5,25
0006,葛洲坝,11114602,830,18.6,25
0006,葛洲坝,11114602,856,19.1,25
0006,葛洲坝,11114602,861,19.2,25
0006,葛洲坝,11114602,887,19.7,25
0006,葛洲坝,11114602,898,19.9,25
0006,葛洲坝,11114602,68,0,26
0006,葛洲坝,11114602,69,0.1,26
0006,葛洲坝,11114602,71,0.2,26
0006,葛洲坝,11114602,78,0.5,26
0006,葛洲坝,11114602,80,0.6,26
0006,葛洲坝,11114602,89,1,26
0006,葛洲坝,11114602,91,1.1,26
0006,葛洲坝,11114602,98,1.4,26
0006,葛洲坝,11114602,117,2,26
0006,葛洲坝,11114602,120,2.1,26
0006,葛洲坝,11114602,133,2.5,26
0006,葛洲坝,11114602,136,2.6,26
0006,葛洲坝,11114602,155,3.2,26
0006,葛洲坝,11114602,170,3.6,26
0006,葛洲坝,11114602,177,3.8,26
0006,葛洲坝,11114602,180,3.9,26
0006,葛洲坝,11114602,184,4,26
0006,葛洲坝,11114602,191,4.2,26
0006,葛洲坝,11114602,195,4.3,26
0006,葛洲坝,11114602,205,4.6,26
0006,葛洲坝,11114602,210,4.7,26
0006,葛洲坝,11114602,213,4.8,26
0006,葛洲坝,11114602,217,4.9,26
0006,葛洲坝,11114602,224,5.1,26
0006,葛洲坝,11114602,228,5.2,26
0006,葛洲坝,11114602,253,5.8,26
0006,葛洲坝,11114602,257,5.9,26
0006,葛洲坝,11114602,270,6.2,26
0006,葛洲坝,11114602,273,6.3,26
0006,葛洲坝,11114602,277,6.4,26
0006,葛洲坝,11114602,282,6.5,26
0006,葛洲坝,11114602,286,6.6,26
0006,葛洲坝,11114602,297,6.9,26
0006,葛洲坝,11114602,301,7,26
0006,葛洲坝,11114602,307,7.1,26
0006,葛洲坝,11114602,311,7.2,26
0006,葛洲坝,11114602,328,7.6,26
0006,葛洲坝,11114602,332,7.7,26
0006,葛洲坝,11114602,349,8.1,26
0006,葛洲坝,11114602,353,8.2,26
0006,葛洲坝,11114602,370,8.6,26
0006,葛洲坝,11114602,374,8.7,26
0006,葛洲坝,11114602,387,9,26
0006,葛洲坝,11114602,391,9.1,26
0006,葛洲坝,11114602,408,9.5,26
0006,葛洲坝,11114602,412,9.6,26
0006,葛洲坝,11114602,425,9.9,26
0006,葛洲坝,11114602,429,10,26
0006,葛洲坝,11114602,442,10.3,26
0006,葛洲坝,11114602,446,10.4,26
0006,葛洲坝,11114602,463,10.8,26
0006,葛洲坝,11114602,467,10.9,26
0006,葛洲坝,11114602,480,11.2,26
0006,葛洲坝,11114602,484,11.3,26
0006,葛洲坝,11114602,501,11.7,26
0006,葛洲坝,11114602,505,11.8,26
0006,葛洲坝,11114602,522,12.2,26
0006,葛洲坝,11114602,526,12.3,26
0006,葛洲坝,11114602,547,12.8,26
0006,葛洲坝,11114602,551,12.9,26
0006,葛洲坝,11114602,572,13.4,26
0006,葛洲坝,11114602,576,13.5,26
0006,葛洲坝,11114602,589,13.8,26
0006,葛洲坝,11114602,593,13.9,26
0006,葛洲坝,11114602,606,14.2,26
0006,葛洲坝,11114602,610,14.3,26
0006,葛洲坝,11114602,623,14.6,26
0006,葛洲坝,11114602,627,14.7,26
0006,葛洲坝,11114602,640,15,26
0006,葛洲坝,11114602,644,15.1,26
0006,葛洲坝,11114602,653,15.3,26
0006,葛洲坝,11114602,657,15.4,26
0006,葛洲坝,11114602,670,15.7,26
0006,葛洲坝,11114602,674,15.8,26
0006,葛洲坝,11114602,683,16,26
0006,葛洲坝,11114602,687,16.1,26
0006,葛洲坝,11114602,696,16.3,26
0006,葛洲坝,11114602,700,16.4,26
0006,葛洲坝,11114602,709,16.6,26
0006,葛洲坝,11114602,713,16.7,26
0006,葛洲坝,11114602,718,16.8,26
0006,葛洲坝,11114602,722,16.9,26
0006,葛洲坝,11114602,727,17,26
0006,葛洲坝,11114602,731,17.1,26
0006,葛洲坝,11114602,744,17.4,26
0006,葛洲坝,11114602,748,17.5,26
0006,葛洲坝,11114602,753,17.6,26
0006,葛洲坝,11114602,757,17.7,26
0006,葛洲坝,11114602,762,17.8,26
0006,葛洲坝,11114602,766,17.9,26
0006,葛洲坝,11114602,775,18.1,26
0006,葛洲坝,11114602,779,18.2,26
0006,葛洲坝,11114602,784,18.3,26
0006,葛洲坝,11114602,793,18.5,26
0006,葛洲坝,11114602,798,18.6,26
0006,葛洲坝,11114602,807,18.8,26
0006,葛洲坝,11114602,812,18.9,26
0006,葛洲坝,11114602,816,19,26
0006,葛洲坝,11114602,821,19.1,26
0006,葛洲坝,11114602,825,19.2,26
0006,葛洲坝,11114602,830,19.3,26
0006,葛洲坝,11114602,849,19.7,26
0006,葛洲坝,11114602,854,19.8,26
0006,葛洲坝,11114602,67,0,27
0006,葛洲坝,11114602,69,0.1,27
0006,葛洲坝,11114602,70,0.2,27
0006,葛洲坝,11114602,72,0.3,27
0006,葛洲坝,11114602,77,0.5,27
0006,葛洲坝,11114602,79,0.6,27
0006,葛洲坝,11114602,90,1.1,27
0006,葛洲坝,11114602,92,1.2,27
0006,葛洲坝,11114602,97,1.4,27
0006,葛洲坝,11114602,108,1.8,27
0006,葛洲坝,11114602,112,1.9,27
0006,葛洲坝,11114602,115,2,27
0006,葛洲坝,11114602,120,2.2,27
0006,葛洲坝,11114602,123,2.3,27
0006,葛洲坝,11114602,127,2.4,27
0006,葛洲坝,11114602,134,2.6,27
0006,葛洲坝,11114602,153,3.2,27
0006,葛洲坝,11114602,156,3.3,27
0006,葛洲坝,11114602,160,3.4,27
0006,葛洲坝,11114602,167,3.6,27
0006,葛洲坝,11114602,174,3.8,27
0006,葛洲坝,11114602,177,3.9,27
0006,葛洲坝,11114602,181,4,27
0006,葛洲坝,11114602,184,4.1,27
0006,葛洲坝,11114602,188,4.2,27
0006,葛洲坝,11114602,191,4.3,27
0006,葛洲坝,11114602,195,4.4,27
0006,葛洲坝,11114602,198,4.5,27
0006,葛洲坝,11114602,205,4.7,27
0006,葛洲坝,11114602,208,4.8,27
0006,葛洲坝,11114602,212,4.9,27
0006,葛洲坝,11114602,219,5.1,27
0006,葛洲坝,11114602,223,5.2,27
0006,葛洲坝,11114602,226,5.3,27
0006,葛洲坝,11114602,230,5.4,27
0006,葛洲坝,11114602,251,5.9,27
0006,葛洲坝,11114602,255,6,27
0006,葛洲坝,11114602,258,6.1,27
0006,葛洲坝,11114602,262,6.2,27
0006,葛洲坝,11114602,269,6.4,27
0006,葛洲坝,11114602,274,6.5,27
0006,葛洲坝,11114602,277,6.6,27
0006,葛洲坝,11114602,281,6.7,27
0006,葛洲坝,11114602,290,6.9,27
0006,葛洲坝,11114602,294,7,27
0006,葛洲坝,11114602,301,7.2,27
0006,葛洲坝,11114602,305,7.3,27
0006,葛洲坝,11114602,308,7.4,27
0006,葛洲坝,11114602,312,7.5,27
0006,葛洲坝,11114602,353,8.5,27
0006,葛洲坝,11114602,357,8.6,27
0006,葛洲坝,11114602,418,10.1,27
0006,葛洲坝,11114602,422,10.2,27
0006,葛洲坝,11114602,467,11.3,27
0006,葛洲坝,11114602,471,11.4,27
0006,葛洲坝,11114602,524,12.7,27
0006,葛洲坝,11114602,528,12.8,27
0006,葛洲坝,11114602,605,14.7,27
0006,葛洲坝,11114602,609,14.8,27
0006,葛洲坝,11114602,642,15.6,27
0006,葛洲坝,11114602,646,15.7,27
0006,葛洲坝,11114602,667,16.2,27
0006,葛洲坝,11114602,671,16.3,27
0006,葛洲坝,11114602,684,16.6,27
0006,葛洲坝,11114602,688,16.7,27
0006,葛洲坝,11114602,705,17.1,27
0006,葛洲坝,11114602,709,17.2,27
0006,葛洲坝,11114602,722,17.5,27
0006,葛洲坝,11114602,726,17.6,27
0006,葛洲坝,11114602,739,17.9,27
0006,葛洲坝,11114602,743,18,27
0006,葛洲坝,11114602,752,18.2,27
0006,葛洲坝,11114602,756,18.3,27
0006,葛洲坝,11114602,765,18.5,27
0006,葛洲坝,11114602,769,18.6,27
0006,葛洲坝,11114602,778,18.8,27
0006,葛洲坝,11114602,782,18.9,27
0006,葛洲坝,11114602,791,19.1,27
0006,葛洲坝,11114602,795,19.2,27
0006,葛洲坝,11114602,800,19.3,27
0006,葛洲坝,11114602,804,19.4,27
0006,葛洲坝,11114602,809,19.5,27
0006,葛洲坝,11114602,813,19.6,27
0006,葛洲坝,11114602,818,19.7,27
0006,葛洲坝,11114602,822,19.8,27
0006,葛洲坝,11114602,827,19.9,27
0006,葛洲坝,11114602,831,20,27
0006,葛洲坝,11114602,67,0,28
0006,葛洲坝,11114602,68,0.1,28
0006,葛洲坝,11114602,70,0.2,28
0006,葛洲坝,11114602,71,0.3,28
0006,葛洲坝,11114602,73,0.4,28
0006,葛洲坝,11114602,86,1,28
0006,葛洲坝,11114602,88,1.1,28
0006,葛洲坝,11114602,91,1.2,28
0006,葛洲坝,11114602,96,1.4,28
0006,葛洲坝,11114602,100,1.5,28
0006,葛洲坝,11114602,102,1.6,28
0006,葛洲坝,11114602,107,1.8,28
0006,葛洲坝,11114602,118,2.2,28
0006,葛洲坝,11114602,121,2.3,28
0006,葛洲坝,11114602,125,2.4,28
0006,葛洲坝,11114602,128,2.5,28
0006,葛洲坝,11114602,138,2.8,28
0006,葛洲坝,11114602,141,2.9,28
0006,葛洲坝,11114602,154,3.3,28
0006,葛洲坝,11114602,157,3.4,28
0006,葛洲坝,11114602,161,3.5,28
0006,葛洲坝,11114602,164,3.6,28
0006,葛洲坝,11114602,171,3.8,28
0006,葛洲坝,11114602,174,3.9,28
0006,葛洲坝,11114602,181,4.1,28
0006,葛洲坝,11114602,184,4.2,28
0006,葛洲坝,11114602,191,4.4,28
0006,葛洲坝,11114602,194,4.5,28
0006,葛洲坝,11114602,204,4.8,28
0006,葛洲坝,11114602,207,4.9,28
0006,葛洲坝,11114602,211,5,28
0006,葛洲坝,11114602,214,5.1,28
0006,葛洲坝,11114602,218,5.2,28
0006,葛洲坝,11114602,221,5.3,28
0006,葛洲坝,11114602,225,5.4,28
0006,葛洲坝,11114602,232,5.6,28
0006,葛洲坝,11114602,236,5.7,28
0006,葛洲坝,11114602,245,5.9,28
0006,葛洲坝,11114602,248,6,28
0006,葛洲坝,11114602,252,6.1,28
0006,葛洲坝,11114602,255,6.2,28
0006,葛洲坝,11114602,259,6.3,28
0006,葛洲坝,11114602,262,6.4,28
0006,葛洲坝,11114602,266,6.5,28
0006,葛洲坝,11114602,272,6.7,28
0006,葛洲坝,11114602,277,6.8,28
0006,葛洲坝,11114602,281,6.9,28
0006,葛洲坝,11114602,288,7.1,28
0006,葛洲坝,11114602,292,7.2,28
0006,葛洲坝,11114602,295,7.3,28
0006,葛洲坝,11114602,299,7.4,28
0006,葛洲坝,11114602,310,7.7,28
0006,葛洲坝,11114602,314,7.8,28
0006,葛洲坝,11114602,321,8,28
0006,葛洲坝,11114602,325,8.1,28
0006,葛洲坝,11114602,344,8.6,28
0006,葛洲坝,11114602,348,8.7,28
0006,葛洲坝,11114602,403,10.1,28
0006,葛洲坝,11114602,407,10.2,28
0006,葛洲坝,11114602,474,11.9,28
0006,葛洲坝,11114602,478,12,28
0006,葛洲坝,11114602,529,13.3,28
0006,葛洲坝,11114602,533,13.4,28
0006,葛洲坝,11114602,576,14.5,28
0006,葛洲坝,11114602,580,14.6,28
0006,葛洲坝,11114602,673,16.9,28
0006,葛洲坝,11114602,677,17,28
0006,葛洲坝,11114602,722,18.1,28
0006,葛洲坝,11114602,726,18.2,28
0006,葛洲坝,11114602,743,18.6,28
0006,葛洲坝,11114602,747,18.7,28
0006,葛洲坝,11114602,764,19.1,28
0006,葛洲坝,11114602,768,19.2,28
0006,葛洲坝,11114602,781,19.5,28
0006,葛洲坝,11114602,785,19.6,28
0006,葛洲坝,11114602,798,19.9,28
0006,葛洲坝,11114602,66,0,29
0006,葛洲坝,11114602,68,0.1,29
0006,葛洲坝,11114602,69,0.2,29
0006,葛洲坝,11114602,72,0.4,29
0006,葛洲坝,11114602,87,1.1,29
0006,葛洲坝,11114602,95,1.4,29
0006,葛洲坝,11114602,99,1.5,29
0006,葛洲坝,11114602,101,1.6,29
0006,葛洲坝,11114602,109,1.9,29
0006,葛洲坝,11114602,111,2,29
0006,葛洲坝,11114602,114,2.1,29
0006,葛洲坝,11114602,116,2.2,29
0006,葛洲坝,11114602,119,2.3,29
0006,葛洲坝,11114602,135,2.8,29
0006,葛洲坝,11114602,138,2.9,29
0006,葛洲坝,11114602,148,3.2,29
0006,葛洲坝,11114602,151,3.3,29
0006,葛洲坝,11114602,158,3.5,29
0006,葛洲坝,11114602,161,3.6,29
0006,葛洲坝,11114602,168,3.8,29
0006,葛洲坝,11114602,171,3.9,29
0006,葛洲坝,11114602,190,4.5,29
0006,葛洲坝,11114602,193,4.6,29
0006,葛洲坝,11114602,206,5,29
0006,葛洲坝,11114602,209,5.1,29
0006,葛洲坝,11114602,216,5.3,29
0006,葛洲坝,11114602,219,5.4,29
0006,葛洲坝,11114602,223,5.5,29
0006,葛洲坝,11114602,226,5.6,29
0006,葛洲坝,11114602,230,5.7,29
0006,葛洲坝,11114602,245,6.1,29
0006,葛洲坝,11114602,252,6.3,29
0006,葛洲坝,11114602,255,6.4,29
0006,葛洲坝,11114602,259,6.5,29
0006,葛洲坝,11114602,262,6.6,29
0006,葛洲坝,11114602,269,6.8,29
0006,葛洲坝,11114602,284,7.2,29
0006,葛洲坝,11114602,291,7.4,29
0006,葛洲坝,11114602,298,7.6,29
0006,葛洲坝,11114602,305,7.8,29
0006,葛洲坝,11114602,316,8.1,29
0006,葛洲坝,11114602,320,8.2,29
0006,葛洲坝,11114602,323,8.3,29
0006,葛洲坝,11114602,330,8.5,29
0006,葛洲坝,11114602,333,8.6,29
0006,葛洲坝,11114602,337,8.7,29
0006,葛洲坝,11114602,348,9,29
0006,葛洲坝,11114602,352,9.1,29
0006,葛洲坝,11114602,371,9.6,29
0006,葛洲坝,11114602,375,9.7,29
0006,葛洲坝,11114602,394,10.2,29
0006,葛洲坝,11114602,398,10.3,29
0006,葛洲坝,11114602,413,10.7,29
0006,葛洲坝,11114602,417,10.8,29
0006,葛洲坝,11114602,436,11.3,29
0006,葛洲坝,11114602,440,11.4,29
0006,葛洲坝,11114602,459,11.9,29
0006,葛洲坝,11114602,463,12,29
0006,葛洲坝,11114602,478,12.4,29
0006,葛洲坝,11114602,482,12.5,29
0006,葛洲坝,11114602,497,12.9,29
0006,葛洲坝,11114602,501,13,29
0006,葛洲坝,11114602,516,13.4,29
0006,葛洲坝,11114602,520,13.5,29
0006,葛洲坝,11114602,535,13.9,29
0006,葛洲坝,11114602,539,14,29
0006,葛洲坝,11114602,554,14.4,29
0006,葛洲坝,11114602,558,14.5,29
0006,葛洲坝,11114602,569,14.8,29
0006,葛洲坝,11114602,573,14.9,29
0006,葛洲坝,11114602,588,15.3,29
0006,葛洲坝,11114602,592,15.4,29
0006,葛洲坝,11114602,615,16,29
0006,葛洲坝,11114602,619,16.1,29
0006,葛洲坝,11114602,650,16.9,29
0006,葛洲坝,11114602,654,17,29
0006,葛洲坝,11114602,689,17.9,29
0006,葛洲坝,11114602,693,18,29
0006,葛洲坝,11114602,698,18.1,29
0006,葛洲坝,11114602,702,18.2,29
0006,葛洲坝,11114602,747,19.3,29
0006,葛洲坝,11114602,751,19.4,29
0006,葛洲坝,11114602,66,0,30
0006,葛洲坝,11114602,67,0.1,30
0006,葛洲坝,11114602,71,0.4,30
0006,葛洲坝,11114602,86,1.1,30
0006,葛洲坝,11114602,94,1.4,30
0006,葛洲坝,11114602,98,1.5,30
0006,葛洲坝,11114602,100,1.6,30
0006,葛洲坝,11114602,107,1.9,30
0006,葛洲坝,11114602,109,2,30
0006,葛洲坝,11114602,112,2.1,30
0006,葛洲坝,11114602,114,2.2,30
0006,葛洲坝,11114602,117,2.3,30
0006,葛洲坝,11114602,133,2.8,30
0006,葛洲坝,11114602,136,2.9,30
0006,葛洲坝,11114602,146,3.2,30
0006,葛洲坝,11114602,149,3.3,30
0006,葛洲坝,11114602,156,3.5,30
0006,葛洲坝,11114602,159,3.6,30
0006,葛洲坝,11114602,202,5,30
0006,葛洲坝,11114602,205,5.1,30
0006,葛洲坝,11114602,215,5.4,30
0006,葛洲坝,11114602,222,5.6,30
0006,葛洲坝,11114602,229,5.8,30
0006,葛洲坝,11114602,240,6.1,30
0006,葛洲坝,11114602,253,6.5,30
0006,葛洲坝,11114602,256,6.6,30
0006,葛洲坝,11114602,263,6.8,30
0006,葛洲坝,11114602,274,7.1,30
0006,葛洲坝,11114602,284,7.4,30
0006,葛洲坝,11114602,291,7.6,30
0006,葛洲坝,11114602,298,7.8,30
0006,葛洲坝,11114602,309,8.1,30
0006,葛洲坝,11114602,322,8.5,30
0006,葛洲坝,11114602,325,8.6,30
0006,葛洲坝,11114602,329,8.7,30
0006,葛洲坝,11114602,344,9.1,30
0006,葛洲坝,11114602,348,9.2,30
0006,葛洲坝,11114602,363,9.6,30
0006,葛洲坝,11114602,370,9.8,30
0006,葛洲坝,11114602,381,10.1,30
0006,葛洲坝,11114602,388,10.3,30
0006,葛洲坝,11114602,399,10.6,30
0006,葛洲坝,11114602,409,10.9,30
0006,葛洲坝,11114602,416,11.1,30
0006,葛洲坝,11114602,426,11.4,30
0006,葛洲坝,11114602,445,11.9,30
0006,葛洲坝,11114602,449,12,30
0006,葛洲坝,11114602,456,12.2,30
0006,葛洲坝,11114602,460,12.3,30
0006,葛洲坝,11114602,467,12.5,30
0006,葛洲坝,11114602,471,12.6,30
0006,葛洲坝,11114602,482,12.9,30
0006,葛洲坝,11114602,486,13,30
0006,葛洲坝,11114602,493,13.2,30
0006,葛洲坝,11114602,497,13.3,30
0006,葛洲坝,11114602,504,13.5,30
0006,葛洲坝,11114602,508,13.6,30
0006,葛洲坝,11114602,515,13.8,30
0006,葛洲坝,11114602,519,13.9,30
0006,葛洲坝,11114602,526,14.1,30
0006,葛洲坝,11114602,530,14.2,30
0006,葛洲坝,11114602,537,14.4,30
0006,葛洲坝,11114602,541,14.5,30
0006,葛洲坝,11114602,548,14.7,30
0006,葛洲坝,11114602,552,14.8,30
0006,葛洲坝,11114602,559,15,30
0006,葛洲坝,11114602,563,15.1,30
0006,葛洲坝,11114602,574,15.4,30
0006,葛洲坝,11114602,578,15.5,30
0006,葛洲坝,11114602,585,15.7,30
0006,葛洲坝,11114602,589,15.8,30
0006,葛洲坝,11114602,600,16.1,30
0006,葛洲坝,11114602,604,16.2,30
0006,葛洲坝,11114602,615,16.5,30
0006,葛洲坝,11114602,619,16.6,30
0006,葛洲坝,11114602,630,16.9,30
0006,葛洲坝,11114602,634,17,30
0006,葛洲坝,11114602,645,17.3,30
0006,葛洲坝,11114602,649,17.4,30
0006,葛洲坝,11114602,664,17.8,30
0006,葛洲坝,11114602,668,17.9,30
0006,葛洲坝,11114602,703,18.8,30
0006,葛洲坝,11114602,707,18.9,30
